opportunity_id,created_at,owner_email,region,industry,customer_segment,product_line,sales_stage,estimated_value,days_in_pipeline,engagement_score,meetings_count,competitor_present,discount_pct,proposal_sent,notes,outcome,actual_revenue,close_reason
OPP-00745,2025-08-16T05:34:00,analyst04@example.com,South,technology,Enterprise,data_platform,qualification,9294.52,45,26,9,False,0.014,True,Engagement has slowed and the proposal has not received internal sponsorship.,won,8785.18,Strong executive sponsorship and clear ROI case.
OPP-00679,2025-03-17T21:54:00,analyst52@example.com,Northeast,retail,SMB,automation,proposal,20873.79,145,55,0,True,0.018,True,The customer delayed the project and has not confirmed a decision timeline.,lost,0.0,Budget or timing constraints prevented the purchase.
OPP-02290,2025-03-20T14:06:00,analyst10@example.com,Midwest,manufacturing,SMB,data_platform,qualification,121432.0,74,31,8,True,0.09,False,A strong competitor is already deployed and switching costs are a concern.,won,121791.54,Good product fit and timely stakeholder engagement.
OPP-02488,2025-11-27T12:15:00,analyst37@example.com,South,financial_services,Mid-Market,analytics,discovery,54763.12,65,63,7,True,0.139,True,The opportunity remains active but timing depends on the next planning cycle.,won,51430.72,Strong executive sponsorship and clear ROI case.
OPP-00943,2025-05-22T13:45:00,analyst31@example.com,Northeast,financial_services,SMB,automation,negotiation,11074.03,43,43,2,True,0.123,True,Customer is still comparing alternatives and gathering internal feedback. Primary contact: buyer099@example.com.,lost,0.0,Insufficient stakeholder engagement and unclear business case.
OPP-02822,2026-01-25T01:30:00,analyst29@example.com,Midwest,healthcare,SMB,security,proposal,6652.31,107,89,8,False,0.011,True,Technical evaluation is progressing well and the customer requested implementation details.,won,6642.38,Good product fit and timely stakeholder engagement.
OPP-00290,2025-02-27T04:34:00,analyst05@example.com,Northeast,technology,Mid-Market,data_platform,qualification,26326.93,41,82,4,True,0.022,False,Stakeholders are interested but the business case is still being refined.,won,27002.09,Good product fit and timely stakeholder engagement.
OPP-00434,2025-04-18T15:25:00,analyst35@example.com,Midwest,manufacturing,Mid-Market,data_platform,proposal,41090.3,13,61,10,False,0.008,True,Discovery is ongoing and the team requested additional product information.,won,42071.09,Successful technical evaluation with approved budget.
OPP-02673,2025-05-11T13:55:00,analyst51@example.com,Northeast,healthcare,Mid-Market,data_platform,discovery,9969.6,175,24,0,False,0.229,True,The customer delayed the project and has not confirmed a decision timeline.,lost,0.0,Budget or timing constraints prevented the purchase.
OPP-02474,2025-12-10T13:04:00,analyst23@example.com,Midwest,manufacturing,SMB,automation,discovery,12609.75,161,46,3,False,0.205,False,Discovery is ongoing and the team requested additional product information.,lost,0.0,Budget or timing constraints prevented the purchase.
OPP-00145,2025-10-10T00:29:00,analyst31@example.com,Midwest,financial_services,Mid-Market,automation,proposal,21813.87,66,78,6,True,0.14,True,The opportunity remains active but timing depends on the next planning cycle.,lost,0.0,Budget or timing constraints prevented the purchase.
OPP-00045,2026-02-21T16:53:00,analyst45@example.com,Midwest,technology,SMB,data_platform,negotiation,37505.31,43,72,8,False,0.093,True,Technical evaluation is progressing well and the customer requested implementation details.,lost,0.0,Budget or timing constraints prevented the purchase.
OPP-00064,2025-12-21T16:31:00,analyst07@example.com,Midwest,healthcare,Mid-Market,analytics,negotiation,25119.42,160,71,6,True,0.211,True,Engagement has slowed and the proposal has not received internal sponsorship. Primary contact: buyer064@example.com.,won,24984.62,Good product fit and timely stakeholder engagement.
OPP-02715,2025-06-06T12:15:00,analyst36@example.com,West,financial_services,SMB,analytics,proposal,99819.27,112,82,9,True,0.077,True,Budget is uncertain and the main decision maker has not joined recent meetings.,won,98747.08,Strong executive sponsorship and clear ROI case.
OPP-02010,2025-05-22T12:24:00,analyst15@example.com,South,technology,Mid-Market,automation,proposal,43600.28,50,92,3,False,0.1,True,Decision makers attended the latest meeting and asked for a final proposal.,won,40610.42,Successful technical evaluation with approved budget.
OPP-01722,2025-02-11T23:44:00,analyst12@example.com,Midwest,retail,Mid-Market,security,discovery,26390.04,159,27,7,False,0.066,False,Budget is uncertain and the main decision maker has not joined recent meetings.,lost,0.0,Budget or timing constraints prevented the purchase.
OPP-00197,2025-07-31T22:14:00,analyst26@example.com,West,retail,Enterprise,automation,discovery,26493.62,110,92,8,True,0.196,False,A strong competitor is already deployed and switching costs are a concern. Primary contact: buyer197@example.com.,lost,0.0,Insufficient stakeholder engagement and unclear business case.
OPP-00185,2025-01-15T17:00:00,analyst14@example.com,Northeast,financial_services,SMB,automation,qualification,8875.24,36,61,10,False,0.105,False,Customer is still comparing alternatives and gathering internal feedback.,lost,0.0,Insufficient stakeholder engagement and unclear business case.
OPP-02038,2025-03-23T16:08:00,analyst43@example.com,South,technology,SMB,data_platform,discovery,15935.99,29,61,0,True,0.071,True,Discovery is ongoing and the team requested additional product information.,lost,0.0,Budget or timing constraints prevented the purchase.
OPP-00760,2025-12-10T10:57:00,analyst19@example.com,Midwest,financial_services,Mid-Market,security,negotiation,39555.37,114,78,1,False,0.222,True,Technical evaluation is progressing well and the customer requested implementation details.,lost,0.0,Budget or timing constraints prevented the purchase.
OPP-00193,2025-08-11T03:14:00,analyst22@example.com,West,financial_services,SMB,security,proposal,18313.55,119,55,1,False,0.209,True,Customer is still comparing alternatives and gathering internal feedback.,won,18788.77,Good product fit and timely stakeholder engagement.
OPP-00868,2025-09-11T18:18:00,analyst13@example.com,South,technology,SMB,data_platform,negotiation,22578.63,168,72,5,True,0.22,True,The customer delayed the project and has not confirmed a decision timeline.,lost,0.0,Insufficient stakeholder engagement and unclear business case.
OPP-01946,2025-08-31T14:21:00,analyst08@example.com,Midwest,financial_services,Enterprise,data_platform,proposal,10768.64,70,27,4,False,0.184,True,Budget is uncertain and the main decision maker has not joined recent meetings.,lost,0.0,Budget or timing constraints prevented the purchase.
OPP-00175,2025-07-08T16:24:00,analyst04@example.com,South,technology,Mid-Market,data_platform,proposal,6076.2,134,65,10,False,0.191,True,Stakeholders are interested but the business case is still being refined.,won,5820.19,Successful technical evaluation with approved budget.
OPP-00568,2025-01-29T06:20:00,analyst55@example.com,West,retail,Mid-Market,analytics,negotiation,13867.98,25,43,1,True,0.142,True,Customer is still comparing alternatives and gathering internal feedback.,lost,0.0,Competitor preference and switching costs reduced win likelihood.
OPP-01836,2026-02-10T22:08:00,analyst12@example.com,South,technology,SMB,automation,discovery,44291.72,176,39,9,True,0.17,False,The customer delayed the project and has not confirmed a decision timeline.,lost,0.0,Budget or timing constraints prevented the purchase.
OPP-01744,2025-03-26T21:44:00,analyst34@example.com,Northeast,retail,Mid-Market,analytics,proposal,51753.06,149,22,5,True,0.225,True,A strong competitor is already deployed and switching costs are a concern. Primary contact: buyer056@example.com.,lost,0.0,Insufficient stakeholder engagement and unclear business case.
OPP-00053,2025-03-21T05:29:00,analyst53@example.com,Midwest,healthcare,Enterprise,security,negotiation,135699.0,106,86,5,True,0.11,True,The customer delayed the project and has not confirmed a decision timeline.,won,138878.71,Good product fit and timely stakeholder engagement.
OPP-01777,2025-04-01T05:49:00,analyst10@example.com,Northeast,financial_services,SMB,security,discovery,39145.51,102,75,4,True,0.228,False,Budget is uncertain and the main decision maker has not joined recent meetings.,won,36680.59,Good product fit and timely stakeholder engagement.
OPP-02336,2025-11-01T09:33:00,analyst56@example.com,West,financial_services,Enterprise,security,discovery,26463.3,18,83,3,True,0.037,False,Customer is still comparing alternatives and gathering internal feedback.,won,24511.54,Good product fit and timely stakeholder engagement.
OPP-02431,2026-02-20T12:27:00,analyst37@example.com,Midwest,financial_services,SMB,data_platform,negotiation,42065.14,170,84,0,False,0.084,True,Budget is approved and procurement has provided a target decision date.,won,41861.0,Strong executive sponsorship and clear ROI case.
OPP-00195,2025-02-04T04:39:00,analyst24@example.com,Midwest,technology,SMB,automation,discovery,126877.94,109,28,4,False,0.053,False,The customer delayed the project and has not confirmed a decision timeline. Primary contact: buyer195@example.com.,lost,0.0,Competitor preference and switching costs reduced win likelihood.
OPP-00299,2025-02-21T14:32:00,analyst14@example.com,Midwest,financial_services,SMB,security,negotiation,15649.12,170,77,1,True,0.215,True,The customer delayed the project and has not confirmed a decision timeline. Primary contact: buyer088@example.com.,lost,0.0,Budget or timing constraints prevented the purchase.
OPP-02739,2025-04-16T11:23:00,analyst03@example.com,West,healthcare,Mid-Market,security,discovery,23603.59,27,89,2,True,0.126,True,The opportunity remains active but timing depends on the next planning cycle. Primary contact: buyer207@example.com.,lost,0.0,Competitor preference and switching costs reduced win likelihood.
OPP-02120,2026-01-07T20:23:00,analyst11@example.com,West,retail,Mid-Market,automation,discovery,86754.86,177,80,3,False,0.04,False,Stakeholders are interested but the business case is still being refined.,lost,0.0,Budget or timing constraints prevented the purchase.
OPP-02372,2026-01-04T23:35:00,analyst35@example.com,South,technology,Mid-Market,data_platform,qualification,15138.85,107,50,9,True,0.123,False,Engagement has slowed and the proposal has not received internal sponsorship.,lost,0.0,Budget or timing constraints prevented the purchase.
OPP-01162,2025-06-19T08:03:00,analyst22@example.com,Midwest,financial_services,Mid-Market,security,negotiation,27512.36,109,31,6,True,0.091,True,Engagement has slowed and the proposal has not received internal sponsorship.,lost,0.0,Competitor preference and switching costs reduced win likelihood.
OPP-02478,2025-02-18T04:08:00,analyst27@example.com,Midwest,technology,SMB,security,qualification,12848.38,114,15,5,False,0.091,True,Engagement has slowed and the proposal has not received internal sponsorship.,lost,0.0,Competitor preference and switching costs reduced win likelihood.
OPP-01114,2025-06-29T04:21:00,analyst31@example.com,West,financial_services,Enterprise,security,qualification,33528.0,52,23,7,False,0.181,True,Budget is uncertain and the main decision maker has not joined recent meetings. Primary contact: buyer059@example.com.,won,32966.11,Strong executive sponsorship and clear ROI case.
OPP-02764,2025-03-06T10:10:00,analyst28@example.com,West,financial_services,SMB,analytics,qualification,20609.7,56,31,7,False,0.266,False,The customer delayed the project and has not confirmed a decision timeline. Primary contact: buyer021@example.com.,lost,0.0,Competitor preference and switching costs reduced win likelihood.
OPP-02912,2026-02-16T09:10:00,analyst05@example.com,Midwest,financial_services,Enterprise,security,proposal,25466.32,121,21,1,False,0.096,True,Engagement has slowed and the proposal has not received internal sponsorship. Primary contact: buyer169@example.com.,lost,0.0,Competitor preference and switching costs reduced win likelihood.
OPP-02204,2025-07-17T06:59:00,analyst38@example.com,Northeast,technology,SMB,automation,qualification,18684.4,116,37,2,False,0.171,False,The customer delayed the project and has not confirmed a decision timeline.,lost,0.0,Budget or timing constraints prevented the purchase.
OPP-01652,2025-08-17T13:09:00,analyst56@example.com,Northeast,healthcare,SMB,security,discovery,30770.85,131,53,5,False,0.232,False,Discovery is ongoing and the team requested additional product information. Primary contact: buyer175@example.com.,lost,0.0,Competitor preference and switching costs reduced win likelihood.
OPP-01658,2025-01-04T01:13:00,analyst05@example.com,Northeast,healthcare,Mid-Market,automation,proposal,31153.28,125,78,4,True,0.005,True,Engagement has slowed and the proposal has not received internal sponsorship.,won,30039.36,Successful technical evaluation with approved budget.
OPP-01243,2025-04-07T19:57:00,analyst46@example.com,Northeast,technology,Mid-Market,analytics,qualification,6393.12,154,54,0,False,0.085,False,Customer is still comparing alternatives and gathering internal feedback.,lost,0.0,Budget or timing constraints prevented the purchase.
OPP-01028,2025-09-28T10:33:00,analyst02@example.com,Midwest,healthcare,SMB,data_platform,discovery,50724.38,137,53,9,False,0.252,False,The opportunity remains active but timing depends on the next planning cycle.,lost,0.0,Insufficient stakeholder engagement and unclear business case.
OPP-01673,2025-12-18T08:14:00,analyst20@example.com,Northeast,healthcare,SMB,security,qualification,42263.06,74,82,9,True,0.246,False,The opportunity remains active but timing depends on the next planning cycle.,won,42474.96,Strong executive sponsorship and clear ROI case.
OPP-01371,2025-07-12T03:06:00,analyst03@example.com,West,financial_services,Mid-Market,automation,qualification,46738.91,169,20,9,False,0.207,False,A strong competitor is already deployed and switching costs are a concern.,lost,0.0,Insufficient stakeholder engagement and unclear business case.
OPP-00799,2025-11-13T20:45:00,analyst01@example.com,Midwest,healthcare,SMB,analytics,discovery,7911.2,143,76,4,False,0.255,True,Executive sponsor is engaged and the buying team confirmed a clear business need.,won,7313.45,Successful technical evaluation with approved budget.
OPP-00315,2025-04-12T02:49:00,analyst30@example.com,West,healthcare,Mid-Market,automation,proposal,38159.73,177,61,0,True,0.102,True,Budget is uncertain and the main decision maker has not joined recent meetings.,lost,0.0,Budget or timing constraints prevented the purchase.
OPP-01868,2025-07-22T17:41:00,analyst44@example.com,Midwest,financial_services,Mid-Market,security,discovery,71471.58,97,45,0,True,0.089,True,Budget is uncertain and the main decision maker has not joined recent meetings.,lost,0.0,Budget or timing constraints prevented the purchase.
OPP-00015,2026-02-08T04:17:00,analyst15@example.com,Midwest,technology,Enterprise,data_platform,discovery,24040.34,82,93,10,False,0.187,False,The opportunity remains active but timing depends on the next planning cycle. Primary contact: buyer015@example.com.,lost,0.0,Budget or timing constraints prevented the purchase.
OPP-01011,2025-03-24T06:51:00,analyst42@example.com,West,retail,SMB,analytics,proposal,33360.26,179,78,4,False,0.192,True,Technical evaluation is progressing well and the customer requested implementation details.,won,33799.54,Good product fit and timely stakeholder engagement.
OPP-02830,2025-06-08T09:57:00,analyst37@example.com,Northeast,healthcare,SMB,analytics,discovery,59270.65,151,69,2,False,0.259,True,The opportunity remains active but timing depends on the next planning cycle. Primary contact: buyer087@example.com.,won,57506.92,Good product fit and timely stakeholder engagement.
OPP-02712,2025-02-26T04:39:00,analyst33@example.com,West,retail,Enterprise,security,qualification,25754.69,154,38,7,False,0.177,False,Engagement has slowed and the proposal has not received internal sponsorship.,lost,0.0,Insufficient stakeholder engagement and unclear business case.
OPP-00344,2026-01-12T05:40:00,analyst02@example.com,Midwest,technology,Mid-Market,data_platform,discovery,13849.8,85,40,6,True,0.175,False,A strong competitor is already deployed and switching costs are a concern.,lost,0.0,Insufficient stakeholder engagement and unclear business case.
OPP-01570,2026-02-09T14:05:00,analyst31@example.com,Northeast,technology,Mid-Market,security,negotiation,12537.28,85,89,9,False,0.078,True,Budget is approved and procurement has provided a target decision date. Primary contact: buyer093@example.com.,won,11567.44,Successful technical evaluation with approved budget.
OPP-01222,2026-01-26T13:46:00,analyst25@example.com,Northeast,healthcare,SMB,data_platform,discovery,23076.19,113,27,8,True,0.196,False,Budget is uncertain and the main decision maker has not joined recent meetings. Primary contact: buyer167@example.com.,lost,0.0,Insufficient stakeholder engagement and unclear business case.
OPP-00176,2025-01-07T11:54:00,analyst05@example.com,Northeast,healthcare,SMB,analytics,qualification,335504.88,61,97,3,False,0.075,False,Customer is still comparing alternatives and gathering internal feedback.,won,332556.08,Strong executive sponsorship and clear ROI case.
OPP-02154,2025-10-29T19:40:00,analyst45@example.com,South,financial_services,SMB,analytics,proposal,17269.7,166,74,5,True,0.194,True,Budget is uncertain and the main decision maker has not joined recent meetings. Primary contact: buyer044@example.com.,lost,0.0,Insufficient stakeholder engagement and unclear business case.
OPP-02841,2025-12-30T10:46:00,analyst48@example.com,South,technology,SMB,data_platform,qualification,70743.37,179,89,3,False,0.118,False,Customer is still comparing alternatives and gathering internal feedback.,lost,0.0,Budget or timing constraints prevented the purchase.
OPP-00677,2025-08-20T20:04:00,analyst50@example.com,South,manufacturing,Enterprise,security,discovery,24423.85,22,45,6,False,0.123,True,Discovery is ongoing and the team requested additional product information.,lost,0.0,Insufficient stakeholder engagement and unclear business case.
OPP-02338,2025-10-08T07:53:00,analyst01@example.com,South,manufacturing,Enterprise,security,discovery,22618.92,93,32,5,False,0.156,False,The customer delayed the project and has not confirmed a decision timeline. Primary contact: buyer017@example.com.,lost,0.0,Competitor preference and switching costs reduced win likelihood.
OPP-01921,2025-01-13T11:46:00,analyst40@example.com,South,financial_services,SMB,security,proposal,73714.79,115,19,10,True,0.046,True,Budget is uncertain and the main decision maker has not joined recent meetings.,lost,0.0,Competitor preference and switching costs reduced win likelihood.
OPP-02998,2025-12-25T22:39:00,analyst34@example.com,South,technology,SMB,data_platform,proposal,31380.74,150,86,8,False,0.193,True,Budget is approved and procurement has provided a target decision date.,lost,0.0,Budget or timing constraints prevented the purchase.
OPP-02646,2025-03-02T12:23:00,analyst24@example.com,South,retail,Mid-Market,automation,proposal,59335.85,73,43,7,True,0.159,True,Discovery is ongoing and the team requested additional product information.,lost,0.0,Budget or timing constraints prevented the purchase.
OPP-00756,2026-01-19T20:54:00,analyst15@example.com,West,technology,SMB,security,proposal,14127.66,100,75,4,False,0.153,True,Budget is approved and procurement has provided a target decision date.,lost,0.0,Competitor preference and switching costs reduced win likelihood.
OPP-01100,2025-01-25T01:16:00,analyst17@example.com,Northeast,manufacturing,SMB,analytics,proposal,46464.91,16,36,2,False,0.253,True,The customer delayed the project and has not confirmed a decision timeline.,lost,0.0,Budget or timing constraints prevented the purchase.
OPP-00052,2025-12-18T04:54:00,analyst52@example.com,Midwest,retail,SMB,data_platform,proposal,14069.15,111,37,3,True,0.151,True,The customer delayed the project and has not confirmed a decision timeline.,lost,0.0,Competitor preference and switching costs reduced win likelihood.
OPP-00507,2025-02-08T00:22:00,analyst51@example.com,West,technology,Mid-Market,automation,negotiation,58455.02,52,45,10,False,0.083,True,Stakeholders are interested but the business case is still being refined.,lost,0.0,Insufficient stakeholder engagement and unclear business case.
OPP-02669,2026-01-26T16:30:00,analyst47@example.com,Midwest,healthcare,Enterprise,automation,qualification,10276.45,129,56,2,False,0.174,False,The opportunity remains active but timing depends on the next planning cycle.,lost,0.0,Budget or timing constraints prevented the purchase.
OPP-01504,2025-01-17T16:59:00,analyst22@example.com,West,financial_services,Mid-Market,security,negotiation,38061.14,9,49,6,False,0.131,True,Discovery is ongoing and the team requested additional product information.,won,36671.13,Successful technical evaluation with approved budget.
OPP-01175,2025-08-05T13:05:00,analyst35@example.com,South,manufacturing,Enterprise,automation,qualification,19257.16,152,27,4,False,0.0,False,The customer delayed the project and has not confirmed a decision timeline.,lost,0.0,Budget or timing constraints prevented the purchase.
OPP-02179,2025-06-08T13:49:00,analyst13@example.com,Midwest,healthcare,Mid-Market,automation,proposal,38150.32,129,22,5,False,0.124,True,Engagement has slowed and the proposal has not received internal sponsorship.,lost,0.0,Competitor preference and switching costs reduced win likelihood.
OPP-00103,2025-12-15T00:06:00,analyst46@example.com,South,retail,Mid-Market,automation,qualification,21429.71,177,39,2,False,0.179,False,Budget is uncertain and the main decision maker has not joined recent meetings. Primary contact: buyer103@example.com.,lost,0.0,Budget or timing constraints prevented the purchase.
OPP-01611,2025-06-03T04:59:00,analyst15@example.com,Northeast,retail,SMB,analytics,discovery,16562.12,74,74,6,False,0.103,True,Executive sponsor is engaged and the buying team confirmed a clear business need. Primary contact: buyer134@example.com.,won,16768.51,Successful technical evaluation with approved budget.
OPP-02608,2025-01-09T04:07:00,analyst43@example.com,Northeast,financial_services,Mid-Market,data_platform,qualification,43300.23,135,38,7,False,0.032,False,A strong competitor is already deployed and switching costs are a concern.,won,40842.0,Strong executive sponsorship and clear ROI case.
OPP-00437,2025-11-18T06:19:00,analyst38@example.com,West,healthcare,Mid-Market,automation,qualification,18305.72,129,38,8,False,0.126,False,A strong competitor is already deployed and switching costs are a concern.,lost,0.0,Competitor preference and switching costs reduced win likelihood.
OPP-02651,2025-03-09T19:17:00,analyst29@example.com,Midwest,retail,Mid-Market,analytics,negotiation,5420.81,75,94,1,False,0.246,True,Executive sponsor is engaged and the buying team confirmed a clear business need.,won,5242.17,Successful technical evaluation with approved budget.
OPP-01045,2026-02-11T16:07:00,analyst19@example.com,Midwest,technology,Mid-Market,automation,discovery,30212.78,164,76,9,True,0.267,False,Budget is uncertain and the main decision maker has not joined recent meetings.,lost,0.0,Insufficient stakeholder engagement and unclear business case.
OPP-01710,2025-08-21T23:44:00,analyst00@example.com,Northeast,financial_services,SMB,analytics,proposal,31286.35,173,17,5,True,0.176,True,The customer delayed the project and has not confirmed a decision timeline.,lost,0.0,Insufficient stakeholder engagement and unclear business case.
OPP-02879,2025-08-20T07:07:00,analyst29@example.com,South,financial_services,Mid-Market,analytics,discovery,30062.91,121,77,3,False,0.209,False,Stakeholders are interested but the business case is still being refined.,won,30062.65,Strong executive sponsorship and clear ROI case.
OPP-02091,2025-06-06T19:48:00,analyst39@example.com,South,financial_services,SMB,analytics,proposal,22002.61,157,46,7,True,0.032,True,Engagement has slowed and the proposal has not received internal sponsorship.,won,20262.78,Successful technical evaluation with approved budget.
OPP-00323,2025-11-20T19:18:00,analyst38@example.com,West,technology,Enterprise,security,qualification,16249.91,19,100,5,True,0.2,False,The opportunity remains active but timing depends on the next planning cycle.,won,15106.5,Good product fit and timely stakeholder engagement.
OPP-02709,2025-05-05T13:35:00,analyst30@example.com,Midwest,manufacturing,SMB,data_platform,qualification,25089.06,137,24,1,True,0.22,True,Engagement has slowed and the proposal has not received internal sponsorship. Primary contact: buyer177@example.com.,lost,0.0,Budget or timing constraints prevented the purchase.
OPP-01272,2025-02-16T15:43:00,analyst18@example.com,Northeast,technology,SMB,data_platform,proposal,11256.11,95,35,6,True,0.052,True,A strong competitor is already deployed and switching costs are a concern.,lost,0.0,Competitor preference and switching costs reduced win likelihood.
OPP-02378,2025-05-10T01:47:00,analyst41@example.com,South,healthcare,SMB,analytics,negotiation,50810.87,6,71,2,True,0.009,True,The opportunity remains active but timing depends on the next planning cycle.,lost,0.0,Insufficient stakeholder engagement and unclear business case.
OPP-02033,2025-01-18T03:46:00,analyst38@example.com,West,technology,SMB,data_platform,qualification,12690.95,96,20,0,True,0.232,False,A strong competitor is already deployed and switching costs are a concern. Primary contact: buyer134@example.com.,lost,0.0,Competitor preference and switching costs reduced win likelihood.
OPP-01152,2025-04-05T00:41:00,analyst12@example.com,South,healthcare,Mid-Market,data_platform,negotiation,6414.52,78,85,9,True,0.076,True,Stakeholders are interested but the business case is still being refined.,won,6194.87,Good product fit and timely stakeholder engagement.
OPP-00473,2026-01-18T16:19:00,analyst17@example.com,West,retail,Mid-Market,analytics,qualification,46115.48,104,66,9,True,0.052,True,Engagement has slowed and the proposal has not received internal sponsorship.,lost,0.0,Insufficient stakeholder engagement and unclear business case.
OPP-02899,2025-12-13T15:15:00,analyst49@example.com,Northeast,manufacturing,SMB,analytics,qualification,26683.13,173,68,6,False,0.185,False,The opportunity remains active but timing depends on the next planning cycle. Primary contact: buyer156@example.com.,won,25182.62,Good product fit and timely stakeholder engagement.
OPP-01365,2026-02-26T07:07:00,analyst54@example.com,South,manufacturing,Mid-Market,automation,proposal,21963.69,18,100,6,True,0.143,True,Customer is still comparing alternatives and gathering internal feedback.,won,21267.89,Strong executive sponsorship and clear ROI case.
OPP-02078,2025-03-07T03:54:00,analyst26@example.com,Midwest,technology,SMB,analytics,qualification,21969.54,167,63,2,False,0.144,False,Customer is still comparing alternatives and gathering internal feedback.,lost,0.0,Budget or timing constraints prevented the purchase.
OPP-02244,2025-11-20T14:43:00,analyst21@example.com,Northeast,manufacturing,Mid-Market,analytics,discovery,23928.67,32,48,1,False,0.086,True,Discovery is ongoing and the team requested additional product information. Primary contact: buyer134@example.com.,won,24067.91,Good product fit and timely stakeholder engagement.
OPP-00680,2025-10-09T23:14:00,analyst53@example.com,South,technology,SMB,analytics,proposal,40803.34,62,95,0,False,0.021,True,Decision makers attended the latest meeting and asked for a final proposal.,won,39271.83,Good product fit and timely stakeholder engagement.
OPP-00953,2025-08-24T14:31:00,analyst41@example.com,West,technology,SMB,data_platform,qualification,16436.03,10,83,0,False,0.259,False,The opportunity remains active but timing depends on the next planning cycle. Primary contact: buyer109@example.com.,won,16198.59,Successful technical evaluation with approved budget.
OPP-00999,2025-10-10T15:50:00,analyst30@example.com,Northeast,manufacturing,SMB,analytics,discovery,97826.77,15,64,2,False,0.141,False,The opportunity remains active but timing depends on the next planning cycle.,lost,0.0,Insufficient stakeholder engagement and unclear business case.
OPP-01126,2025-07-25T02:29:00,analyst43@example.com,South,financial_services,SMB,security,proposal,34673.26,108,75,1,False,0.038,True,Decision makers attended the latest meeting and asked for a final proposal.,won,35374.86,Successful technical evaluation with approved budget.
OPP-01937,2026-01-18T00:23:00,analyst56@example.com,West,healthcare,Mid-Market,analytics,discovery,35767.17,179,19,3,False,0.017,False,Engagement has slowed and the proposal has not received internal sponsorship. Primary contact: buyer038@example.com.,lost,0.0,Budget or timing constraints prevented the purchase.
OPP-02893,2025-02-11T12:17:00,analyst43@example.com,Midwest,financial_services,Mid-Market,analytics,negotiation,27016.84,34,81,2,False,0.057,True,Executive sponsor is engaged and the buying team confirmed a clear business need. Primary contact: buyer150@example.com.,won,25408.17,Strong executive sponsorship and clear ROI case.
OPP-02631,2026-01-20T22:07:00,analyst09@example.com,Midwest,manufacturing,SMB,security,discovery,14552.41,15,100,6,True,0.072,False,Stakeholders are interested but the business case is still being refined.,won,13948.78,Successful technical evaluation with approved budget.
OPP-02851,2025-09-22T08:54:00,analyst01@example.com,South,retail,Enterprise,data_platform,discovery,74800.19,23,75,6,False,0.189,False,Customer is still comparing alternatives and gathering internal feedback.,won,71030.58,Successful technical evaluation with approved budget.
OPP-02783,2025-01-20T20:35:00,analyst47@example.com,West,manufacturing,Mid-Market,security,discovery,12358.29,110,93,9,True,0.204,False,Engagement has slowed and the proposal has not received internal sponsorship.,lost,0.0,Insufficient stakeholder engagement and unclear business case.
OPP-02989,2025-07-03T10:46:00,analyst25@example.com,Midwest,manufacturing,Mid-Market,analytics,discovery,28997.39,92,15,6,True,0.043,False,The customer delayed the project and has not confirmed a decision timeline.,lost,0.0,Insufficient stakeholder engagement and unclear business case.
OPP-01209,2025-09-16T21:14:00,analyst12@example.com,West,retail,Mid-Market,data_platform,qualification,42552.67,113,69,4,False,0.019,True,Stakeholders are interested but the business case is still being refined.,won,43214.21,Strong executive sponsorship and clear ROI case.
OPP-02997,2025-05-18T18:29:00,analyst33@example.com,Midwest,healthcare,Mid-Market,automation,discovery,41206.29,55,94,10,False,0.042,False,Stakeholders are interested but the business case is still being refined. Primary contact: buyer043@example.com.,won,41594.44,Successful technical evaluation with approved budget.
OPP-01949,2026-02-11T21:30:00,analyst11@example.com,Midwest,retail,Mid-Market,security,discovery,18423.99,101,15,7,True,0.11,False,The customer delayed the project and has not confirmed a decision timeline. Primary contact: buyer050@example.com.,lost,0.0,Budget or timing constraints prevented the purchase.
OPP-00046,2025-08-31T02:01:00,analyst46@example.com,West,financial_services,Enterprise,security,qualification,76642.12,102,64,10,False,0.183,True,Discovery is ongoing and the team requested additional product information.,lost,0.0,Insufficient stakeholder engagement and unclear business case.
OPP-02425,2025-09-25T23:25:00,analyst31@example.com,South,technology,Mid-Market,automation,discovery,29743.01,162,79,3,False,0.23,False,Customer is still comparing alternatives and gathering internal feedback.,lost,0.0,Insufficient stakeholder engagement and unclear business case.
OPP-02498,2025-03-14T00:40:00,analyst47@example.com,West,financial_services,SMB,security,proposal,39803.17,160,77,5,True,0.181,True,Engagement has slowed and the proposal has not received internal sponsorship.,lost,0.0,Competitor preference and switching costs reduced win likelihood.
OPP-01242,2025-12-17T06:15:00,analyst45@example.com,Northeast,financial_services,SMB,analytics,discovery,48528.2,176,27,7,False,0.26,True,Engagement has slowed and the proposal has not received internal sponsorship. Primary contact: buyer187@example.com.,lost,0.0,Competitor preference and switching costs reduced win likelihood.
OPP-02622,2025-01-19T23:58:00,analyst00@example.com,West,manufacturing,Mid-Market,data_platform,proposal,29566.35,159,39,2,True,0.202,True,Engagement has slowed and the proposal has not received internal sponsorship.,won,28831.12,Successful technical evaluation with approved budget.
OPP-02383,2025-10-10T09:52:00,analyst46@example.com,Northeast,technology,Mid-Market,automation,qualification,16841.77,61,39,1,False,0.127,True,Engagement has slowed and the proposal has not received internal sponsorship. Primary contact: buyer062@example.com.,lost,0.0,Insufficient stakeholder engagement and unclear business case.
OPP-01396,2025-08-24T01:57:00,analyst28@example.com,West,retail,Mid-Market,security,discovery,44972.15,73,50,9,True,0.161,False,The opportunity remains active but timing depends on the next planning cycle.,won,46012.77,Strong executive sponsorship and clear ROI case.
OPP-00267,2026-03-07T04:30:00,analyst39@example.com,Midwest,healthcare,Mid-Market,security,discovery,69821.44,170,72,1,False,0.032,False,Stakeholders are interested but the business case is still being refined.,won,65609.58,Strong executive sponsorship and clear ROI case.
OPP-00094,2025-04-13T02:50:00,analyst37@example.com,Midwest,healthcare,Mid-Market,data_platform,proposal,13545.14,133,20,0,True,0.2,True,Engagement has slowed and the proposal has not received internal sponsorship. Primary contact: buyer094@example.com.,lost,0.0,Insufficient stakeholder engagement and unclear business case.
OPP-02758,2025-09-10T10:12:00,analyst22@example.com,Midwest,healthcare,Mid-Market,security,negotiation,31884.17,114,82,4,True,0.06,True,Budget is uncertain and the main decision maker has not joined recent meetings.,won,30008.15,Strong executive sponsorship and clear ROI case.
OPP-02820,2025-03-20T15:06:00,analyst27@example.com,South,financial_services,SMB,security,discovery,30671.7,27,42,7,False,0.006,False,Budget is uncertain and the main decision maker has not joined recent meetings.,won,31222.69,Strong executive sponsorship and clear ROI case.
OPP-02853,2025-05-16T06:55:00,analyst03@example.com,Northeast,technology,SMB,automation,qualification,78426.01,133,53,8,True,0.022,False,A strong competitor is already deployed and switching costs are a concern. Primary contact: buyer110@example.com.,won,78202.83,Good product fit and timely stakeholder engagement.
OPP-02241,2025-12-23T20:30:00,analyst18@example.com,West,financial_services,Enterprise,automation,proposal,21326.34,115,96,7,True,0.113,True,Budget is uncertain and the main decision maker has not joined recent meetings.,won,19650.03,Successful technical evaluation with approved budget.
OPP-01538,2025-10-31T22:50:00,analyst56@example.com,South,manufacturing,Enterprise,analytics,negotiation,54201.17,112,61,8,False,0.038,True,Stakeholders are interested but the business case is still being refined.,lost,0.0,Insufficient stakeholder engagement and unclear business case.
OPP-01226,2025-08-21T23:56:00,analyst29@example.com,Northeast,technology,SMB,data_platform,discovery,32024.94,29,66,6,False,0.058,False,Discovery is ongoing and the team requested additional product information.,won,29594.55,Successful technical evaluation with approved budget.
OPP-02625,2026-01-20T22:34:00,analyst03@example.com,South,retail,SMB,automation,proposal,16686.45,5,40,8,True,0.191,True,Budget is uncertain and the main decision maker has not joined recent meetings. Primary contact: buyer093@example.com.,won,16316.31,Successful technical evaluation with approved budget.
OPP-01406,2025-09-13T13:31:00,analyst38@example.com,Midwest,financial_services,Mid-Market,security,negotiation,33696.46,177,46,8,False,0.094,True,The opportunity remains active but timing depends on the next planning cycle.,lost,0.0,Competitor preference and switching costs reduced win likelihood.
OPP-00001,2025-07-22T21:44:00,analyst01@example.com,Northeast,technology,Mid-Market,automation,qualification,68073.97,144,26,9,True,0.008,True,Engagement has slowed and the proposal has not received internal sponsorship. Primary contact: buyer001@example.com.,lost,0.0,Insufficient stakeholder engagement and unclear business case.
OPP-00355,2025-05-29T06:13:00,analyst13@example.com,Northeast,retail,SMB,automation,qualification,40320.56,43,26,5,True,0.159,True,Engagement has slowed and the proposal has not received internal sponsorship. Primary contact: buyer144@example.com.,lost,0.0,Insufficient stakeholder engagement and unclear business case.
OPP-01833,2025-04-23T01:40:00,analyst09@example.com,West,manufacturing,Mid-Market,data_platform,proposal,70733.46,109,56,6,True,0.22,True,A strong competitor is already deployed and switching costs are a concern.,lost,0.0,Competitor preference and switching costs reduced win likelihood.
OPP-00865,2025-06-04T17:11:00,analyst10@example.com,Midwest,financial_services,Mid-Market,security,negotiation,43493.74,121,30,2,True,0.119,True,The customer delayed the project and has not confirmed a decision timeline.,lost,0.0,Budget or timing constraints prevented the purchase.
OPP-01451,2025-10-02T09:55:00,analyst26@example.com,West,retail,SMB,security,proposal,26730.89,71,53,3,False,0.055,True,Stakeholders are interested but the business case is still being refined.,won,26367.25,Strong executive sponsorship and clear ROI case.
OPP-02824,2025-03-18T11:16:00,analyst31@example.com,Northeast,financial_services,Mid-Market,security,discovery,9595.02,150,18,10,False,0.078,False,Engagement has slowed and the proposal has not received internal sponsorship. Primary contact: buyer081@example.com.,lost,0.0,Insufficient stakeholder engagement and unclear business case.
OPP-02343,2025-03-01T16:14:00,analyst06@example.com,South,retail,SMB,data_platform,qualification,18217.34,125,47,9,True,0.178,False,A strong competitor is already deployed and switching costs are a concern.,lost,0.0,Competitor preference and switching costs reduced win likelihood.
OPP-01764,2025-02-04T19:03:00,analyst54@example.com,Midwest,technology,Enterprise,analytics,discovery,24715.29,166,52,1,True,0.066,False,Engagement has slowed and the proposal has not received internal sponsorship.,lost,0.0,Budget or timing constraints prevented the purchase.
OPP-01802,2026-03-06T08:40:00,analyst35@example.com,South,technology,SMB,data_platform,discovery,43332.62,42,48,3,False,0.123,True,The opportunity remains active but timing depends on the next planning cycle. Primary contact: buyer114@example.com.,lost,0.0,Insufficient stakeholder engagement and unclear business case.
OPP-02844,2025-05-02T08:23:00,analyst51@example.com,West,  RETAIL  ,Mid-Market,security,discovery,26803.65,84,42,9,True,0.167,True,The customer delayed the project and has not confirmed a decision timeline.,lost,0.0,Budget or timing constraints prevented the purchase.
OPP-01831,2025-09-15T21:28:00,analyst07@example.com,West,retail,Enterprise,data_platform,discovery,30344.34,47,85,10,True,0.13,True,Discovery is ongoing and the team requested additional product information. Primary contact: buyer143@example.com.,won,30654.0,Successful technical evaluation with approved budget.
OPP-02382,2025-12-01T09:37:00,analyst45@example.com,Midwest,manufacturing,SMB,analytics,qualification,37835.28,124,33,4,True,0.206,False,A strong competitor is already deployed and switching costs are a concern.,lost,0.0,Competitor preference and switching costs reduced win likelihood.
OPP-02491,2025-09-15T02:43:00,analyst40@example.com,South,manufacturing,Enterprise,data_platform,qualification,35655.76,101,76,5,True,0.123,False,A strong competitor is already deployed and switching costs are a concern.,won,35754.35,Good product fit and timely stakeholder engagement.
OPP-00602,2025-10-07T22:42:00,analyst32@example.com,Midwest,retail,SMB,security,proposal,59881.04,26,59,10,False,0.184,True,Customer is still comparing alternatives and gathering internal feedback. Primary contact: buyer180@example.com.,won,58875.94,Strong executive sponsorship and clear ROI case.
OPP-02618,2025-12-17T21:29:00,analyst53@example.com,South,technology,SMB,data_platform,proposal,57722.22,75,90,6,False,0.174,True,Budget is approved and procurement has provided a target decision date. Primary contact: buyer086@example.com.,won,55594.5,Successful technical evaluation with approved budget.
OPP-00369,2026-01-28T12:24:00,analyst27@example.com,Midwest,manufacturing,Enterprise,data_platform,proposal,42233.67,39,16,3,True,0.004,True,A strong competitor is already deployed and switching costs are a concern.,won,42767.08,Successful technical evaluation with approved budget.
OPP-02878,2025-07-16T02:05:00,analyst28@example.com,Midwest,healthcare,SMB,automation,proposal,74911.5,56,19,3,False,0.144,True,Budget is uncertain and the main decision maker has not joined recent meetings.,lost,0.0,Competitor preference and switching costs reduced win likelihood.
OPP-01208,2025-07-12T03:19:00,analyst11@example.com,Northeast,manufacturing,Mid-Market,security,proposal,40487.11,41,44,10,False,0.225,True,The opportunity remains active but timing depends on the next planning cycle.,lost,0.0,Competitor preference and switching costs reduced win likelihood.
OPP-00332,2025-09-14T19:11:00,analyst47@example.com,Northeast,healthcare,Mid-Market,analytics,proposal,53363.92,56,38,10,True,0.025,True,The customer delayed the project and has not confirmed a decision timeline.,lost,0.0,Competitor preference and switching costs reduced win likelihood.
OPP-01136,2025-03-22T13:30:00,analyst53@example.com,South,manufacturing,Mid-Market,data_platform,negotiation,9652.4,166,50,1,True,0.151,True,Budget is uncertain and the main decision maker has not joined recent meetings.,lost,0.0,Competitor preference and switching costs reduced win likelihood.
OPP-01454,2025-12-07T05:14:00,analyst29@example.com,South,financial_services,SMB,automation,negotiation,6080.92,64,21,9,False,0.201,True,Budget is uncertain and the main decision maker has not joined recent meetings.,won,5816.58,Good product fit and timely stakeholder engagement.
OPP-02861,2025-03-18T14:37:00,analyst11@example.com,West,manufacturing,Mid-Market,analytics,qualification,17995.07,30,59,9,True,0.1,True,The opportunity remains active but timing depends on the next planning cycle.,lost,0.0,Competitor preference and switching costs reduced win likelihood.
OPP-01602,2025-03-29T04:13:00,analyst06@example.com,Northeast,manufacturing,Enterprise,security,negotiation,43903.59,157,50,1,False,0.262,True,Customer is still comparing alternatives and gathering internal feedback. Primary contact: buyer125@example.com.,lost,0.0,Competitor preference and switching costs reduced win likelihood.
OPP-01776,2025-02-11T17:51:00,analyst09@example.com,Northeast,technology,Mid-Market,data_platform,qualification,5535.32,96,63,5,True,0.22,True,Budget is uncertain and the main decision maker has not joined recent meetings.,lost,0.0,Competitor preference and switching costs reduced win likelihood.
OPP-00927,2025-03-02T21:17:00,analyst15@example.com,Northeast,retail,Mid-Market,security,qualification,21119.66,118,64,0,False,0.05,False,The opportunity remains active but timing depends on the next planning cycle.,lost,0.0,Competitor preference and switching costs reduced win likelihood.
OPP-00204,2025-06-05T13:30:00,analyst33@example.com,Northeast,manufacturing,Enterprise,data_platform,discovery,28866.62,80,98,3,True,0.023,True,Customer is still comparing alternatives and gathering internal feedback.,lost,0.0,Budget or timing constraints prevented the purchase.
OPP-00424,2025-10-31T00:32:00,analyst25@example.com,Midwest,financial_services,SMB,analytics,discovery,68623.58,54,100,1,True,0.247,False,Discovery is ongoing and the team requested additional product information.,lost,0.0,Budget or timing constraints prevented the purchase.
OPP-01279,2025-10-05T18:54:00,analyst25@example.com,South,technology,Enterprise,analytics,negotiation,48933.09,133,49,2,True,0.071,True,A strong competitor is already deployed and switching costs are a concern.,won,48655.47,Successful technical evaluation with approved budget.
OPP-01488,2025-11-21T00:28:00,analyst06@example.com,West,manufacturing,Enterprise,data_platform,discovery,29371.85,171,46,6,False,0.007,True,Stakeholders are interested but the business case is still being refined. Primary contact: buyer011@example.com.,lost,0.0,Budget or timing constraints prevented the purchase.
OPP-00638,2025-03-29T23:24:00,analyst11@example.com,Midwest,technology,SMB,security,qualification,25794.34,102,90,1,True,0.049,False,Budget is uncertain and the main decision maker has not joined recent meetings. Primary contact: buyer005@example.com.,lost,0.0,Budget or timing constraints prevented the purchase.
OPP-02785,2025-05-09T06:47:00,analyst49@example.com,Northeast,technology,Enterprise,data_platform,qualification,62655.04,54,98,3,False,0.066,False,Customer is still comparing alternatives and gathering internal feedback.,lost,0.0,Insufficient stakeholder engagement and unclear business case.
OPP-02708,2025-04-04T23:56:00,analyst29@example.com,Northeast,financial_services,Mid-Market,data_platform,discovery,35038.32,67,75,6,False,0.049,False,The opportunity remains active but timing depends on the next planning cycle. Primary contact: buyer176@example.com.,lost,0.0,Competitor preference and switching costs reduced win likelihood.
OPP-01270,2026-01-02T00:39:00,analyst16@example.com,Northeast,healthcare,Enterprise,data_platform,qualification,5000.0,67,87,8,False,0.195,False,Customer is still comparing alternatives and gathering internal feedback. Primary contact: buyer004@example.com.,won,4840.54,Successful technical evaluation with approved budget.
OPP-01307,2025-02-06T14:08:00,analyst53@example.com,Northeast,healthcare,Mid-Market,analytics,qualification,63226.25,6,92,2,True,0.166,False,Stakeholders are interested but the business case is still being refined.,lost,0.0,Competitor preference and switching costs reduced win likelihood.
OPP-02886,2025-06-21T15:55:00,analyst36@example.com,Northeast,manufacturing,Mid-Market,data_platform,proposal,84320.8,40,37,10,False,0.245,True,Budget is uncertain and the main decision maker has not joined recent meetings.,won,85989.66,Strong executive sponsorship and clear ROI case.
OPP-01661,2025-10-11T10:44:00,analyst08@example.com,Northeast,financial_services,SMB,data_platform,qualification,10216.02,75,89,8,True,0.271,False,Discovery is ongoing and the team requested additional product information.,won,9531.74,Strong executive sponsorship and clear ROI case.
OPP-00573,2025-08-29T09:38:00,analyst03@example.com,Midwest,healthcare,SMB,security,discovery,20869.08,129,43,5,False,0.013,False,Customer is still comparing alternatives and gathering internal feedback.,lost,0.0,Insufficient stakeholder engagement and unclear business case.
OPP-00252,2026-02-24T22:23:00,analyst24@example.com,South,technology,SMB,data_platform,qualification,18884.91,81,26,9,True,0.257,False,Engagement has slowed and the proposal has not received internal sponsorship. Primary contact: buyer041@example.com.,lost,0.0,Insufficient stakeholder engagement and unclear business case.
OPP-00153,2025-06-22T17:53:00,analyst39@example.com,West,technology,Enterprise,automation,proposal,76377.24,100,73,1,False,0.142,True,Executive sponsor is engaged and the buying team confirmed a clear business need.,lost,0.0,Budget or timing constraints prevented the purchase.
OPP-00795,2025-06-25T10:44:00,analyst54@example.com,West,technology,Enterprise,analytics,proposal,52060.06,33,86,7,True,0.182,True,Discovery is ongoing and the team requested additional product information.,won,52470.49,Strong executive sponsorship and clear ROI case.
OPP-00963,2025-07-11T05:12:00,analyst51@example.com,South,financial_services,SMB,analytics,qualification,13403.45,95,97,8,True,0.27,False,Stakeholders are interested but the business case is still being refined.,won,12972.15,Good product fit and timely stakeholder engagement.
OPP-01627,2025-08-01T01:00:00,analyst31@example.com,Midwest,financial_services,SMB,automation,discovery,30765.54,50,29,2,False,0.192,False,Budget is uncertain and the main decision maker has not joined recent meetings. Primary contact: buyer150@example.com.,won,29724.34,Successful technical evaluation with approved budget.
OPP-01581,2026-02-04T06:28:00,analyst42@example.com,Northeast,retail,Enterprise,automation,proposal,96130.89,130,21,4,False,0.199,True,Budget is uncertain and the main decision maker has not joined recent meetings.,lost,0.0,Budget or timing constraints prevented the purchase.
OPP-00840,2025-07-10T04:33:00,analyst42@example.com,South,financial_services,SMB,data_platform,qualification,65879.01,73,65,3,False,0.054,False,Customer is still comparing alternatives and gathering internal feedback.,lost,0.0,Budget or timing constraints prevented the purchase.
OPP-01254,2025-12-05T16:30:00,analyst00@example.com,West,manufacturing,SMB,security,discovery,29052.23,161,43,0,True,0.212,False,Budget is uncertain and the main decision maker has not joined recent meetings.,lost,0.0,Budget or timing constraints prevented the purchase.
OPP-02907,2025-07-11T17:47:00,analyst00@example.com,Northeast,financial_services,SMB,automation,negotiation,27687.4,135,96,6,True,0.174,True,The customer delayed the project and has not confirmed a decision timeline.,won,26917.78,Strong executive sponsorship and clear ROI case.
OPP-02968,2025-10-12T20:40:00,analyst04@example.com,West,retail,Mid-Market,security,discovery,58300.23,90,44,2,True,0.126,False,Discovery is ongoing and the team requested additional product information. Primary contact: buyer014@example.com.,lost,0.0,Insufficient stakeholder engagement and unclear business case.
OPP-00440,2025-12-13T08:42:00,analyst41@example.com,Northeast,technology,Mid-Market,security,proposal,48583.11,159,30,8,True,0.196,True,The customer delayed the project and has not confirmed a decision timeline.,lost,0.0,Insufficient stakeholder engagement and unclear business case.
OPP-02964,2025-02-27T15:19:00,analyst00@example.com,Midwest,technology,Enterprise,security,discovery,52848.96,61,61,9,False,0.078,False,Stakeholders are interested but the business case is still being refined.,lost,0.0,Insufficient stakeholder engagement and unclear business case.
OPP-01537,2025-04-21T02:07:00,analyst55@example.com,South,manufacturing,SMB,security,discovery,17422.35,18,55,4,False,0.091,False,Discovery is ongoing and the team requested additional product information. Primary contact: buyer060@example.com.,lost,0.0,Budget or timing constraints prevented the purchase.
OPP-02546,2025-05-11T19:02:00,analyst38@example.com,South,manufacturing,Mid-Market,security,qualification,12797.27,143,90,6,False,0.276,True,Executive sponsor is engaged and the buying team confirmed a clear business need.,won,12950.4,Good product fit and timely stakeholder engagement.
OPP-02483,2025-08-24T06:17:00,analyst32@example.com,Northeast,financial_services,SMB,automation,qualification,22813.99,50,90,5,False,0.204,False,Customer is still comparing alternatives and gathering internal feedback. Primary contact: buyer162@example.com.,won,21509.02,Successful technical evaluation with approved budget.
OPP-00622,2025-01-25T05:55:00,analyst52@example.com,Northeast,healthcare,SMB,automation,qualification,8525.01,35,98,3,True,0.129,False,Discovery is ongoing and the team requested additional product information.,lost,0.0,Competitor preference and switching costs reduced win likelihood.
OPP-01981,2025-04-03T20:51:00,analyst43@example.com,Northeast,financial_services,SMB,data_platform,negotiation,39755.63,79,98,1,True,0.098,True,The opportunity remains active but timing depends on the next planning cycle. Primary contact: buyer082@example.com.,lost,0.0,Budget or timing constraints prevented the purchase.
OPP-02476,2025-05-12T00:06:00,analyst25@example.com,West,financial_services,SMB,data_platform,proposal,22363.77,128,61,9,True,0.109,True,A strong competitor is already deployed and switching costs are a concern.,won,22311.59,Good product fit and timely stakeholder engagement.
OPP-00068,2025-08-19T12:55:00,analyst11@example.com,South,financial_services,Mid-Market,analytics,qualification,54051.32,149,89,7,False,0.247,False,The opportunity remains active but timing depends on the next planning cycle.,lost,0.0,Insufficient stakeholder engagement and unclear business case.
OPP-01592,2025-03-07T12:12:00,analyst53@example.com,West,technology,Mid-Market,data_platform,discovery,36408.94,94,48,2,False,0.14,True,The opportunity remains active but timing depends on the next planning cycle.,won,35498.04,Strong executive sponsorship and clear ROI case.
OPP-00322,2025-03-03T04:49:00,analyst37@example.com,Midwest,technology,Mid-Market,analytics,qualification,30897.93,107,94,3,True,0.026,True,A strong competitor is already deployed and switching costs are a concern.,won,29091.29,Successful technical evaluation with approved budget.
OPP-00694,2025-02-14T22:42:00,analyst10@example.com,Northeast,retail,Mid-Market,automation,qualification,43260.46,165,82,3,True,0.055,False,A strong competitor is already deployed and switching costs are a concern.,lost,0.0,Insufficient stakeholder engagement and unclear business case.
OPP-00255,2025-11-10T11:56:00,analyst27@example.com,West,manufacturing,Mid-Market,security,discovery,22800.1,38,32,7,False,0.137,False,A strong competitor is already deployed and switching costs are a concern. Primary contact: buyer044@example.com.,lost,0.0,Competitor preference and switching costs reduced win likelihood.
OPP-00582,2025-08-16T09:48:00,analyst12@example.com,Midwest,manufacturing,Mid-Market,data_platform,discovery,16217.26,89,32,2,False,0.232,True,A strong competitor is already deployed and switching costs are a concern.,lost,0.0,Budget or timing constraints prevented the purchase.
OPP-02779,2025-03-27T20:16:00,analyst43@example.com,West,healthcare,SMB,data_platform,qualification,33285.31,74,96,8,True,0.222,True,Customer is still comparing alternatives and gathering internal feedback.,won,32959.12,Good product fit and timely stakeholder engagement.
OPP-00247,2026-03-07T04:15:00,analyst19@example.com,South,manufacturing,SMB,security,proposal,10603.22,22,20,2,True,0.009,True,Engagement has slowed and the proposal has not received internal sponsorship.,won,10482.73,Good product fit and timely stakeholder engagement.
OPP-00773,2025-09-06T01:05:00,analyst32@example.com,Northeast,healthcare,Mid-Market,data_platform,qualification,63560.54,69,17,9,False,0.222,True,A strong competitor is already deployed and switching costs are a concern.,won,60932.44,Good product fit and timely stakeholder engagement.
OPP-02547,2025-09-18T04:12:00,analyst39@example.com,West,financial_services,Enterprise,data_platform,proposal,23957.88,165,24,5,True,0.254,True,Engagement has slowed and the proposal has not received internal sponsorship.,lost,0.0,Insufficient stakeholder engagement and unclear business case.
OPP-01002,2025-05-03T17:36:00,analyst33@example.com,South,retail,Mid-Market,data_platform,proposal,31025.24,136,40,1,False,0.006,True,Engagement has slowed and the proposal has not received internal sponsorship.,lost,0.0,Budget or timing constraints prevented the purchase.
OPP-01808,2025-05-05T08:54:00,analyst41@example.com,West,financial_services,Mid-Market,security,discovery,41577.49,100,79,6,True,0.147,False,Engagement has slowed and the proposal has not received internal sponsorship.,lost,0.0,Competitor preference and switching costs reduced win likelihood.
OPP-02903,2025-11-17T22:56:00,analyst53@example.com,South,technology,Mid-Market,automation,negotiation,16411.85,78,87,5,False,0.175,True,Technical evaluation is progressing well and the customer requested implementation details.,won,15946.34,Successful technical evaluation with approved budget.
OPP-00403,2026-03-02T23:16:00,analyst04@example.com,West,manufacturing,SMB,automation,qualification,56986.31,151,31,10,False,0.1,False,Budget is uncertain and the main decision maker has not joined recent meetings. Primary contact: buyer192@example.com.,lost,0.0,Competitor preference and switching costs reduced win likelihood.
OPP-01940,2025-05-10T17:31:00,analyst02@example.com,West,financial_services,Enterprise,data_platform,qualification,11097.65,130,84,8,True,0.276,False,A strong competitor is already deployed and switching costs are a concern.,won,10636.05,Successful technical evaluation with approved budget.
OPP-00480,2025-06-13T19:48:00,analyst24@example.com,Northeast,technology,Enterprise,analytics,discovery,18432.94,103,33,5,False,0.063,False,Budget is uncertain and the main decision maker has not joined recent meetings.,lost,0.0,Budget or timing constraints prevented the purchase.
OPP-00444,2026-02-22T11:05:00,analyst45@example.com,Midwest,retail,Enterprise,security,proposal,25623.27,71,29,4,True,0.025,True,A strong competitor is already deployed and switching costs are a concern.,lost,0.0,Budget or timing constraints prevented the purchase.
OPP-00791,2025-01-16T21:19:00,analyst50@example.com,West,financial_services,Mid-Market,data_platform,qualification,28446.09,152,50,0,True,0.098,False,Budget is uncertain and the main decision maker has not joined recent meetings.,lost,0.0,Insufficient stakeholder engagement and unclear business case.
OPP-02979,2025-04-06T10:13:00,analyst15@example.com,South,healthcare,Mid-Market,data_platform,qualification,19432.57,40,49,9,False,0.026,False,Customer is still comparing alternatives and gathering internal feedback. Primary contact: buyer025@example.com.,lost,0.0,Insufficient stakeholder engagement and unclear business case.
OPP-00125,2025-01-06T06:16:00,analyst11@example.com,South,financial_services,SMB,data_platform,discovery,11184.51,112,53,7,False,0.101,False,Stakeholders are interested but the business case is still being refined. Primary contact: buyer125@example.com.,lost,0.0,Competitor preference and switching costs reduced win likelihood.
OPP-00179,2026-02-11T20:05:00,analyst08@example.com,Northeast,retail,Enterprise,data_platform,negotiation,18303.32,154,88,3,True,0.2,True,The customer delayed the project and has not confirmed a decision timeline.,lost,0.0,Budget or timing constraints prevented the purchase.
OPP-02868,2025-05-21T22:15:00,analyst18@example.com,Northeast,financial_services,Mid-Market,automation,qualification,62384.37,72,76,0,False,0.007,False,Stakeholders are interested but the business case is still being refined.,won,60472.14,Successful technical evaluation with approved budget.
OPP-02432,2026-01-09T22:56:00,analyst38@example.com,South,financial_services,Mid-Market,analytics,negotiation,104140.9,120,52,1,True,0.179,True,A strong competitor is already deployed and switching costs are a concern.,won,95826.47,Good product fit and timely stakeholder engagement.
OPP-01274,2025-02-09T19:51:00,analyst20@example.com,Midwest,healthcare,Enterprise,analytics,discovery,35239.98,110,89,2,False,0.117,False,Customer is still comparing alternatives and gathering internal feedback. Primary contact: buyer008@example.com.,lost,0.0,Insufficient stakeholder engagement and unclear business case.
OPP-00212,2025-05-02T02:19:00,analyst41@example.com,South,technology,Mid-Market,security,proposal,14121.32,155,52,2,True,0.143,True,Budget is uncertain and the main decision maker has not joined recent meetings.,lost,0.0,Insufficient stakeholder engagement and unclear business case.
OPP-02767,2025-11-04T06:56:00,analyst31@example.com,South,healthcare,Enterprise,automation,qualification,19350.17,47,97,2,False,0.059,True,Decision makers attended the latest meeting and asked for a final proposal.,won,18785.15,Successful technical evaluation with approved budget.
OPP-02782,2025-03-30T15:40:00,analyst46@example.com,Midwest,retail,Enterprise,analytics,discovery,16124.34,177,92,0,False,0.221,True,Technical evaluation is progressing well and the customer requested implementation details.,won,15450.82,Successful technical evaluation with approved budget.
OPP-00433,2025-07-06T04:57:00,analyst34@example.com,Northeast,technology,Enterprise,data_platform,discovery,69656.07,130,54,10,False,0.02,False,Discovery is ongoing and the team requested additional product information. Primary contact: buyer011@example.com.,lost,0.0,Competitor preference and switching costs reduced win likelihood.
OPP-01095,2025-08-01T09:10:00,analyst12@example.com,West,healthcare,Mid-Market,analytics,qualification,43172.18,120,74,0,False,0.226,True,Budget is approved and procurement has provided a target decision date.,lost,0.0,Budget or timing constraints prevented the purchase.
OPP-00979,2025-04-14T07:45:00,analyst10@example.com,Midwest,healthcare,Mid-Market,automation,negotiation,15600.2,15,53,4,False,0.238,True,Discovery is ongoing and the team requested additional product information.,lost,0.0,Budget or timing constraints prevented the purchase.
OPP-02607,2025-02-10T08:39:00,analyst42@example.com,South,manufacturing,SMB,security,discovery,42033.33,84,27,0,False,0.251,False,Budget is uncertain and the main decision maker has not joined recent meetings.,lost,0.0,Insufficient stakeholder engagement and unclear business case.
OPP-00415,2025-10-12T18:51:00,analyst16@example.com,West,healthcare,SMB,security,discovery,101639.92,142,53,5,False,0.159,True,Stakeholders are interested but the business case is still being refined.,lost,0.0,Budget or timing constraints prevented the purchase.
OPP-01128,2025-11-05T01:15:00,analyst45@example.com,West,retail,SMB,data_platform,proposal,84026.59,176,96,4,False,0.039,True,Decision makers attended the latest meeting and asked for a final proposal. Primary contact: buyer073@example.com.,won,85220.54,Good product fit and timely stakeholder engagement.
OPP-01748,2025-01-10T08:10:00,analyst38@example.com,South,technology,Mid-Market,analytics,negotiation,21850.09,31,60,6,False,0.149,True,Discovery is ongoing and the team requested additional product information.,won,20704.66,Good product fit and timely stakeholder engagement.
OPP-00300,2026-01-29T15:26:00,analyst15@example.com,Midwest,retail,SMB,security,qualification,37029.33,89,65,9,True,0.198,False,Stakeholders are interested but the business case is still being refined.,lost,0.0,Budget or timing constraints prevented the purchase.
OPP-01741,2025-03-21T05:39:00,analyst31@example.com,Midwest,financial_services,SMB,security,negotiation,11287.26,174,21,6,True,0.222,True,Budget is uncertain and the main decision maker has not joined recent meetings.,lost,0.0,Competitor preference and switching costs reduced win likelihood.
OPP-02424,2025-12-19T06:32:00,analyst30@example.com,West,technology,SMB,data_platform,qualification,32970.95,24,26,9,False,0.075,True,The customer delayed the project and has not confirmed a decision timeline. Primary contact: buyer103@example.com.,lost,0.0,Insufficient stakeholder engagement and unclear business case.
OPP-02112,2025-12-18T06:37:00,analyst03@example.com,West,technology,SMB,security,proposal,35534.86,52,74,6,False,0.086,True,Budget is approved and procurement has provided a target decision date. Primary contact: buyer002@example.com.,won,32872.59,Successful technical evaluation with approved budget.
OPP-02098,2026-02-06T23:51:00,analyst46@example.com,Midwest,technology,SMB,security,qualification,18031.25,103,82,3,True,0.271,False,The customer delayed the project and has not confirmed a decision timeline.,lost,0.0,Competitor preference and switching costs reduced win likelihood.
OPP-01965,2025-01-18T10:56:00,analyst27@example.com,Northeast,retail,Mid-Market,security,discovery,13376.43,124,28,7,True,0.208,False,Engagement has slowed and the proposal has not received internal sponsorship. Primary contact: buyer066@example.com.,lost,0.0,Insufficient stakeholder engagement and unclear business case.
OPP-02100,2025-11-12T12:23:00,analyst48@example.com,Northeast,manufacturing,Mid-Market,data_platform,proposal,33741.75,32,58,0,True,0.235,True,Stakeholders are interested but the business case is still being refined.,lost,0.0,Insufficient stakeholder engagement and unclear business case.
OPP-01671,2025-10-10T07:36:00,analyst18@example.com,West,healthcare,SMB,security,qualification,23960.83,106,78,10,True,0.225,False,The customer delayed the project and has not confirmed a decision timeline.,lost,0.0,Insufficient stakeholder engagement and unclear business case.
OPP-01089,2026-01-03T07:09:00,analyst06@example.com,South,technology,SMB,security,proposal,123146.14,91,41,8,False,0.112,True,A strong competitor is already deployed and switching costs are a concern.,lost,0.0,Competitor preference and switching costs reduced win likelihood.
OPP-01376,2025-02-19T04:24:00,analyst08@example.com,Midwest,financial_services,Mid-Market,automation,qualification,7723.96,132,69,4,False,0.088,False,Stakeholders are interested but the business case is still being refined. Primary contact: buyer110@example.com.,lost,0.0,Budget or timing constraints prevented the purchase.
OPP-02896,2025-12-31T15:25:00,analyst46@example.com,South,financial_services,Mid-Market,analytics,negotiation,97153.55,57,18,8,False,0.241,True,Budget is uncertain and the main decision maker has not joined recent meetings.,lost,0.0,Budget or timing constraints prevented the purchase.
OPP-02121,2025-05-01T18:30:00,analyst12@example.com,Midwest,manufacturing,SMB,automation,negotiation,77416.43,134,77,7,True,0.221,True,Budget is uncertain and the main decision maker has not joined recent meetings.,won,78648.79,Good product fit and timely stakeholder engagement.
OPP-01724,2025-01-10T07:49:00,analyst14@example.com,Midwest,financial_services,Enterprise,data_platform,proposal,64246.92,10,99,7,False,0.277,True,Executive sponsor is engaged and the buying team confirmed a clear business need.,won,60378.74,Successful technical evaluation with approved budget.
OPP-01101,2025-02-13T13:43:00,analyst18@example.com,Midwest,healthcare,Mid-Market,analytics,proposal,17760.86,54,46,3,True,0.268,True,The opportunity remains active but timing depends on the next planning cycle.,won,17012.16,Successful technical evaluation with approved budget.
OPP-02940,2025-03-30T00:38:00,analyst33@example.com,West,technology,Mid-Market,analytics,proposal,35999.95,31,19,7,False,0.035,True,The customer delayed the project and has not confirmed a decision timeline.,lost,0.0,Budget or timing constraints prevented the purchase.
OPP-01609,2025-06-14T17:35:00,analyst13@example.com,Northeast,manufacturing,Mid-Market,analytics,discovery,34746.9,152,59,0,False,0.226,True,Discovery is ongoing and the team requested additional product information.,won,33485.32,Strong executive sponsorship and clear ROI case.
OPP-00081,2025-12-28T15:46:00,analyst24@example.com,Midwest,healthcare,Mid-Market,security,qualification,41193.26,96,21,10,True,0.035,False,Engagement has slowed and the proposal has not received internal sponsorship.,lost,0.0,Budget or timing constraints prevented the purchase.
OPP-00033,2025-07-21T12:08:00,analyst33@example.com,West,manufacturing,SMB,automation,negotiation,15920.85,161,100,6,True,0.138,True,The customer delayed the project and has not confirmed a decision timeline.,won,15875.16,Good product fit and timely stakeholder engagement.
OPP-00858,2025-07-13T12:39:00,analyst03@example.com,South,retail,Mid-Market,data_platform,qualification,29032.46,12,27,2,False,0.111,False,A strong competitor is already deployed and switching costs are a concern. Primary contact: buyer014@example.com.,lost,0.0,Budget or timing constraints prevented the purchase.
OPP-01310,2025-09-25T22:09:00,analyst56@example.com,South,healthcare,Mid-Market,security,discovery,23714.05,167,51,0,False,0.091,False,The opportunity remains active but timing depends on the next planning cycle.,lost,0.0,Insufficient stakeholder engagement and unclear business case.
OPP-02150,2025-03-21T14:31:00,analyst41@example.com,Midwest,financial_services,Enterprise,data_platform,proposal,9696.98,85,91,4,True,0.118,True,The opportunity remains active but timing depends on the next planning cycle. Primary contact: buyer040@example.com.,won,9543.79,Good product fit and timely stakeholder engagement.
OPP-02511,2025-11-23T14:14:00,analyst03@example.com,Midwest,healthcare,Mid-Market,automation,proposal,8023.02,32,21,3,False,0.037,True,Engagement has slowed and the proposal has not received internal sponsorship. Primary contact: buyer190@example.com.,won,8102.69,Successful technical evaluation with approved budget.
OPP-02435,2025-01-17T15:51:00,analyst41@example.com,West,retail,SMB,analytics,qualification,19869.52,147,67,9,False,0.086,False,Customer is still comparing alternatives and gathering internal feedback.,lost,0.0,Competitor preference and switching costs reduced win likelihood.
OPP-02096,2025-02-22T10:30:00,analyst44@example.com,Northeast,healthcare,Enterprise,data_platform,discovery,46477.32,149,37,0,True,0.11,False,A strong competitor is already deployed and switching costs are a concern. Primary contact: buyer197@example.com.,lost,0.0,Budget or timing constraints prevented the purchase.
OPP-01666,2025-07-02T10:37:00,analyst13@example.com,Midwest,financial_services,Mid-Market,security,negotiation,28258.05,24,48,9,False,0.024,True,Stakeholders are interested but the business case is still being refined. Primary contact: buyer189@example.com.,lost,0.0,Competitor preference and switching costs reduced win likelihood.
OPP-00545,2026-02-02T21:01:00,analyst32@example.com,Northeast,retail,SMB,data_platform,qualification,48698.5,69,64,5,True,0.244,False,The opportunity remains active but timing depends on the next planning cycle.,lost,0.0,Budget or timing constraints prevented the purchase.
OPP-01374,2025-01-01T09:02:00,analyst06@example.com,Midwest,manufacturing,SMB,security,proposal,17720.56,84,54,7,True,0.259,True,Stakeholders are interested but the business case is still being refined.,lost,0.0,Insufficient stakeholder engagement and unclear business case.
OPP-00140,2025-02-03T18:54:00,analyst26@example.com,Midwest,technology,Mid-Market,security,qualification,25407.51,73,56,4,True,0.162,False,The opportunity remains active but timing depends on the next planning cycle.,lost,0.0,Budget or timing constraints prevented the purchase.
OPP-02729,2025-09-26T07:13:00,analyst50@example.com,Midwest,technology,Mid-Market,security,discovery,21225.63,46,48,4,False,0.15,False,Stakeholders are interested but the business case is still being refined.,lost,0.0,Insufficient stakeholder engagement and unclear business case.
OPP-01035,2025-09-15T13:08:00,analyst09@example.com,South,healthcare,SMB,security,qualification,12876.45,140,78,3,True,0.113,False,Engagement has slowed and the proposal has not received internal sponsorship.,lost,0.0,Budget or timing constraints prevented the purchase.
OPP-00089,2025-12-29T23:50:00,analyst32@example.com,South,manufacturing,Enterprise,automation,qualification,130008.25,91,87,0,False,0.008,True,Decision makers attended the latest meeting and asked for a final proposal.,lost,0.0,Budget or timing constraints prevented the purchase.
OPP-02003,2025-07-06T12:05:00,analyst08@example.com,Northeast,financial_services,Mid-Market,analytics,discovery,86965.8,57,99,6,False,0.066,False,The opportunity remains active but timing depends on the next planning cycle.,lost,0.0,Competitor preference and switching costs reduced win likelihood.
OPP-01846,2025-03-18T22:28:00,analyst22@example.com,West,financial_services,SMB,analytics,qualification,23475.29,67,27,10,False,0.136,False,Budget is uncertain and the main decision maker has not joined recent meetings. Primary contact: buyer158@example.com.,lost,0.0,Budget or timing constraints prevented the purchase.
OPP-00757,2025-07-07T22:37:00,analyst16@example.com,South,manufacturing,Mid-Market,data_platform,proposal,44038.49,10,70,7,True,0.263,True,Customer is still comparing alternatives and gathering internal feedback.,lost,0.0,Competitor preference and switching costs reduced win likelihood.
OPP-02582,2025-04-09T04:10:00,analyst17@example.com,West,healthcare,SMB,automation,qualification,17654.75,33,51,3,False,0.056,False,Customer is still comparing alternatives and gathering internal feedback.,lost,0.0,Competitor preference and switching costs reduced win likelihood.
OPP-00257,2025-01-17T21:33:00,analyst29@example.com,South,financial_services,Mid-Market,automation,proposal,45581.33,18,46,9,False,0.243,True,Customer is still comparing alternatives and gathering internal feedback.,lost,0.0,Competitor preference and switching costs reduced win likelihood.
OPP-01941,2025-01-19T22:14:00,analyst03@example.com,Midwest,financial_services,Enterprise,automation,discovery,190105.56,8,73,1,False,0.18,True,Executive sponsor is engaged and the buying team confirmed a clear business need. Primary contact: buyer042@example.com.,lost,0.0,Insufficient stakeholder engagement and unclear business case.
OPP-00977,2025-12-14T16:40:00,analyst08@example.com,South,manufacturing,SMB,data_platform,discovery,26206.56,74,67,4,True,0.213,False,The opportunity remains active but timing depends on the next planning cycle.,lost,0.0,Budget or timing constraints prevented the purchase.
OPP-01613,2025-05-24T12:45:00,analyst17@example.com,South,financial_services,SMB,automation,qualification,18657.9,125,21,0,False,0.164,True,Engagement has slowed and the proposal has not received internal sponsorship. Primary contact: buyer136@example.com.,won,17557.45,Strong executive sponsorship and clear ROI case.
OPP-00412,2025-07-20T04:36:00,analyst13@example.com,West,financial_services,SMB,analytics,discovery,29528.32,75,44,1,True,0.101,False,The opportunity remains active but timing depends on the next planning cycle.,lost,0.0,Insufficient stakeholder engagement and unclear business case.
OPP-01873,2025-04-30T16:49:00,analyst49@example.com,Northeast,manufacturing,SMB,analytics,discovery,48373.63,41,62,0,False,0.173,False,Stakeholders are interested but the business case is still being refined.,lost,0.0,Competitor preference and switching costs reduced win likelihood.
OPP-00271,2026-02-06T04:10:00,analyst43@example.com,Northeast,financial_services,Enterprise,data_platform,discovery,13178.77,157,88,8,True,0.127,False,The customer delayed the project and has not confirmed a decision timeline.,won,13223.95,Strong executive sponsorship and clear ROI case.
OPP-01887,2025-07-02T11:08:00,analyst06@example.com,West,retail,Mid-Market,security,qualification,18407.23,121,63,4,True,0.084,False,Budget is uncertain and the main decision maker has not joined recent meetings.,lost,0.0,Insufficient stakeholder engagement and unclear business case.
OPP-02122,2025-03-16T19:33:00,analyst13@example.com,West,manufacturing,Enterprise,security,discovery,49504.03,86,77,3,True,0.144,True,The opportunity remains active but timing depends on the next planning cycle. Primary contact: buyer012@example.com.,won,48049.66,Strong executive sponsorship and clear ROI case.
OPP-00142,2025-10-07T06:37:00,analyst28@example.com,West,technology,Mid-Market,analytics,qualification,8124.25,137,71,0,True,0.096,True,A strong competitor is already deployed and switching costs are a concern.,lost,0.0,Budget or timing constraints prevented the purchase.
OPP-01875,2025-12-30T15:07:00,analyst51@example.com,Midwest,financial_services,Mid-Market,data_platform,proposal,52887.68,121,56,10,True,0.122,True,A strong competitor is already deployed and switching costs are a concern.,won,50634.75,Strong executive sponsorship and clear ROI case.
OPP-01763,2025-10-27T21:00:00,analyst53@example.com,South,technology,SMB,security,negotiation,48431.74,37,17,4,True,0.087,True,The customer delayed the project and has not confirmed a decision timeline. Primary contact: buyer075@example.com.,lost,0.0,Budget or timing constraints prevented the purchase.
OPP-01201,2026-01-18T17:12:00,analyst04@example.com,West,manufacturing,SMB,analytics,discovery,37363.49,82,62,8,False,0.213,False,The opportunity remains active but timing depends on the next planning cycle.,won,36063.72,Successful technical evaluation with approved budget.
OPP-02772,2025-12-17T05:16:00,analyst36@example.com,Northeast,technology,SMB,data_platform,qualification,13019.15,149,77,1,True,0.162,True,A strong competitor is already deployed and switching costs are a concern.,won,12904.6,Strong executive sponsorship and clear ROI case.
OPP-01492,2025-04-22T04:31:00,analyst10@example.com,South,retail,Mid-Market,security,proposal,26676.26,121,42,9,False,0.214,True,A strong competitor is already deployed and switching costs are a concern.,won,26648.04,Successful technical evaluation with approved budget.
OPP-01056,2025-05-03T19:01:00,analyst30@example.com,South,healthcare,Enterprise,data_platform,discovery,28745.36,15,79,2,True,0.161,False,Stakeholders are interested but the business case is still being refined. Primary contact: buyer001@example.com.,won,29151.39,Good product fit and timely stakeholder engagement.
OPP-00536,2025-03-31T00:48:00,analyst23@example.com,South,financial_services,Enterprise,automation,discovery,36486.97,5,34,9,False,0.146,True,Budget is uncertain and the main decision maker has not joined recent meetings.,won,35136.17,Successful technical evaluation with approved budget.
OPP-02632,2026-01-17T11:01:00,analyst10@example.com,Midwest,manufacturing,SMB,security,proposal,18993.65,98,75,2,True,0.113,True,The customer delayed the project and has not confirmed a decision timeline.,won,19162.32,Strong executive sponsorship and clear ROI case.
OPP-00813,2025-10-18T00:35:00,analyst15@example.com,Midwest,technology,Mid-Market,data_platform,qualification,70654.98,16,81,1,True,0.036,False,Customer is still comparing alternatives and gathering internal feedback.,won,67810.79,Strong executive sponsorship and clear ROI case.
OPP-02711,2025-03-01T17:43:00,analyst32@example.com,Northeast,financial_services,SMB,data_platform,qualification,11412.82,106,80,2,False,0.004,False,Discovery is ongoing and the team requested additional product information.,lost,0.0,Budget or timing constraints prevented the purchase.
OPP-00178,2025-04-13T05:26:00,analyst07@example.com,Midwest,healthcare,Mid-Market,security,qualification,50895.91,171,53,3,True,0.214,False,Engagement has slowed and the proposal has not received internal sponsorship.,lost,0.0,Insufficient stakeholder engagement and unclear business case.
OPP-01583,2025-10-15T12:11:00,analyst44@example.com,West,technology,SMB,security,proposal,9677.34,131,73,5,False,0.043,True,Executive sponsor is engaged and the buying team confirmed a clear business need.,won,9125.6,Good product fit and timely stakeholder engagement.
OPP-01813,2026-02-08T18:02:00,analyst46@example.com,Northeast,retail,SMB,data_platform,proposal,30905.34,39,90,8,False,0.279,True,Technical evaluation is progressing well and the customer requested implementation details. Primary contact: buyer125@example.com.,won,30768.22,Strong executive sponsorship and clear ROI case.
OPP-01643,2025-02-02T23:01:00,analyst47@example.com,South,healthcare,Enterprise,security,negotiation,38476.36,177,67,7,False,0.035,True,Stakeholders are interested but the business case is still being refined.,lost,0.0,Competitor preference and switching costs reduced win likelihood.
OPP-00292,2025-07-24T22:20:00,analyst07@example.com,Northeast,retail,Mid-Market,analytics,proposal,10913.54,11,51,7,True,0.142,True,The opportunity remains active but timing depends on the next planning cycle.,lost,0.0,Insufficient stakeholder engagement and unclear business case.
OPP-01770,2025-07-14T17:48:00,analyst03@example.com,South,technology,Mid-Market,analytics,proposal,12402.55,76,38,0,False,0.097,True,The customer delayed the project and has not confirmed a decision timeline.,won,12329.56,Strong executive sponsorship and clear ROI case.
OPP-00472,2025-05-19T19:49:00,analyst16@example.com,Midwest,healthcare,SMB,analytics,negotiation,11573.69,133,17,2,False,0.195,True,Budget is uncertain and the main decision maker has not joined recent meetings.,lost,0.0,Budget or timing constraints prevented the purchase.
OPP-01883,2025-04-06T14:36:00,analyst02@example.com,West,manufacturing,Mid-Market,security,negotiation,9451.74,92,23,3,False,0.17,True,The customer delayed the project and has not confirmed a decision timeline.,lost,0.0,Competitor preference and switching costs reduced win likelihood.
OPP-00479,2025-07-15T02:08:00,analyst23@example.com,South,manufacturing,SMB,analytics,negotiation,14568.32,56,32,7,False,0.25,True,A strong competitor is already deployed and switching costs are a concern. Primary contact: buyer057@example.com.,lost,0.0,Insufficient stakeholder engagement and unclear business case.
OPP-01973,2025-10-17T05:01:00,analyst35@example.com,South,retail,Enterprise,data_platform,proposal,49225.6,170,17,10,True,0.278,True,The customer delayed the project and has not confirmed a decision timeline.,lost,0.0,Budget or timing constraints prevented the purchase.
OPP-02274,2026-01-14T12:30:00,analyst51@example.com,South,retail,Enterprise,security,discovery,20906.49,177,64,6,False,0.215,False,Stakeholders are interested but the business case is still being refined.,lost,0.0,Budget or timing constraints prevented the purchase.
OPP-00544,2025-03-15T19:34:00,analyst31@example.com,Northeast,healthcare,SMB,security,qualification,28327.45,148,32,1,True,0.175,False,A strong competitor is already deployed and switching costs are a concern.,lost,0.0,Competitor preference and switching costs reduced win likelihood.
OPP-01503,2025-02-10T22:56:00,analyst21@example.com,West,manufacturing,SMB,analytics,qualification,43799.33,16,69,4,True,0.198,True,The opportunity remains active but timing depends on the next planning cycle.,lost,0.0,Insufficient stakeholder engagement and unclear business case.
OPP-01576,2025-01-17T09:23:00,analyst37@example.com,South,technology,Mid-Market,automation,discovery,8814.41,49,26,2,False,0.08,False,A strong competitor is already deployed and switching costs are a concern.,won,8335.71,Successful technical evaluation with approved budget.
OPP-00606,2025-03-15T23:14:00,analyst36@example.com,South,financial_services,Mid-Market,security,negotiation,20078.69,163,46,8,False,0.011,True,Customer is still comparing alternatives and gathering internal feedback. Primary contact: buyer184@example.com.,won,19881.11,Good product fit and timely stakeholder engagement.
OPP-01134,2026-01-29T03:04:00,analyst51@example.com,South,manufacturing,SMB,analytics,qualification,26515.51,126,21,9,False,0.115,False,Budget is uncertain and the main decision maker has not joined recent meetings. Primary contact: buyer079@example.com.,lost,0.0,Insufficient stakeholder engagement and unclear business case.
OPP-00686,2025-11-22T13:11:00,analyst02@example.com,Northeast,technology,SMB,analytics,negotiation,54923.69,28,55,5,True,0.042,True,Customer is still comparing alternatives and gathering internal feedback.,won,54054.76,Successful technical evaluation with approved budget.
OPP-00163,2025-01-24T21:55:00,analyst49@example.com,Midwest,financial_services,Enterprise,security,proposal,44076.73,155,37,6,True,0.193,True,Engagement has slowed and the proposal has not received internal sponsorship.,lost,0.0,Insufficient stakeholder engagement and unclear business case.
OPP-01065,2025-07-12T22:19:00,analyst39@example.com,Northeast,healthcare,SMB,analytics,qualification,15679.06,41,73,1,True,0.203,False,Stakeholders are interested but the business case is still being refined. Primary contact: buyer010@example.com.,won,14640.48,Strong executive sponsorship and clear ROI case.
OPP-01607,2025-04-23T20:58:00,analyst11@example.com,West,technology,Enterprise,security,discovery,47506.12,116,89,3,True,0.14,False,A strong competitor is already deployed and switching costs are a concern.,lost,0.0,Competitor preference and switching costs reduced win likelihood.
OPP-02187,2025-03-26T02:30:00,analyst21@example.com,West,manufacturing,Mid-Market,security,discovery,16306.8,57,83,7,True,0.184,False,The opportunity remains active but timing depends on the next planning cycle.,won,15482.36,Good product fit and timely stakeholder engagement.
OPP-00860,2025-08-09T19:39:00,analyst05@example.com,South,retail,Mid-Market,data_platform,qualification,16944.6,151,26,0,False,0.18,True,The customer delayed the project and has not confirmed a decision timeline.,lost,0.0,Budget or timing constraints prevented the purchase.
OPP-00451,2025-11-13T02:41:00,analyst52@example.com,West,retail,SMB,security,discovery,27198.28,135,43,0,False,0.276,False,Stakeholders are interested but the business case is still being refined.,lost,0.0,Insufficient stakeholder engagement and unclear business case.
OPP-00933,2025-04-28T08:05:00,analyst21@example.com,Midwest,financial_services,Mid-Market,automation,proposal,31846.77,153,62,3,True,0.11,True,The customer delayed the project and has not confirmed a decision timeline.,lost,0.0,Budget or timing constraints prevented the purchase.
OPP-00031,2025-09-28T04:11:00,analyst31@example.com,Northeast,healthcare,Mid-Market,security,discovery,37400.57,165,46,1,False,0.084,False,Customer is still comparing alternatives and gathering internal feedback.,lost,0.0,Competitor preference and switching costs reduced win likelihood.
OPP-00566,2026-01-06T18:08:00,analyst53@example.com,Midwest,technology,SMB,automation,qualification,17430.47,48,51,4,False,0.211,False,Discovery is ongoing and the team requested additional product information. Primary contact: buyer144@example.com.,lost,0.0,Insufficient stakeholder engagement and unclear business case.
OPP-00808,2025-12-28T23:52:00,analyst10@example.com,West,technology,Mid-Market,automation,qualification,27992.83,169,56,3,True,0.114,True,Budget is uncertain and the main decision maker has not joined recent meetings.,won,28097.77,Good product fit and timely stakeholder engagement.
OPP-00174,2025-02-12T07:06:00,analyst03@example.com,West,financial_services,Enterprise,security,proposal,62648.03,45,23,4,False,0.113,True,Budget is uncertain and the main decision maker has not joined recent meetings. Primary contact: buyer174@example.com.,lost,0.0,Budget or timing constraints prevented the purchase.
OPP-02070,2025-12-11T18:44:00,analyst18@example.com,Northeast,retail,Mid-Market,automation,negotiation,11714.25,76,41,4,False,0.048,True,Budget is uncertain and the main decision maker has not joined recent meetings.,lost,0.0,Competitor preference and switching costs reduced win likelihood.
OPP-00297,2025-05-15T12:13:00,analyst12@example.com,West,healthcare,SMB,data_platform,qualification,7622.77,60,91,10,True,0.268,True,Discovery is ongoing and the team requested additional product information.,lost,0.0,Insufficient stakeholder engagement and unclear business case.
OPP-01544,2025-02-09T10:37:00,analyst05@example.com,South,technology,Mid-Market,analytics,proposal,14249.65,113,85,9,True,0.124,True,A strong competitor is already deployed and switching costs are a concern.,won,13755.92,Successful technical evaluation with approved budget.
OPP-01252,2026-01-18T00:53:00,analyst55@example.com,Midwest,technology,Enterprise,data_platform,qualification,43101.86,6,70,4,True,0.196,False,Customer is still comparing alternatives and gathering internal feedback.,lost,0.0,Competitor preference and switching costs reduced win likelihood.
OPP-02457,2025-08-13T15:17:00,analyst06@example.com,Midwest,retail,SMB,automation,qualification,22176.79,170,95,2,True,0.235,False,A strong competitor is already deployed and switching costs are a concern.,lost,0.0,Competitor preference and switching costs reduced win likelihood.
OPP-00464,2025-11-13T08:00:00,analyst08@example.com,Northeast,retail,SMB,data_platform,qualification,23639.36,114,38,8,False,0.03,False,A strong competitor is already deployed and switching costs are a concern. Primary contact: buyer042@example.com.,lost,0.0,Insufficient stakeholder engagement and unclear business case.
OPP-02313,2026-01-06T20:53:00,analyst33@example.com,Northeast,technology,SMB,data_platform,proposal,34581.68,134,52,1,True,0.259,True,Budget is uncertain and the main decision maker has not joined recent meetings.,lost,0.0,Insufficient stakeholder engagement and unclear business case.
OPP-00512,2026-01-08T16:36:00,analyst56@example.com,West,retail,SMB,data_platform,proposal,41186.07,114,40,9,True,0.251,True,Engagement has slowed and the proposal has not received internal sponsorship. Primary contact: buyer090@example.com.,lost,0.0,Budget or timing constraints prevented the purchase.
OPP-02552,2025-11-18T10:28:00,analyst44@example.com,West,retail,SMB,analytics,discovery,12991.31,157,21,3,True,0.063,False,The customer delayed the project and has not confirmed a decision timeline. Primary contact: buyer020@example.com.,lost,0.0,Budget or timing constraints prevented the purchase.
OPP-01942,2025-05-05T15:16:00,analyst04@example.com,Midwest,technology,Enterprise,security,discovery,18032.78,61,99,3,False,0.14,True,Budget is approved and procurement has provided a target decision date.,won,18197.63,Good product fit and timely stakeholder engagement.
OPP-01106,2025-01-19T19:58:00,analyst23@example.com,West,healthcare,SMB,security,qualification,5000.0,126,55,2,False,0.142,False,Customer is still comparing alternatives and gathering internal feedback.,lost,0.0,Budget or timing constraints prevented the purchase.
OPP-00450,2025-03-07T14:04:00,analyst51@example.com,Northeast,technology,SMB,security,qualification,44059.52,43,95,6,True,0.033,False,Discovery is ongoing and the team requested additional product information.,won,44294.95,Successful technical evaluation with approved budget.
OPP-02548,2025-04-11T13:00:00,analyst40@example.com,Northeast,retail,SMB,analytics,negotiation,22746.5,10,33,7,True,0.017,True,A strong competitor is already deployed and switching costs are a concern. Primary contact: buyer016@example.com.,lost,0.0,Competitor preference and switching costs reduced win likelihood.
OPP-00074,2025-05-22T14:40:00,analyst17@example.com,West,financial_services,SMB,automation,proposal,11944.34,65,71,9,True,0.21,True,Discovery is ongoing and the team requested additional product information.,lost,0.0,Competitor preference and switching costs reduced win likelihood.
OPP-01917,2025-08-03T07:56:00,analyst36@example.com,West,manufacturing,SMB,automation,discovery,32237.4,112,31,5,True,0.139,False,Budget is uncertain and the main decision maker has not joined recent meetings.,lost,0.0,Budget or timing constraints prevented the purchase.
OPP-01718,2025-08-30T07:12:00,analyst08@example.com,Midwest,technology,Enterprise,security,discovery,31915.62,32,82,3,True,0.076,False,The opportunity remains active but timing depends on the next planning cycle.,lost,0.0,Insufficient stakeholder engagement and unclear business case.
OPP-00966,2025-10-20T13:05:00,analyst54@example.com,Northeast,healthcare,SMB,security,discovery,36800.57,148,54,1,False,0.091,True,Discovery is ongoing and the team requested additional product information.,lost,0.0,Budget or timing constraints prevented the purchase.
OPP-01197,2025-03-08T02:35:00,analyst00@example.com,West,manufacturing,Mid-Market,automation,discovery,50252.87,137,41,1,False,0.124,False,Budget is uncertain and the main decision maker has not joined recent meetings.,lost,0.0,Insufficient stakeholder engagement and unclear business case.
OPP-01573,2025-08-25T09:58:00,analyst34@example.com,Midwest,retail,SMB,security,proposal,16772.39,153,100,4,True,0.138,True,The customer delayed the project and has not confirmed a decision timeline. Primary contact: buyer096@example.com.,lost,0.0,Competitor preference and switching costs reduced win likelihood.
OPP-02045,2025-08-12T18:38:00,analyst50@example.com,South,healthcare,Mid-Market,security,discovery,5539.73,133,96,0,False,0.077,False,Stakeholders are interested but the business case is still being refined. Primary contact: buyer146@example.com.,won,5211.2,Successful technical evaluation with approved budget.
OPP-00333,2025-05-16T03:18:00,analyst48@example.com,South,manufacturing,Mid-Market,automation,discovery,55322.87,54,51,2,False,0.15,False,Stakeholders are interested but the business case is still being refined.,lost,0.0,Insufficient stakeholder engagement and unclear business case.
OPP-00766,2025-09-08T01:42:00,analyst25@example.com,Northeast,financial_services,Enterprise,security,qualification,55696.39,15,32,3,False,0.139,True,A strong competitor is already deployed and switching costs are a concern.,won,55109.86,Strong executive sponsorship and clear ROI case.
OPP-01713,2025-09-25T01:12:00,analyst03@example.com,Northeast,healthcare,Enterprise,security,qualification,10391.8,114,27,1,False,0.06,False,Budget is uncertain and the main decision maker has not joined recent meetings.,lost,0.0,Competitor preference and switching costs reduced win likelihood.
OPP-02052,2025-06-28T12:41:00,analyst00@example.com,Northeast,financial_services,SMB,automation,proposal,33147.79,42,58,1,False,0.154,True,Stakeholders are interested but the business case is still being refined.,lost,0.0,Budget or timing constraints prevented the purchase.
OPP-02242,2025-06-29T05:37:00,analyst19@example.com,Northeast,manufacturing,Mid-Market,data_platform,negotiation,5000.0,156,29,4,True,0.127,True,A strong competitor is already deployed and switching costs are a concern.,lost,0.0,Competitor preference and switching costs reduced win likelihood.
OPP-00832,2025-10-23T07:22:00,analyst34@example.com,Northeast,healthcare,SMB,security,negotiation,41313.03,114,66,10,False,0.033,True,Customer is still comparing alternatives and gathering internal feedback.,won,39080.25,Successful technical evaluation with approved budget.
OPP-01386,2025-05-05T11:41:00,analyst18@example.com,South,financial_services,Mid-Market,automation,proposal,10684.32,111,79,2,True,0.023,True,The customer delayed the project and has not confirmed a decision timeline.,lost,0.0,Competitor preference and switching costs reduced win likelihood.
OPP-00555,2025-08-23T01:41:00,analyst42@example.com,South,technology,SMB,data_platform,qualification,14664.33,91,88,6,True,0.077,True,Customer is still comparing alternatives and gathering internal feedback. Primary contact: buyer133@example.com.,lost,0.0,Insufficient stakeholder engagement and unclear business case.
OPP-02189,2025-03-19T02:14:00,analyst23@example.com,West,manufacturing,SMB,security,qualification,209456.93,44,59,1,False,0.033,True,Discovery is ongoing and the team requested additional product information.,won,200882.62,Successful technical evaluation with approved budget.
OPP-00325,2025-06-13T19:46:00,analyst40@example.com,Northeast,technology,SMB,data_platform,discovery,35643.36,40,40,2,False,0.081,False,Engagement has slowed and the proposal has not received internal sponsorship.,lost,0.0,Competitor preference and switching costs reduced win likelihood.
OPP-02283,2025-06-24T09:13:00,analyst03@example.com,South,financial_services,SMB,data_platform,qualification,18725.59,136,49,2,True,0.145,False,A strong competitor is already deployed and switching costs are a concern.,lost,0.0,Budget or timing constraints prevented the purchase.
OPP-01638,2025-07-24T13:54:00,analyst42@example.com,Midwest,technology,Enterprise,analytics,qualification,131924.28,15,84,1,False,0.14,True,Technical evaluation is progressing well and the customer requested implementation details.,won,126096.55,Good product fit and timely stakeholder engagement.
OPP-00417,2025-08-14T21:23:00,analyst18@example.com,West,healthcare,SMB,data_platform,proposal,29052.83,110,65,2,False,0.036,True,Discovery is ongoing and the team requested additional product information. Primary contact: buyer206@example.com.,lost,0.0,Budget or timing constraints prevented the purchase.
OPP-02637,2025-09-11T17:24:00,analyst15@example.com,Midwest,financial_services,Enterprise,security,proposal,36004.21,116,81,1,True,0.268,True,Budget is uncertain and the main decision maker has not joined recent meetings.,won,35833.14,Good product fit and timely stakeholder engagement.
OPP-02733,2025-01-15T07:21:00,analyst54@example.com,Northeast,manufacturing,SMB,security,proposal,11654.96,175,39,0,False,0.132,True,The customer delayed the project and has not confirmed a decision timeline.,won,10809.93,Successful technical evaluation with approved budget.
OPP-02929,2025-03-30T09:15:00,analyst22@example.com,West,healthcare,SMB,data_platform,negotiation,57989.86,19,92,5,False,0.252,True,Technical evaluation is progressing well and the customer requested implementation details.,won,58739.43,Strong executive sponsorship and clear ROI case.
OPP-00652,2025-03-06T19:55:00,analyst25@example.com,West,financial_services,SMB,data_platform,negotiation,48782.1,165,74,6,False,0.245,True,Decision makers attended the latest meeting and asked for a final proposal.,won,47685.1,Strong executive sponsorship and clear ROI case.
OPP-01651,2025-04-26T23:53:00,analyst55@example.com,South,financial_services,Mid-Market,automation,discovery,10697.19,139,86,2,False,0.093,False,Discovery is ongoing and the team requested additional product information.,lost,0.0,Competitor preference and switching costs reduced win likelihood.
OPP-00240,2025-09-07T07:21:00,analyst12@example.com,Midwest,manufacturing,Mid-Market,data_platform,qualification,8839.55,52,28,4,True,0.2,False,A strong competitor is already deployed and switching costs are a concern. Primary contact: buyer029@example.com.,lost,0.0,Budget or timing constraints prevented the purchase.
OPP-01979,2025-10-11T10:38:00,analyst41@example.com,Northeast,financial_services,Mid-Market,data_platform,proposal,58352.05,45,21,7,False,0.075,True,The customer delayed the project and has not confirmed a decision timeline.,lost,0.0,Budget or timing constraints prevented the purchase.
OPP-00431,2025-11-08T13:18:00,analyst32@example.com,Midwest,healthcare,Mid-Market,automation,discovery,40829.94,97,65,6,True,0.124,False,Engagement has slowed and the proposal has not received internal sponsorship. Primary contact: buyer009@example.com.,lost,0.0,Competitor preference and switching costs reduced win likelihood.
OPP-01847,2025-12-26T04:31:00,analyst23@example.com,Northeast,retail,SMB,data_platform,negotiation,16248.39,84,82,3,True,0.061,True,The opportunity remains active but timing depends on the next planning cycle.,won,15457.33,Successful technical evaluation with approved budget.
OPP-02570,2025-10-20T01:20:00,analyst05@example.com,West,financial_services,SMB,data_platform,qualification,11967.53,87,51,8,True,0.264,False,Discovery is ongoing and the team requested additional product information. Primary contact: buyer038@example.com.,lost,0.0,Budget or timing constraints prevented the purchase.
OPP-02349,2025-06-29T04:50:00,analyst12@example.com,South,manufacturing,Mid-Market,analytics,negotiation,27609.08,80,50,3,True,0.19,True,Stakeholders are interested but the business case is still being refined.,lost,0.0,Budget or timing constraints prevented the purchase.
OPP-02443,2025-07-12T22:16:00,analyst49@example.com,Northeast,healthcare,Mid-Market,analytics,discovery,18233.01,156,60,5,True,0.119,True,A strong competitor is already deployed and switching costs are a concern.,lost,0.0,Budget or timing constraints prevented the purchase.
OPP-02210,2025-09-14T16:41:00,analyst44@example.com,Midwest,manufacturing,SMB,automation,proposal,10400.38,45,95,10,True,0.142,True,Discovery is ongoing and the team requested additional product information.,won,9637.55,Good product fit and timely stakeholder engagement.
OPP-00811,2025-05-23T02:43:00,analyst13@example.com,South,technology,SMB,analytics,proposal,97206.63,152,51,1,False,0.063,True,Discovery is ongoing and the team requested additional product information.,lost,0.0,Competitor preference and switching costs reduced win likelihood.
OPP-00496,2025-10-05T05:57:00,analyst40@example.com,West,retail,SMB,data_platform,qualification,17530.6,59,75,1,True,0.011,True,Discovery is ongoing and the team requested additional product information.,won,18033.01,Strong executive sponsorship and clear ROI case.
OPP-01984,2025-10-30T00:43:00,analyst46@example.com,Midwest,manufacturing,Mid-Market,analytics,proposal,19059.96,50,62,10,False,0.116,True,Stakeholders are interested but the business case is still being refined.,won,17826.29,Strong executive sponsorship and clear ROI case.
OPP-01753,2025-07-19T23:56:00,analyst43@example.com,South,manufacturing,Mid-Market,automation,proposal,28760.32,102,97,3,False,0.175,True,Executive sponsor is engaged and the buying team confirmed a clear business need.,won,29365.65,Good product fit and timely stakeholder engagement.
OPP-00820,2025-11-13T11:17:00,analyst22@example.com,Midwest,financial_services,Enterprise,automation,proposal,30477.53,77,15,5,False,0.248,True,A strong competitor is already deployed and switching costs are a concern.,lost,0.0,Insufficient stakeholder engagement and unclear business case.
OPP-00737,2025-12-27T19:43:00,analyst53@example.com,South,retail,SMB,security,discovery,14949.41,142,58,2,True,0.02,True,Budget is uncertain and the main decision maker has not joined recent meetings. Primary contact: buyer104@example.com.,lost,0.0,Competitor preference and switching costs reduced win likelihood.
OPP-02553,2025-08-03T14:18:00,analyst45@example.com,South,healthcare,SMB,security,negotiation,39616.26,109,76,6,True,0.085,True,The customer delayed the project and has not confirmed a decision timeline.,lost,0.0,Budget or timing constraints prevented the purchase.
OPP-00558,2025-09-20T16:28:00,analyst45@example.com,Northeast,manufacturing,SMB,analytics,qualification,24637.06,65,41,5,False,0.232,False,Engagement has slowed and the proposal has not received internal sponsorship.,won,22733.02,Strong executive sponsorship and clear ROI case.
OPP-02292,2025-06-17T09:41:00,analyst12@example.com,Midwest,healthcare,Mid-Market,data_platform,proposal,23969.94,134,53,9,False,0.108,True,Stakeholders are interested but the business case is still being refined.,lost,0.0,Budget or timing constraints prevented the purchase.
OPP-01303,2025-11-20T12:53:00,analyst49@example.com,South,retail,Enterprise,security,discovery,122185.1,11,26,10,True,0.217,False,A strong competitor is already deployed and switching costs are a concern.,lost,0.0,Competitor preference and switching costs reduced win likelihood.
OPP-02935,2026-02-08T21:47:00,analyst28@example.com,West,retail,SMB,security,discovery,30910.67,121,70,5,True,0.227,False,Budget is uncertain and the main decision maker has not joined recent meetings.,lost,0.0,Insufficient stakeholder engagement and unclear business case.
OPP-01327,2025-02-07T13:21:00,analyst16@example.com,South,retail,SMB,security,qualification,29152.5,5,71,10,True,0.238,False,Customer is still comparing alternatives and gathering internal feedback.,lost,0.0,Competitor preference and switching costs reduced win likelihood.
OPP-00875,2025-02-17T18:01:00,analyst20@example.com,Northeast,healthcare,SMB,analytics,discovery,16665.88,160,79,0,False,0.083,False,Stakeholders are interested but the business case is still being refined.,lost,0.0,Insufficient stakeholder engagement and unclear business case.
OPP-02169,2025-03-10T04:54:00,analyst03@example.com,West,financial_services,SMB,security,negotiation,14436.84,107,87,1,True,0.125,True,Budget is uncertain and the main decision maker has not joined recent meetings.,lost,0.0,Competitor preference and switching costs reduced win likelihood.
OPP-00701,2025-11-22T21:15:00,analyst17@example.com,West,financial_services,SMB,analytics,negotiation,35909.83,84,94,6,False,0.168,True,Technical evaluation is progressing well and the customer requested implementation details.,won,33286.39,Successful technical evaluation with approved budget.
OPP-02947,2025-07-16T15:08:00,analyst40@example.com,Northeast,retail,SMB,data_platform,proposal,15023.06,75,52,3,False,0.137,True,The opportunity remains active but timing depends on the next planning cycle.,won,15469.31,Good product fit and timely stakeholder engagement.
OPP-01539,2025-07-18T19:45:00,analyst00@example.com,Northeast,retail,Enterprise,data_platform,discovery,38747.93,92,37,5,True,0.127,False,The customer delayed the project and has not confirmed a decision timeline. Primary contact: buyer062@example.com.,lost,0.0,Budget or timing constraints prevented the purchase.
OPP-01424,2025-10-20T01:05:00,analyst56@example.com,West,financial_services,SMB,security,proposal,34887.14,104,88,3,True,0.248,True,Engagement has slowed and the proposal has not received internal sponsorship.,won,33356.84,Good product fit and timely stakeholder engagement.
OPP-02915,2026-01-08T17:59:00,analyst08@example.com,West,healthcare,SMB,security,proposal,11460.25,26,15,0,True,0.251,True,Engagement has slowed and the proposal has not received internal sponsorship.,lost,0.0,Insufficient stakeholder engagement and unclear business case.
OPP-02479,2025-11-12T08:46:00,analyst28@example.com,Northeast,manufacturing,SMB,automation,proposal,26390.0,151,30,9,False,0.15,True,Budget is uncertain and the main decision maker has not joined recent meetings.,lost,0.0,Budget or timing constraints prevented the purchase.
OPP-00109,2025-03-15T19:17:00,analyst52@example.com,Northeast,healthcare,Mid-Market,security,discovery,47383.99,93,34,4,True,0.245,False,Budget is uncertain and the main decision maker has not joined recent meetings. Primary contact: buyer109@example.com.,lost,0.0,Budget or timing constraints prevented the purchase.
OPP-01565,2025-05-07T15:51:00,analyst26@example.com,West,manufacturing,SMB,data_platform,discovery,20225.71,63,43,4,False,0.097,False,Stakeholders are interested but the business case is still being refined. Primary contact: buyer088@example.com.,lost,0.0,Competitor preference and switching costs reduced win likelihood.
OPP-00486,2025-02-14T00:35:00,analyst30@example.com,Northeast,financial_services,SMB,analytics,qualification,18444.51,125,32,8,False,0.084,False,Budget is uncertain and the main decision maker has not joined recent meetings.,lost,0.0,Budget or timing constraints prevented the purchase.
OPP-01870,2025-10-29T05:32:00,analyst46@example.com,South,healthcare,SMB,analytics,negotiation,221994.95,166,68,0,True,0.206,True,Budget is uncertain and the main decision maker has not joined recent meetings.,lost,0.0,Competitor preference and switching costs reduced win likelihood.
OPP-00319,2026-01-26T03:20:00,analyst34@example.com,West,manufacturing,Mid-Market,security,discovery,62565.15,83,36,4,True,0.104,False,A strong competitor is already deployed and switching costs are a concern.,lost,0.0,Budget or timing constraints prevented the purchase.
OPP-01717,2025-07-25T14:08:00,analyst07@example.com,West,technology,SMB,analytics,discovery,33853.66,121,91,3,False,0.272,False,Discovery is ongoing and the team requested additional product information. Primary contact: buyer029@example.com.,won,32160.66,Successful technical evaluation with approved budget.
OPP-01510,2025-06-01T18:54:00,analyst28@example.com,Northeast,financial_services,Mid-Market,data_platform,discovery,11399.48,25,19,8,True,0.085,False,A strong competitor is already deployed and switching costs are a concern. Primary contact: buyer033@example.com.,lost,0.0,Budget or timing constraints prevented the purchase.
OPP-02863,2025-03-15T04:39:00,analyst13@example.com,South,retail,Mid-Market,analytics,proposal,21869.6,177,16,4,False,0.237,True,The customer delayed the project and has not confirmed a decision timeline.,lost,0.0,Insufficient stakeholder engagement and unclear business case.
OPP-00965,2025-03-25T21:13:00,analyst53@example.com,South,financial_services,SMB,data_platform,discovery,12391.41,163,58,3,True,0.014,False,A strong competitor is already deployed and switching costs are a concern. Primary contact: buyer121@example.com.,lost,0.0,Insufficient stakeholder engagement and unclear business case.
OPP-01420,2025-03-13T08:54:00,analyst52@example.com,South,healthcare,Enterprise,data_platform,discovery,44578.04,72,95,10,True,0.256,False,The opportunity remains active but timing depends on the next planning cycle.,won,41548.13,Strong executive sponsorship and clear ROI case.
OPP-02373,2025-02-10T02:59:00,analyst36@example.com,West,financial_services,SMB,analytics,discovery,92488.41,7,62,6,False,0.083,True,Customer is still comparing alternatives and gathering internal feedback. Primary contact: buyer052@example.com.,won,91032.55,Successful technical evaluation with approved budget.
OPP-01897,2025-10-10T20:57:00,analyst16@example.com,Northeast,healthcare,SMB,security,qualification,7867.45,178,68,1,False,0.116,False,Stakeholders are interested but the business case is still being refined.,lost,0.0,Budget or timing constraints prevented the purchase.
OPP-00528,2025-05-08T17:30:00,analyst15@example.com,South,manufacturing,Mid-Market,security,discovery,40701.14,101,96,1,False,0.246,False,Stakeholders are interested but the business case is still being refined.,lost,0.0,Insufficient stakeholder engagement and unclear business case.
OPP-01104,2025-08-14T07:59:00,analyst21@example.com,Northeast,financial_services,Enterprise,analytics,discovery,17181.62,85,93,9,False,0.266,True,Decision makers attended the latest meeting and asked for a final proposal.,won,16716.4,Strong executive sponsorship and clear ROI case.
OPP-01363,2025-05-03T12:50:00,analyst52@example.com,Northeast,healthcare,Mid-Market,security,negotiation,168169.51,129,58,4,True,0.231,True,Engagement has slowed and the proposal has not received internal sponsorship. Primary contact: buyer097@example.com.,won,164650.82,Good product fit and timely stakeholder engagement.
OPP-01006,2025-02-16T10:15:00,analyst37@example.com,South,retail,Mid-Market,analytics,qualification,28518.83,62,92,2,True,0.151,False,The opportunity remains active but timing depends on the next planning cycle.,lost,0.0,Competitor preference and switching costs reduced win likelihood.
OPP-00409,2025-05-11T16:13:00,analyst10@example.com,Midwest,financial_services,SMB,data_platform,negotiation,50814.48,25,75,10,False,0.047,True,Budget is approved and procurement has provided a target decision date.,lost,0.0,Competitor preference and switching costs reduced win likelihood.
OPP-02985,2025-05-21T03:44:00,analyst21@example.com,Northeast,healthcare,SMB,analytics,proposal,24232.26,139,71,8,False,0.124,True,The opportunity remains active but timing depends on the next planning cycle.,won,22908.7,Strong executive sponsorship and clear ROI case.
OPP-00872,2025-05-27T05:38:00,analyst17@example.com,Northeast,financial_services,SMB,security,qualification,30658.08,95,72,6,False,0.167,False,Customer is still comparing alternatives and gathering internal feedback.,won,30915.67,Good product fit and timely stakeholder engagement.
OPP-01588,2025-05-21T12:19:00,analyst49@example.com,Northeast,financial_services,Mid-Market,analytics,negotiation,29082.01,65,69,7,False,0.254,True,Stakeholders are interested but the business case is still being refined. Primary contact: buyer111@example.com.,won,29446.43,Good product fit and timely stakeholder engagement.
OPP-02846,2025-09-26T06:55:00,analyst53@example.com,Midwest,manufacturing,Mid-Market,data_platform,discovery,30968.58,175,65,9,False,0.206,False,The opportunity remains active but timing depends on the next planning cycle. Primary contact: buyer103@example.com.,lost,0.0,Insufficient stakeholder engagement and unclear business case.
OPP-01428,2025-11-24T00:27:00,analyst03@example.com,Northeast,manufacturing,Mid-Market,security,discovery,6860.85,99,84,3,False,0.232,True,Executive sponsor is engaged and the buying team confirmed a clear business need. Primary contact: buyer162@example.com.,lost,0.0,Competitor preference and switching costs reduced win likelihood.
OPP-02684,2025-03-17T22:31:00,analyst05@example.com,Midwest,financial_services,Mid-Market,automation,discovery,24606.23,169,15,9,False,0.03,True,Budget is uncertain and the main decision maker has not joined recent meetings.,lost,0.0,Competitor preference and switching costs reduced win likelihood.
OPP-01790,2025-04-09T12:21:00,analyst23@example.com,Northeast,financial_services,Mid-Market,automation,discovery,101182.3,141,92,2,True,0.217,False,The customer delayed the project and has not confirmed a decision timeline. Primary contact: buyer102@example.com.,lost,0.0,Insufficient stakeholder engagement and unclear business case.
OPP-00071,2025-04-14T07:38:00,analyst14@example.com,South,healthcare,SMB,data_platform,discovery,78940.76,18,95,10,True,0.092,False,Discovery is ongoing and the team requested additional product information.,lost,0.0,Insufficient stakeholder engagement and unclear business case.
OPP-02813,2025-10-07T08:42:00,analyst20@example.com,West,manufacturing,SMB,data_platform,discovery,30295.11,148,89,5,False,0.045,False,Discovery is ongoing and the team requested additional product information. Primary contact: buyer070@example.com.,won,29259.96,Good product fit and timely stakeholder engagement.
OPP-00529,2025-12-30T15:22:00,analyst16@example.com,Midwest,healthcare,Enterprise,security,proposal,59207.15,53,20,9,False,0.096,True,The customer delayed the project and has not confirmed a decision timeline.,lost,0.0,Budget or timing constraints prevented the purchase.
OPP-01188,2025-11-22T09:35:00,analyst48@example.com,West,healthcare,SMB,security,discovery,45296.43,131,60,1,False,0.048,False,Customer is still comparing alternatives and gathering internal feedback. Primary contact: buyer133@example.com.,lost,0.0,Insufficient stakeholder engagement and unclear business case.
OPP-00057,2025-02-08T11:44:00,analyst00@example.com,South,financial_services,SMB,automation,proposal,33172.67,42,31,8,True,0.049,True,A strong competitor is already deployed and switching costs are a concern.,won,31154.68,Strong executive sponsorship and clear ROI case.
OPP-01615,2025-04-25T21:45:00,analyst19@example.com,Northeast,retail,Enterprise,security,discovery,110252.07,103,52,5,False,0.1,False,Discovery is ongoing and the team requested additional product information.,lost,0.0,Insufficient stakeholder engagement and unclear business case.
OPP-01030,2025-10-13T05:02:00,analyst04@example.com,West,technology,Mid-Market,data_platform,proposal,42866.22,72,57,1,False,0.223,True,Stakeholders are interested but the business case is still being refined.,won,41903.36,Strong executive sponsorship and clear ROI case.
OPP-01473,2025-07-11T13:38:00,analyst48@example.com,West,retail,Mid-Market,automation,qualification,15842.19,147,76,1,False,0.045,False,Customer is still comparing alternatives and gathering internal feedback.,lost,0.0,Budget or timing constraints prevented the purchase.
OPP-00913,2025-09-23T10:50:00,analyst01@example.com,West,financial_services,SMB,security,proposal,30423.4,147,86,8,False,0.158,True,Decision makers attended the latest meeting and asked for a final proposal.,lost,0.0,Budget or timing constraints prevented the purchase.
OPP-02895,2025-11-09T18:34:00,analyst45@example.com,Midwest,retail,Enterprise,security,negotiation,13491.62,109,65,8,True,0.159,True,Engagement has slowed and the proposal has not received internal sponsorship. Primary contact: buyer152@example.com.,lost,0.0,Competitor preference and switching costs reduced win likelihood.
OPP-00310,2025-01-24T16:53:00,analyst25@example.com,West,financial_services,SMB,security,qualification,25635.73,161,73,2,True,0.038,False,The customer delayed the project and has not confirmed a decision timeline. Primary contact: buyer099@example.com.,lost,0.0,Budget or timing constraints prevented the purchase.
OPP-00839,2025-10-15T06:49:00,analyst41@example.com,West,retail,Mid-Market,data_platform,proposal,30813.81,36,36,4,False,0.049,True,A strong competitor is already deployed and switching costs are a concern.,won,29910.21,Successful technical evaluation with approved budget.
OPP-02137,2025-10-23T05:58:00,analyst28@example.com,Northeast,financial_services,Mid-Market,analytics,discovery,32458.77,78,74,10,False,0.11,False,Discovery is ongoing and the team requested additional product information.,won,31084.03,Strong executive sponsorship and clear ROI case.
OPP-02692,2025-08-08T20:46:00,analyst13@example.com,South,healthcare,Mid-Market,analytics,qualification,21380.3,92,40,6,True,0.025,False,A strong competitor is already deployed and switching costs are a concern.,lost,0.0,Insufficient stakeholder engagement and unclear business case.
OPP-02245,2025-06-06T21:45:00,analyst22@example.com,West,manufacturing,SMB,security,qualification,15102.22,27,89,1,True,0.002,False,Stakeholders are interested but the business case is still being refined.,lost,0.0,Insufficient stakeholder engagement and unclear business case.
OPP-01189,2026-03-06T00:46:00,analyst49@example.com,Midwest,manufacturing,Mid-Market,security,proposal,51680.84,19,60,1,True,0.099,True,The opportunity remains active but timing depends on the next planning cycle.,lost,0.0,Insufficient stakeholder engagement and unclear business case.
OPP-00394,2025-08-28T12:12:00,analyst52@example.com,South,manufacturing,Enterprise,security,qualification,29121.82,179,58,10,True,0.211,False,The customer delayed the project and has not confirmed a decision timeline.,lost,0.0,Competitor preference and switching costs reduced win likelihood.
OPP-01739,2025-10-31T10:04:00,analyst29@example.com,West,healthcare,SMB,data_platform,proposal,26020.98,169,26,6,True,0.261,True,The customer delayed the project and has not confirmed a decision timeline.,lost,0.0,Competitor preference and switching costs reduced win likelihood.
OPP-01560,2025-02-26T19:42:00,analyst21@example.com,Midwest,healthcare,Mid-Market,data_platform,discovery,7972.05,58,84,0,False,0.237,False,Customer is still comparing alternatives and gathering internal feedback.,lost,0.0,Competitor preference and switching costs reduced win likelihood.
OPP-02356,2025-03-15T16:23:00,analyst19@example.com,West,manufacturing,Mid-Market,automation,qualification,17406.78,69,45,0,True,0.067,True,Customer is still comparing alternatives and gathering internal feedback.,won,16912.89,Good product fit and timely stakeholder engagement.
OPP-00458,2025-11-01T21:20:00,analyst02@example.com,West,financial_services,SMB,security,discovery,28833.4,37,33,6,False,0.075,False,The customer delayed the project and has not confirmed a decision timeline.,lost,0.0,Budget or timing constraints prevented the purchase.
OPP-02276,2025-11-29T15:42:00,analyst53@example.com,West,technology,Mid-Market,data_platform,discovery,22671.85,148,67,1,True,0.094,False,Engagement has slowed and the proposal has not received internal sponsorship.,lost,0.0,Budget or timing constraints prevented the purchase.
OPP-00645,2025-12-17T10:10:00,analyst18@example.com,Midwest,financial_services,SMB,data_platform,proposal,121528.38,13,64,10,True,0.055,True,Discovery is ongoing and the team requested additional product information. Primary contact: buyer012@example.com.,won,111962.68,Successful technical evaluation with approved budget.
OPP-00569,2025-12-29T00:55:00,analyst56@example.com,West,technology,Enterprise,data_platform,qualification,43487.72,165,19,10,False,0.069,False,Engagement has slowed and the proposal has not received internal sponsorship. Primary contact: buyer147@example.com.,lost,0.0,Budget or timing constraints prevented the purchase.
OPP-02008,2025-09-30T23:17:00,analyst13@example.com,South,financial_services,SMB,automation,discovery,11212.15,144,83,4,True,0.14,True,Budget is uncertain and the main decision maker has not joined recent meetings.,won,11178.99,Strong executive sponsorship and clear ROI case.
OPP-01038,2025-12-03T15:00:00,analyst12@example.com,West,retail,SMB,data_platform,negotiation,16911.74,101,47,4,True,0.197,True,Budget is uncertain and the main decision maker has not joined recent meetings.,won,17417.56,Good product fit and timely stakeholder engagement.
OPP-02857,2025-08-20T07:39:00,analyst07@example.com,Northeast,healthcare,Mid-Market,automation,qualification,34341.89,89,78,2,True,0.241,False,The opportunity remains active but timing depends on the next planning cycle.,lost,0.0,Competitor preference and switching costs reduced win likelihood.
OPP-00611,2025-06-21T06:00:00,analyst41@example.com,Midwest,technology,SMB,data_platform,discovery,48982.54,124,18,2,False,0.047,False,The customer delayed the project and has not confirmed a decision timeline.,lost,0.0,Competitor preference and switching costs reduced win likelihood.
OPP-02175,2025-09-12T05:09:00,analyst09@example.com,West,retail,Mid-Market,analytics,qualification,34809.64,79,52,2,False,0.046,False,Discovery is ongoing and the team requested additional product information.,won,33386.08,Successful technical evaluation with approved budget.
OPP-02260,2025-12-28T11:39:00,analyst37@example.com,Midwest,financial_services,Enterprise,security,discovery,61144.0,126,62,6,False,0.254,False,The opportunity remains active but timing depends on the next planning cycle.,lost,0.0,Competitor preference and switching costs reduced win likelihood.
OPP-01794,2025-09-30T00:42:00,analyst27@example.com,South,retail,SMB,automation,qualification,12111.69,54,50,1,False,0.145,True,Discovery is ongoing and the team requested additional product information.,lost,0.0,Competitor preference and switching costs reduced win likelihood.
OPP-02633,2026-02-19T06:16:00,analyst11@example.com,Midwest,technology,SMB,automation,proposal,38294.66,63,80,10,False,0.099,True,Decision makers attended the latest meeting and asked for a final proposal.,won,39160.61,Good product fit and timely stakeholder engagement.
OPP-01567,2025-08-02T19:32:00,analyst28@example.com,South,manufacturing,SMB,security,negotiation,39001.46,92,58,4,False,0.146,True,Stakeholders are interested but the business case is still being refined.,won,38666.68,Successful technical evaluation with approved budget.
OPP-02838,2025-10-27T14:19:00,analyst45@example.com,South,financial_services,SMB,analytics,discovery,53066.42,82,49,5,False,0.247,False,Stakeholders are interested but the business case is still being refined. Primary contact: buyer095@example.com.,lost,0.0,Budget or timing constraints prevented the purchase.
OPP-00121,2025-02-25T16:30:00,analyst07@example.com,Northeast,healthcare,SMB,automation,proposal,103706.43,143,57,6,False,0.039,True,The opportunity remains active but timing depends on the next planning cycle. Primary contact: buyer121@example.com.,won,98058.15,Successful technical evaluation with approved budget.
OPP-01150,2025-12-28T17:58:00,analyst10@example.com,South,healthcare,Mid-Market,analytics,proposal,40670.92,163,55,6,True,0.015,True,A strong competitor is already deployed and switching costs are a concern.,lost,0.0,Budget or timing constraints prevented the purchase.
OPP-01519,2025-01-01T17:49:00,analyst37@example.com,Northeast,technology,Mid-Market,security,negotiation,44804.27,83,57,7,True,0.04,True,Customer is still comparing alternatives and gathering internal feedback. Primary contact: buyer042@example.com.,lost,0.0,Competitor preference and switching costs reduced win likelihood.
OPP-02936,2025-03-25T16:19:00,analyst29@example.com,West,financial_services,Mid-Market,automation,proposal,156850.41,84,96,2,False,0.147,True,Decision makers attended the latest meeting and asked for a final proposal.,lost,0.0,Competitor preference and switching costs reduced win likelihood.
OPP-01513,2025-03-11T11:57:00,analyst31@example.com,Midwest,technology,SMB,analytics,qualification,19810.52,9,64,1,True,0.074,False,The opportunity remains active but timing depends on the next planning cycle.,won,18943.05,Strong executive sponsorship and clear ROI case.
OPP-00314,2025-08-05T07:17:00,analyst29@example.com,Northeast,retail,Mid-Market,automation,negotiation,16468.0,99,95,7,False,0.0,True,Decision makers attended the latest meeting and asked for a final proposal.,won,16112.31,Successful technical evaluation with approved budget.
OPP-01103,2025-07-17T02:29:00,analyst20@example.com,South,financial_services,Enterprise,data_platform,negotiation,24295.44,114,31,0,False,0.007,True,A strong competitor is already deployed and switching costs are a concern. Primary contact: buyer048@example.com.,lost,0.0,Competitor preference and switching costs reduced win likelihood.
OPP-00234,2025-02-28T15:13:00,analyst06@example.com,South,healthcare,SMB,data_platform,proposal,34868.43,118,61,9,False,0.126,True,Customer is still comparing alternatives and gathering internal feedback. Primary contact: buyer023@example.com.,won,34618.16,Strong executive sponsorship and clear ROI case.
OPP-00565,2026-02-24T03:15:00,analyst52@example.com,Midwest,technology,SMB,security,discovery,59868.07,153,80,6,True,0.108,False,A strong competitor is already deployed and switching costs are a concern.,lost,0.0,Competitor preference and switching costs reduced win likelihood.
OPP-00696,2025-02-14T07:38:00,analyst12@example.com,West,manufacturing,Mid-Market,automation,discovery,123354.69,140,15,10,False,0.191,False,Budget is uncertain and the main decision maker has not joined recent meetings. Primary contact: buyer063@example.com.,lost,0.0,Competitor preference and switching costs reduced win likelihood.
OPP-02093,2025-10-08T09:11:00,analyst41@example.com,Midwest,retail,Enterprise,data_platform,qualification,25272.6,127,46,2,True,0.221,False,Budget is uncertain and the main decision maker has not joined recent meetings.,lost,0.0,Budget or timing constraints prevented the purchase.
OPP-00786,2025-06-28T05:21:00,analyst45@example.com,South,technology,SMB,data_platform,discovery,38683.98,173,81,4,False,0.006,False,Discovery is ongoing and the team requested additional product information.,lost,0.0,Competitor preference and switching costs reduced win likelihood.
OPP-00112,2025-09-28T13:02:00,analyst55@example.com,Midwest,retail,SMB,security,qualification,12767.3,19,86,6,False,0.156,True,Technical evaluation is progressing well and the customer requested implementation details.,won,13041.09,Strong executive sponsorship and clear ROI case.
OPP-02034,2025-10-15T01:07:00,analyst39@example.com,West,manufacturing,Mid-Market,analytics,negotiation,19868.0,83,94,3,True,0.182,True,Customer is still comparing alternatives and gathering internal feedback.,won,20001.83,Strong executive sponsorship and clear ROI case.
OPP-02658,2026-02-03T18:10:00,analyst36@example.com,Midwest,healthcare,SMB,analytics,qualification,12554.63,90,55,1,False,0.266,True,Discovery is ongoing and the team requested additional product information.,won,11877.41,Successful technical evaluation with approved budget.
OPP-00411,2025-05-12T02:08:00,analyst12@example.com,West,manufacturing,SMB,data_platform,qualification,16958.18,63,89,0,True,0.174,False,The opportunity remains active but timing depends on the next planning cycle.,lost,0.0,Budget or timing constraints prevented the purchase.
OPP-00219,2025-03-03T08:49:00,analyst48@example.com,Northeast,retail,Mid-Market,data_platform,negotiation,42857.27,128,63,5,False,0.208,True,Discovery is ongoing and the team requested additional product information.,won,43719.1,Strong executive sponsorship and clear ROI case.
OPP-02773,2025-12-17T10:50:00,analyst37@example.com,West,healthcare,SMB,analytics,discovery,18133.55,7,93,5,True,0.242,True,Discovery is ongoing and the team requested additional product information.,won,16717.58,Good product fit and timely stakeholder engagement.
OPP-00508,2025-06-01T18:34:00,analyst52@example.com,Midwest,technology,Enterprise,analytics,proposal,31454.16,122,91,1,True,0.079,True,Budget is uncertain and the main decision maker has not joined recent meetings. Primary contact: buyer086@example.com.,lost,0.0,Competitor preference and switching costs reduced win likelihood.
OPP-01091,2025-12-04T18:02:00,analyst08@example.com,South,retail,SMB,security,proposal,63951.98,120,69,4,False,0.088,True,Customer is still comparing alternatives and gathering internal feedback.,won,63024.14,Good product fit and timely stakeholder engagement.
OPP-02231,2025-11-11T09:12:00,analyst08@example.com,West,healthcare,SMB,data_platform,qualification,24924.43,10,50,6,True,0.11,True,The opportunity remains active but timing depends on the next planning cycle.,won,24586.72,Good product fit and timely stakeholder engagement.
OPP-00880,2025-07-09T07:06:00,analyst25@example.com,Midwest,manufacturing,SMB,analytics,discovery,57467.46,136,44,9,False,0.272,False,Discovery is ongoing and the team requested additional product information. Primary contact: buyer036@example.com.,lost,0.0,Budget or timing constraints prevented the purchase.
OPP-02585,2025-01-25T00:29:00,analyst20@example.com,Midwest,financial_services,Mid-Market,analytics,proposal,23411.96,102,64,2,False,0.121,True,The opportunity remains active but timing depends on the next planning cycle.,won,23689.49,Good product fit and timely stakeholder engagement.
OPP-01335,2025-12-15T06:38:00,analyst24@example.com,West,financial_services,Enterprise,automation,proposal,24645.63,107,63,7,False,0.263,True,Discovery is ongoing and the team requested additional product information.,lost,0.0,Insufficient stakeholder engagement and unclear business case.
OPP-00556,2025-07-21T09:58:00,analyst43@example.com,Midwest,financial_services,SMB,analytics,discovery,8678.75,127,96,8,True,0.016,False,The customer delayed the project and has not confirmed a decision timeline.,won,8156.1,Successful technical evaluation with approved budget.
OPP-01914,2025-09-21T15:22:00,analyst33@example.com,Northeast,technology,SMB,security,discovery,7711.7,118,35,0,True,0.124,False,A strong competitor is already deployed and switching costs are a concern.,lost,0.0,Competitor preference and switching costs reduced win likelihood.
OPP-02025,2026-01-01T00:21:00,analyst30@example.com,West,retail,SMB,security,discovery,12787.17,118,36,4,False,0.088,True,Engagement has slowed and the proposal has not received internal sponsorship.,lost,0.0,Insufficient stakeholder engagement and unclear business case.
OPP-00388,2026-02-27T08:25:00,analyst46@example.com,Northeast,financial_services,Enterprise,analytics,negotiation,31405.17,133,17,1,False,0.149,True,The customer delayed the project and has not confirmed a decision timeline.,lost,0.0,Budget or timing constraints prevented the purchase.
OPP-02598,2026-01-25T09:19:00,analyst33@example.com,West,technology,SMB,automation,discovery,32907.02,178,89,10,False,0.133,False,Discovery is ongoing and the team requested additional product information.,lost,0.0,Budget or timing constraints prevented the purchase.
OPP-00600,2025-05-11T01:34:00,analyst30@example.com,South,healthcare,Mid-Market,automation,discovery,21170.4,177,69,9,True,0.02,False,Budget is uncertain and the main decision maker has not joined recent meetings. Primary contact: buyer178@example.com.,lost,0.0,Insufficient stakeholder engagement and unclear business case.
OPP-00788,2025-04-11T02:10:00,analyst47@example.com,Midwest,technology,SMB,automation,negotiation,6436.68,96,75,3,False,0.138,True,Executive sponsor is engaged and the buying team confirmed a clear business need.,won,6321.9,Strong executive sponsorship and clear ROI case.
OPP-00603,2025-11-06T03:04:00,analyst33@example.com,West,technology,Mid-Market,security,discovery,11154.98,167,29,9,False,0.254,False,The customer delayed the project and has not confirmed a decision timeline. Primary contact: buyer181@example.com.,lost,0.0,Budget or timing constraints prevented the purchase.
OPP-01284,2025-10-11T18:51:00,analyst30@example.com,Midwest,technology,SMB,analytics,qualification,16984.99,31,66,9,False,0.156,False,Customer is still comparing alternatives and gathering internal feedback.,won,16309.66,Strong executive sponsorship and clear ROI case.
OPP-01476,2025-08-27T16:05:00,analyst51@example.com,Northeast,retail,Enterprise,security,discovery,9243.79,44,80,9,False,0.055,True,Decision makers attended the latest meeting and asked for a final proposal. Primary contact: buyer210@example.com.,won,8662.1,Successful technical evaluation with approved budget.
OPP-01212,2025-01-03T11:20:00,analyst15@example.com,Midwest,retail,Enterprise,data_platform,discovery,42903.3,166,88,5,False,0.182,False,Customer is still comparing alternatives and gathering internal feedback.,lost,0.0,Competitor preference and switching costs reduced win likelihood.
OPP-00946,2025-12-21T20:17:00,analyst34@example.com,South,technology,Enterprise,analytics,discovery,138934.33,75,23,9,True,0.045,False,A strong competitor is already deployed and switching costs are a concern.,lost,0.0,Competitor preference and switching costs reduced win likelihood.
OPP-00136,2025-11-24T19:38:00,analyst22@example.com,Northeast,manufacturing,SMB,data_platform,discovery,102220.1,117,84,3,False,0.029,False,The opportunity remains active but timing depends on the next planning cycle.,lost,0.0,Budget or timing constraints prevented the purchase.
OPP-01235,2025-10-09T20:16:00,analyst38@example.com,Northeast,technology,SMB,security,proposal,26893.69,125,36,0,False,0.077,True,Budget is uncertain and the main decision maker has not joined recent meetings.,lost,0.0,Budget or timing constraints prevented the purchase.
OPP-02173,2025-07-25T22:45:00,analyst07@example.com,West,healthcare,Mid-Market,analytics,negotiation,26370.37,169,51,3,True,0.201,True,Engagement has slowed and the proposal has not received internal sponsorship.,lost,0.0,Competitor preference and switching costs reduced win likelihood.
OPP-00762,2025-09-04T22:28:00,analyst21@example.com,Northeast,healthcare,Mid-Market,analytics,negotiation,21443.32,160,48,2,False,0.196,True,Discovery is ongoing and the team requested additional product information.,won,20655.78,Strong executive sponsorship and clear ROI case.
OPP-02262,2025-10-27T15:21:00,analyst39@example.com,Northeast,financial_services,SMB,security,discovery,26869.61,163,57,9,False,0.256,False,Customer is still comparing alternatives and gathering internal feedback.,lost,0.0,Competitor preference and switching costs reduced win likelihood.
OPP-00367,2025-11-24T23:24:00,analyst25@example.com,West,technology,Mid-Market,data_platform,discovery,44097.19,9,29,10,True,0.22,False,The customer delayed the project and has not confirmed a decision timeline.,lost,0.0,Competitor preference and switching costs reduced win likelihood.
OPP-01193,2026-02-04T17:51:00,analyst53@example.com,Northeast,healthcare,SMB,analytics,discovery,13188.98,130,53,8,False,0.004,False,Customer is still comparing alternatives and gathering internal feedback.,lost,0.0,Insufficient stakeholder engagement and unclear business case.
OPP-02400,2026-01-17T07:08:00,analyst06@example.com,Northeast,healthcare,Mid-Market,data_platform,qualification,13301.67,107,39,8,False,0.056,True,Engagement has slowed and the proposal has not received internal sponsorship.,lost,0.0,Budget or timing constraints prevented the purchase.
OPP-00030,2025-03-21T01:09:00,analyst30@example.com,Northeast,financial_services,SMB,analytics,proposal,15577.61,34,87,3,True,0.072,True,Customer is still comparing alternatives and gathering internal feedback.,won,15984.49,Strong executive sponsorship and clear ROI case.
OPP-02507,2025-06-26T05:02:00,analyst56@example.com,Midwest,manufacturing,SMB,automation,qualification,43297.32,71,56,0,False,0.168,True,Discovery is ongoing and the team requested additional product information.,lost,0.0,Competitor preference and switching costs reduced win likelihood.
OPP-00023,2025-12-13T07:36:00,analyst23@example.com,West,retail,Mid-Market,security,proposal,36913.91,174,96,9,True,0.229,True,A strong competitor is already deployed and switching costs are a concern. Primary contact: buyer023@example.com.,won,34954.99,Strong executive sponsorship and clear ROI case.
OPP-01058,2025-02-02T21:42:00,analyst32@example.com,Northeast,technology,Mid-Market,analytics,qualification,56028.61,165,34,3,True,0.138,False,Engagement has slowed and the proposal has not received internal sponsorship.,lost,0.0,Insufficient stakeholder engagement and unclear business case.
OPP-02000,2025-12-12T21:39:00,analyst05@example.com,South,manufacturing,SMB,security,qualification,44561.92,14,76,4,False,0.11,False,Stakeholders are interested but the business case is still being refined.,lost,0.0,Competitor preference and switching costs reduced win likelihood.
OPP-02342,2025-08-30T23:20:00,analyst05@example.com,West,technology,SMB,analytics,negotiation,42721.19,122,52,3,True,0.232,True,Budget is uncertain and the main decision maker has not joined recent meetings.,lost,0.0,Insufficient stakeholder engagement and unclear business case.
OPP-02543,2026-02-13T07:42:00,analyst35@example.com,Midwest,healthcare,Enterprise,analytics,proposal,19461.59,153,81,10,True,0.034,True,A strong competitor is already deployed and switching costs are a concern.,won,19655.61,Successful technical evaluation with approved budget.
OPP-00184,2025-10-22T01:46:00,analyst13@example.com,West,manufacturing,Mid-Market,automation,qualification,25328.1,139,58,6,False,0.279,False,The opportunity remains active but timing depends on the next planning cycle.,lost,0.0,Budget or timing constraints prevented the purchase.
OPP-02348,2025-01-25T13:54:00,analyst11@example.com,Northeast,retail,Enterprise,security,discovery,19125.27,77,91,2,False,0.115,True,Technical evaluation is progressing well and the customer requested implementation details. Primary contact: buyer027@example.com.,won,18134.73,Successful technical evaluation with approved budget.
OPP-00189,2025-12-15T13:56:00,analyst18@example.com,Midwest,healthcare,Enterprise,data_platform,discovery,8259.86,89,60,7,False,0.075,False,Stakeholders are interested but the business case is still being refined.,won,8358.38,Successful technical evaluation with approved budget.
OPP-00421,2025-12-20T07:46:00,analyst22@example.com,Midwest,financial_services,Mid-Market,security,qualification,47291.88,123,63,5,False,0.24,False,The opportunity remains active but timing depends on the next planning cycle.,lost,0.0,Competitor preference and switching costs reduced win likelihood.
OPP-00171,2025-04-19T05:58:00,analyst00@example.com,South,financial_services,Enterprise,automation,qualification,9954.67,86,23,1,True,0.111,False,Engagement has slowed and the proposal has not received internal sponsorship. Primary contact: buyer171@example.com.,lost,0.0,Budget or timing constraints prevented the purchase.
OPP-02444,2025-06-28T04:08:00,analyst50@example.com,West,financial_services,Mid-Market,analytics,proposal,73364.39,32,98,10,True,0.074,True,The opportunity remains active but timing depends on the next planning cycle.,won,73576.12,Good product fit and timely stakeholder engagement.
OPP-00461,2025-12-28T03:37:00,analyst05@example.com,Northeast,retail,Mid-Market,data_platform,qualification,30834.23,160,72,2,False,0.247,False,The opportunity remains active but timing depends on the next planning cycle.,lost,0.0,Competitor preference and switching costs reduced win likelihood.
OPP-00044,2025-09-05T19:45:00,analyst44@example.com,West,healthcare,Mid-Market,data_platform,discovery,27178.48,121,85,2,True,0.258,False,Budget is uncertain and the main decision maker has not joined recent meetings.,lost,0.0,Competitor preference and switching costs reduced win likelihood.
OPP-00088,2026-01-02T07:06:00,analyst31@example.com,Northeast,technology,Mid-Market,data_platform,qualification,13593.38,93,81,4,False,0.07,False,Discovery is ongoing and the team requested additional product information.,won,13303.6,Good product fit and timely stakeholder engagement.
OPP-00765,2025-05-15T06:58:00,analyst24@example.com,Northeast,healthcare,SMB,automation,discovery,51395.24,132,74,10,False,0.219,False,Stakeholders are interested but the business case is still being refined.,lost,0.0,Insufficient stakeholder engagement and unclear business case.
OPP-00487,2025-06-04T14:35:00,analyst31@example.com,Northeast,manufacturing,Mid-Market,automation,qualification,98526.23,121,85,4,False,0.141,False,Stakeholders are interested but the business case is still being refined.,lost,0.0,Budget or timing constraints prevented the purchase.
OPP-00719,2025-04-27T10:12:00,analyst35@example.com,South,retail,Mid-Market,security,discovery,23014.43,40,57,5,False,0.126,False,Discovery is ongoing and the team requested additional product information.,lost,0.0,Insufficient stakeholder engagement and unclear business case.
OPP-02563,2025-02-04T18:47:00,analyst55@example.com,Northeast,manufacturing,Mid-Market,data_platform,discovery,26839.22,124,75,3,True,0.272,True,The customer delayed the project and has not confirmed a decision timeline.,won,25605.91,Successful technical evaluation with approved budget.
OPP-00283,2025-06-27T18:48:00,analyst55@example.com,Northeast,healthcare,Mid-Market,automation,discovery,18445.49,135,28,6,False,0.223,False,Engagement has slowed and the proposal has not received internal sponsorship.,lost,0.0,Budget or timing constraints prevented the purchase.
OPP-00569,2025-12-29T00:55:00,analyst56@example.com,West,technology,Enterprise,data_platform,qualification,43487.72,165,19,10,False,0.069,False,Engagement has slowed and the proposal has not received internal sponsorship. Primary contact: buyer147@example.com.,lost,0.0,Budget or timing constraints prevented the purchase.
OPP-02683,2025-07-21T16:51:00,analyst04@example.com,West,healthcare,Mid-Market,analytics,proposal,56931.76,161,72,9,True,0.093,True,A strong competitor is already deployed and switching costs are a concern. Primary contact: buyer151@example.com.,lost,0.0,Insufficient stakeholder engagement and unclear business case.
OPP-01360,2025-11-12T19:14:00,analyst49@example.com,South,healthcare,Enterprise,security,proposal,29279.89,120,90,8,False,0.072,True,Executive sponsor is engaged and the buying team confirmed a clear business need.,won,27009.16,Good product fit and timely stakeholder engagement.
OPP-00599,2025-10-10T13:20:00,analyst29@example.com,South,retail,SMB,automation,qualification,38032.85,6,76,2,True,0.132,False,Stakeholders are interested but the business case is still being refined.,lost,0.0,Budget or timing constraints prevented the purchase.
OPP-00258,2025-07-27T03:29:00,analyst30@example.com,Midwest,financial_services,Mid-Market,automation,qualification,29368.78,128,94,2,False,0.187,False,Customer is still comparing alternatives and gathering internal feedback.,lost,0.0,Budget or timing constraints prevented the purchase.
OPP-01308,2025-04-29T08:02:00,analyst54@example.com,South,technology,Mid-Market,automation,qualification,37558.18,165,19,7,True,0.16,False,The customer delayed the project and has not confirmed a decision timeline. Primary contact: buyer042@example.com.,lost,0.0,Budget or timing constraints prevented the purchase.
OPP-02600,2025-06-24T13:53:00,analyst35@example.com,Northeast,healthcare,SMB,automation,qualification,12947.86,129,77,3,True,0.023,False,The customer delayed the project and has not confirmed a decision timeline.,lost,0.0,Budget or timing constraints prevented the purchase.
OPP-01367,2025-02-05T03:39:00,analyst56@example.com,South,healthcare,SMB,data_platform,qualification,34246.88,158,63,3,True,0.15,False,Engagement has slowed and the proposal has not received internal sponsorship. Primary contact: buyer101@example.com.,lost,0.0,Insufficient stakeholder engagement and unclear business case.
OPP-01747,2025-05-20T16:45:00,analyst37@example.com,Northeast,manufacturing,SMB,automation,negotiation,33167.09,103,73,10,True,0.17,True,Budget is uncertain and the main decision maker has not joined recent meetings.,lost,0.0,Competitor preference and switching costs reduced win likelihood.
OPP-01227,2025-05-13T12:33:00,analyst30@example.com,South,manufacturing,SMB,automation,qualification,18482.19,29,99,9,False,0.238,True,Executive sponsor is engaged and the buying team confirmed a clear business need. Primary contact: buyer172@example.com.,won,17357.99,Good product fit and timely stakeholder engagement.
OPP-02047,2025-12-27T17:05:00,analyst52@example.com,Northeast,manufacturing,Mid-Market,data_platform,proposal,30674.35,122,52,9,False,0.273,True,Customer is still comparing alternatives and gathering internal feedback. Primary contact: buyer148@example.com.,won,29389.82,Successful technical evaluation with approved budget.
OPP-02459,2025-10-12T02:54:00,analyst08@example.com,Midwest,financial_services,Mid-Market,analytics,proposal,29086.23,164,67,7,False,0.123,True,Discovery is ongoing and the team requested additional product information.,won,28592.47,Good product fit and timely stakeholder engagement.
OPP-00150,2026-01-01T21:48:00,analyst36@example.com,Northeast,retail,SMB,automation,qualification,100995.1,172,68,3,True,0.117,False,Budget is uncertain and the main decision maker has not joined recent meetings.,lost,0.0,Budget or timing constraints prevented the purchase.
OPP-01081,2025-06-04T14:53:00,analyst55@example.com,Midwest,technology,Mid-Market,security,negotiation,53374.49,6,76,0,True,0.102,True,The opportunity remains active but timing depends on the next planning cycle.,won,50760.61,Strong executive sponsorship and clear ROI case.
OPP-02957,2025-10-08T06:54:00,analyst50@example.com,South,financial_services,Enterprise,data_platform,discovery,90319.43,115,25,2,True,0.256,False,The customer delayed the project and has not confirmed a decision timeline.,lost,0.0,Insufficient stakeholder engagement and unclear business case.
OPP-02398,2025-11-07T21:36:00,analyst04@example.com,Midwest,financial_services,Mid-Market,analytics,qualification,15005.11,169,77,8,False,0.096,False,Customer is still comparing alternatives and gathering internal feedback.,won,13988.51,Strong executive sponsorship and clear ROI case.
OPP-01458,2025-02-14T20:56:00,analyst33@example.com,Midwest,financial_services,Mid-Market,security,qualification,43154.33,71,99,0,False,0.08,False,Stakeholders are interested but the business case is still being refined.,won,43050.17,Good product fit and timely stakeholder engagement.
OPP-02118,2025-12-16T09:05:00,analyst09@example.com,West,manufacturing,SMB,automation,proposal,30864.19,128,60,10,False,0.279,True,The opportunity remains active but timing depends on the next planning cycle.,lost,0.0,Competitor preference and switching costs reduced win likelihood.
OPP-01092,2025-05-09T02:03:00,analyst09@example.com,West,healthcare,SMB,automation,discovery,29377.21,51,76,3,False,0.21,True,Technical evaluation is progressing well and the customer requested implementation details. Primary contact: buyer037@example.com.,lost,0.0,Budget or timing constraints prevented the purchase.
OPP-00135,2025-12-28T00:13:00,analyst21@example.com,South,financial_services,Enterprise,security,discovery,27329.46,118,77,2,True,0.009,False,A strong competitor is already deployed and switching costs are a concern.,lost,0.0,Insufficient stakeholder engagement and unclear business case.
OPP-01237,2025-05-13T12:19:00,analyst40@example.com,West,healthcare,SMB,security,qualification,72652.63,122,32,9,False,0.165,False,Budget is uncertain and the main decision maker has not joined recent meetings.,lost,0.0,Budget or timing constraints prevented the purchase.
OPP-02009,2025-11-15T16:15:00,analyst14@example.com,Northeast,manufacturing,SMB,security,proposal,25655.52,98,58,8,False,0.043,True,The opportunity remains active but timing depends on the next planning cycle.,won,23675.98,Good product fit and timely stakeholder engagement.
OPP-02296,2025-10-18T19:17:00,analyst16@example.com,Northeast,financial_services,SMB,data_platform,negotiation,35390.54,69,66,9,False,0.248,True,Discovery is ongoing and the team requested additional product information.,lost,0.0,Insufficient stakeholder engagement and unclear business case.
OPP-02687,2025-01-29T19:45:00,analyst08@example.com,West,manufacturing,Mid-Market,automation,discovery,28411.34,150,27,8,False,0.029,True,The customer delayed the project and has not confirmed a decision timeline.,lost,0.0,Insufficient stakeholder engagement and unclear business case.
OPP-01098,2025-08-10T11:56:00,analyst15@example.com,Northeast,retail,SMB,analytics,discovery,169154.67,20,31,6,False,0.127,False,Engagement has slowed and the proposal has not received internal sponsorship.,lost,0.0,Insufficient stakeholder engagement and unclear business case.
OPP-01838,2026-01-04T11:17:00,analyst14@example.com,West,manufacturing,SMB,data_platform,discovery,71446.09,84,86,3,True,0.192,True,The opportunity remains active but timing depends on the next planning cycle. Primary contact: buyer150@example.com.,lost,0.0,Competitor preference and switching costs reduced win likelihood.
OPP-02577,2025-01-07T04:19:00,analyst12@example.com,Midwest,manufacturing,Enterprise,automation,proposal,81943.77,5,29,3,True,0.178,True,The customer delayed the project and has not confirmed a decision timeline.,lost,0.0,Competitor preference and switching costs reduced win likelihood.
OPP-02656,2025-06-07T05:33:00,analyst34@example.com,South,manufacturing,Enterprise,analytics,discovery,19558.63,109,86,2,False,0.097,False,The opportunity remains active but timing depends on the next planning cycle.,lost,0.0,Budget or timing constraints prevented the purchase.
OPP-00843,2025-05-28T15:23:00,analyst45@example.com,Northeast,retail,Mid-Market,automation,qualification,30871.88,153,45,4,False,0.024,False,Customer is still comparing alternatives and gathering internal feedback.,lost,0.0,Competitor preference and switching costs reduced win likelihood.
OPP-02197,2025-10-08T10:08:00,analyst31@example.com,South,retail,Enterprise,automation,negotiation,97979.75,117,23,5,True,0.228,True,A strong competitor is already deployed and switching costs are a concern.,lost,0.0,Budget or timing constraints prevented the purchase.
OPP-02303,2025-08-22T11:54:00,analyst23@example.com,West,technology,Mid-Market,security,discovery,47269.32,89,84,10,True,0.212,False,Stakeholders are interested but the business case is still being refined.,lost,0.0,Insufficient stakeholder engagement and unclear business case.
OPP-01955,2025-03-22T01:44:00,analyst17@example.com,West,technology,Mid-Market,analytics,proposal,43831.09,92,75,3,False,0.112,True,Executive sponsor is engaged and the buying team confirmed a clear business need.,won,40421.89,Good product fit and timely stakeholder engagement.
OPP-00222,2026-01-15T17:13:00,analyst51@example.com,Northeast,financial_services,SMB,analytics,proposal,58967.56,158,70,1,True,0.062,True,Budget is uncertain and the main decision maker has not joined recent meetings.,won,58232.6,Successful technical evaluation with approved budget.
OPP-02572,2025-02-21T08:33:00,analyst07@example.com,West,financial_services,SMB,security,discovery,23741.83,13,95,2,False,0.199,False,The opportunity remains active but timing depends on the next planning cycle.,lost,0.0,Insufficient stakeholder engagement and unclear business case.
OPP-02675,2025-04-02T02:33:00,analyst53@example.com,Northeast,healthcare,SMB,automation,negotiation,7441.28,73,56,1,False,0.11,True,Customer is still comparing alternatives and gathering internal feedback.,lost,0.0,Budget or timing constraints prevented the purchase.
OPP-00728,2025-09-18T18:15:00,analyst44@example.com,South,financial_services,SMB,analytics,discovery,16617.78,10,82,5,False,0.03,False,Stakeholders are interested but the business case is still being refined. Primary contact: buyer095@example.com.,won,15768.7,Strong executive sponsorship and clear ROI case.
OPP-00533,2025-12-03T05:31:00,analyst20@example.com,Midwest,technology,SMB,security,discovery,8514.8,116,27,2,False,0.194,False,Engagement has slowed and the proposal has not received internal sponsorship.,lost,0.0,Competitor preference and switching costs reduced win likelihood.
OPP-02196,2025-11-11T00:51:00,analyst30@example.com,South,technology,Mid-Market,security,discovery,18442.84,149,84,8,False,0.043,False,Stakeholders are interested but the business case is still being refined.,won,17762.08,Good product fit and timely stakeholder engagement.
OPP-01399,2025-05-06T23:33:00,analyst31@example.com,South,technology,Enterprise,analytics,proposal,7428.89,52,22,1,True,0.054,True,Engagement has slowed and the proposal has not received internal sponsorship.,lost,0.0,Budget or timing constraints prevented the purchase.
OPP-02565,2025-01-31T19:09:00,analyst00@example.com,Northeast,retail,SMB,data_platform,proposal,28208.46,30,15,2,False,0.037,True,A strong competitor is already deployed and switching costs are a concern.,lost,0.0,Insufficient stakeholder engagement and unclear business case.
OPP-02642,2025-09-16T00:35:00,analyst20@example.com,Northeast,financial_services,Mid-Market,analytics,discovery,12746.94,87,64,0,False,0.053,True,Stakeholders are interested but the business case is still being refined. Primary contact: buyer110@example.com.,won,12750.14,Good product fit and timely stakeholder engagement.
OPP-01112,2025-09-15T03:19:00,analyst29@example.com,South,healthcare,SMB,automation,negotiation,36050.83,100,25,9,True,0.156,True,The customer delayed the project and has not confirmed a decision timeline. Primary contact: buyer057@example.com.,won,35281.55,Strong executive sponsorship and clear ROI case.
OPP-01625,2025-07-12T14:08:00,analyst29@example.com,Northeast,healthcare,SMB,analytics,proposal,23076.01,27,85,3,True,0.224,True,Discovery is ongoing and the team requested additional product information.,won,21853.13,Successful technical evaluation with approved budget.
OPP-00273,2025-12-05T20:27:00,analyst45@example.com,West,manufacturing,Enterprise,data_platform,discovery,70969.62,38,93,9,False,0.204,False,The opportunity remains active but timing depends on the next planning cycle.,won,66214.85,Strong executive sponsorship and clear ROI case.
OPP-00522,2025-09-27T14:23:00,analyst09@example.com,South,technology,Enterprise,automation,discovery,26613.63,95,48,1,False,0.024,False,Stakeholders are interested but the business case is still being refined.,won,25776.56,Strong executive sponsorship and clear ROI case.
OPP-01024,2025-11-13T22:35:00,analyst55@example.com,Northeast,financial_services,SMB,automation,discovery,9828.88,141,37,8,True,0.222,False,Budget is uncertain and the main decision maker has not joined recent meetings.,lost,0.0,Insufficient stakeholder engagement and unclear business case.
OPP-02996,2025-06-19T15:43:00,analyst32@example.com,Midwest,financial_services,Enterprise,data_platform,qualification,35428.18,45,70,4,True,0.178,False,The opportunity remains active but timing depends on the next planning cycle. Primary contact: buyer042@example.com.,lost,0.0,Insufficient stakeholder engagement and unclear business case.
OPP-00534,2025-01-05T16:02:00,analyst21@example.com,Northeast,manufacturing,SMB,security,qualification,64226.54,100,31,9,False,0.158,False,Engagement has slowed and the proposal has not received internal sponsorship. Primary contact: buyer112@example.com.,lost,0.0,Insufficient stakeholder engagement and unclear business case.
OPP-00863,2025-09-03T20:13:00,analyst08@example.com,Northeast,healthcare,Mid-Market,security,discovery,9377.78,175,53,8,True,0.214,False,Engagement has slowed and the proposal has not received internal sponsorship.,lost,0.0,Budget or timing constraints prevented the purchase.
OPP-00970,2025-10-11T21:19:00,analyst01@example.com,West,manufacturing,Mid-Market,security,discovery,33430.66,60,24,2,True,0.25,True,A strong competitor is already deployed and switching costs are a concern. Primary contact: buyer126@example.com.,lost,0.0,Insufficient stakeholder engagement and unclear business case.
OPP-02867,2025-12-31T21:28:00,analyst17@example.com,South,technology,Mid-Market,analytics,discovery,72393.98,124,48,8,True,0.088,False,The customer delayed the project and has not confirmed a decision timeline.,lost,0.0,Budget or timing constraints prevented the purchase.
OPP-02186,2025-05-11T16:00:00,analyst20@example.com,Northeast,manufacturing,Mid-Market,data_platform,negotiation,19943.33,48,86,7,False,0.254,True,Decision makers attended the latest meeting and asked for a final proposal.,won,20047.39,Successful technical evaluation with approved budget.
OPP-02321,2025-03-14T05:01:00,analyst41@example.com,South,healthcare,SMB,data_platform,negotiation,62574.47,35,64,0,False,0.246,True,The opportunity remains active but timing depends on the next planning cycle.,won,63126.08,Strong executive sponsorship and clear ROI case.
OPP-02314,2026-02-18T12:29:00,analyst34@example.com,Northeast,healthcare,Mid-Market,security,discovery,71774.76,54,18,9,False,0.098,True,The customer delayed the project and has not confirmed a decision timeline.,lost,0.0,Competitor preference and switching costs reduced win likelihood.
OPP-02760,2025-06-24T20:45:00,analyst24@example.com,Northeast,retail,SMB,security,negotiation,71303.62,163,15,10,False,0.158,True,The customer delayed the project and has not confirmed a decision timeline. Primary contact: buyer017@example.com.,lost,0.0,Insufficient stakeholder engagement and unclear business case.
OPP-00671,2025-02-10T11:12:00,analyst44@example.com,West,manufacturing,Mid-Market,data_platform,discovery,26160.12,165,69,6,True,0.023,True,The customer delayed the project and has not confirmed a decision timeline.,lost,0.0,Competitor preference and switching costs reduced win likelihood.
OPP-01111,2026-03-02T22:53:00,analyst28@example.com,Midwest,manufacturing,Mid-Market,data_platform,proposal,35038.44,143,36,5,False,0.199,True,The customer delayed the project and has not confirmed a decision timeline.,lost,0.0,Budget or timing constraints prevented the purchase.
OPP-00931,2025-01-25T13:13:00,analyst19@example.com,Northeast,technology,Mid-Market,analytics,negotiation,68744.12,162,93,2,False,0.101,True,Budget is approved and procurement has provided a target decision date. Primary contact: buyer087@example.com.,won,66178.0,Successful technical evaluation with approved budget.
OPP-01240,2026-02-14T10:32:00,analyst43@example.com,West,manufacturing,SMB,analytics,negotiation,39137.28,174,99,1,False,0.013,True,Technical evaluation is progressing well and the customer requested implementation details.,won,36654.31,Strong executive sponsorship and clear ROI case.
OPP-00169,2026-01-26T06:47:00,analyst55@example.com,Northeast,healthcare,SMB,data_platform,qualification,21032.34,175,27,1,False,0.226,False,Engagement has slowed and the proposal has not received internal sponsorship.,lost,0.0,Competitor preference and switching costs reduced win likelihood.
OPP-00681,2025-11-11T17:08:00,analyst54@example.com,West,financial_services,Mid-Market,data_platform,discovery,82883.67,44,73,8,False,0.063,False,The opportunity remains active but timing depends on the next planning cycle.,won,82999.76,Successful technical evaluation with approved budget.
OPP-02962,2025-07-09T08:03:00,analyst55@example.com,Northeast,technology,Mid-Market,data_platform,discovery,12614.96,154,37,4,True,0.234,True,A strong competitor is already deployed and switching costs are a concern.,lost,0.0,Competitor preference and switching costs reduced win likelihood.
OPP-00901,2026-02-09T12:52:00,analyst46@example.com,West,healthcare,Mid-Market,security,proposal,62107.19,26,72,7,False,0.111,True,Technical evaluation is progressing well and the customer requested implementation details.,won,58447.78,Strong executive sponsorship and clear ROI case.
OPP-01832,2025-12-31T04:50:00,analyst08@example.com,West,manufacturing,SMB,analytics,discovery,87180.88,90,30,7,True,0.057,False,The customer delayed the project and has not confirmed a decision timeline. Primary contact: buyer144@example.com.,lost,0.0,Insufficient stakeholder engagement and unclear business case.
OPP-02461,2025-10-02T08:27:00,analyst10@example.com,South,retail,SMB,data_platform,qualification,12019.98,101,77,6,False,0.083,False,The opportunity remains active but timing depends on the next planning cycle. Primary contact: buyer140@example.com.,won,11474.93,Successful technical evaluation with approved budget.
OPP-02503,2025-03-15T01:23:00,analyst52@example.com,Northeast,financial_services,SMB,automation,negotiation,60888.64,54,41,4,False,0.182,True,Engagement has slowed and the proposal has not received internal sponsorship. Primary contact: buyer182@example.com.,won,61495.04,Good product fit and timely stakeholder engagement.
OPP-02657,2025-06-27T05:15:00,analyst35@example.com,Midwest,retail,SMB,security,discovery,14056.27,152,95,6,True,0.136,False,Budget is uncertain and the main decision maker has not joined recent meetings.,lost,0.0,Insufficient stakeholder engagement and unclear business case.
OPP-00368,2025-12-21T18:05:00,analyst26@example.com,Midwest,healthcare,Enterprise,automation,qualification,11672.79,116,83,0,True,0.033,True,Engagement has slowed and the proposal has not received internal sponsorship.,lost,0.0,Insufficient stakeholder engagement and unclear business case.
OPP-00777,2025-02-27T17:48:00,analyst36@example.com,West,technology,SMB,data_platform,discovery,198604.98,139,92,9,False,0.102,True,Technical evaluation is progressing well and the customer requested implementation details.,lost,0.0,Insufficient stakeholder engagement and unclear business case.
OPP-02281,2025-04-30T09:43:00,analyst01@example.com,South,retail,SMB,automation,proposal,21071.93,172,74,6,True,0.253,True,A strong competitor is already deployed and switching costs are a concern.,lost,0.0,Insufficient stakeholder engagement and unclear business case.
OPP-01678,2025-06-06T20:44:00,analyst25@example.com,Northeast,retail,SMB,data_platform,proposal,25424.8,125,40,8,True,0.066,True,Engagement has slowed and the proposal has not received internal sponsorship. Primary contact: buyer201@example.com.,lost,0.0,Competitor preference and switching costs reduced win likelihood.
OPP-01314,2025-12-07T17:06:00,analyst03@example.com,Northeast,healthcare,SMB,data_platform,discovery,16869.71,7,21,7,True,0.048,False,A strong competitor is already deployed and switching costs are a concern.,lost,0.0,Insufficient stakeholder engagement and unclear business case.
OPP-00352,2025-02-08T06:29:00,analyst10@example.com,Northeast,healthcare,Enterprise,security,discovery,14646.43,113,27,2,False,0.142,False,The customer delayed the project and has not confirmed a decision timeline.,lost,0.0,Budget or timing constraints prevented the purchase.
OPP-01463,2025-06-12T20:56:00,analyst38@example.com,Midwest,retail,SMB,analytics,proposal,46262.51,64,80,0,False,0.216,True,Budget is approved and procurement has provided a target decision date.,won,46202.58,Successful technical evaluation with approved budget.
OPP-01178,2025-05-04T17:37:00,analyst38@example.com,Northeast,retail,Enterprise,analytics,negotiation,23905.26,127,18,7,True,0.156,True,Engagement has slowed and the proposal has not received internal sponsorship.,won,23608.35,Successful technical evaluation with approved budget.
OPP-01033,2025-04-02T19:53:00,analyst07@example.com,Midwest,manufacturing,Mid-Market,analytics,proposal,23885.17,176,55,3,True,0.11,True,Budget is uncertain and the main decision maker has not joined recent meetings. Primary contact: buyer189@example.com.,lost,0.0,Insufficient stakeholder engagement and unclear business case.
OPP-01862,2025-10-14T10:24:00,analyst38@example.com,Northeast,manufacturing,SMB,security,proposal,11167.38,140,54,6,True,0.08,True,Engagement has slowed and the proposal has not received internal sponsorship. Primary contact: buyer174@example.com.,won,10559.62,Good product fit and timely stakeholder engagement.
OPP-02695,2025-09-10T11:11:00,analyst16@example.com,Midwest,healthcare,SMB,data_platform,discovery,26634.35,120,57,0,True,0.055,False,Budget is uncertain and the main decision maker has not joined recent meetings.,lost,0.0,Budget or timing constraints prevented the purchase.
OPP-02376,2026-01-29T11:08:00,analyst39@example.com,Midwest,technology,SMB,automation,discovery,11954.03,150,59,1,True,0.037,False,A strong competitor is already deployed and switching costs are a concern. Primary contact: buyer055@example.com.,lost,0.0,Budget or timing constraints prevented the purchase.
OPP-00499,2025-11-25T10:05:00,analyst43@example.com,South,technology,Mid-Market,automation,discovery,85615.28,86,16,2,False,0.261,False,The customer delayed the project and has not confirmed a decision timeline.,lost,0.0,Budget or timing constraints prevented the purchase.
OPP-01642,2025-08-13T22:24:00,analyst46@example.com,Midwest,manufacturing,Enterprise,automation,negotiation,69950.55,160,72,6,True,0.212,True,Engagement has slowed and the proposal has not received internal sponsorship.,lost,0.0,Budget or timing constraints prevented the purchase.
OPP-00211,2025-10-23T08:14:00,analyst40@example.com,West,manufacturing,SMB,analytics,negotiation,46671.75,142,40,4,False,0.175,True,Budget is uncertain and the main decision maker has not joined recent meetings.,lost,0.0,Insufficient stakeholder engagement and unclear business case.
OPP-01563,2025-11-19T13:29:00,analyst24@example.com,South,technology,Mid-Market,automation,proposal,40735.39,122,26,2,True,0.045,True,Engagement has slowed and the proposal has not received internal sponsorship.,lost,0.0,Budget or timing constraints prevented the purchase.
OPP-00941,2025-02-13T09:53:00,analyst29@example.com,Midwest,healthcare,Enterprise,analytics,negotiation,5910.97,127,35,0,True,0.154,True,A strong competitor is already deployed and switching costs are a concern. Primary contact: buyer097@example.com.,lost,0.0,Budget or timing constraints prevented the purchase.
OPP-00228,2025-07-24T10:00:00,analyst00@example.com,South,financial_services,Enterprise,data_platform,qualification,52959.36,162,15,8,False,0.237,False,The customer delayed the project and has not confirmed a decision timeline.,lost,0.0,Insufficient stakeholder engagement and unclear business case.
OPP-00366,2025-11-06T17:54:00,analyst24@example.com,Northeast,healthcare,Mid-Market,analytics,negotiation,27403.37,37,53,3,False,0.083,True,Customer is still comparing alternatives and gathering internal feedback.,won,25535.54,Good product fit and timely stakeholder engagement.
OPP-00595,2025-08-24T01:51:00,analyst25@example.com,South,healthcare,Mid-Market,data_platform,qualification,44029.66,124,48,0,False,0.145,False,Stakeholders are interested but the business case is still being refined.,lost,0.0,Budget or timing constraints prevented the purchase.
OPP-02449,2025-10-24T01:25:00,analyst55@example.com,South,financial_services,SMB,analytics,qualification,39150.51,99,87,3,True,0.201,True,A strong competitor is already deployed and switching costs are a concern. Primary contact: buyer128@example.com.,won,37876.23,Strong executive sponsorship and clear ROI case.
OPP-01950,2025-10-21T04:08:00,analyst12@example.com,Northeast,manufacturing,SMB,security,discovery,10792.13,96,31,8,False,0.164,False,A strong competitor is already deployed and switching costs are a concern.,lost,0.0,Budget or timing constraints prevented the purchase.
OPP-02743,2025-08-18T15:44:00,analyst07@example.com,Northeast,healthcare,SMB,automation,qualification,121356.25,64,81,2,False,0.141,False,Stakeholders are interested but the business case is still being refined.,lost,0.0,Competitor preference and switching costs reduced win likelihood.
OPP-00890,2025-10-16T13:35:00,analyst35@example.com,Northeast,healthcare,SMB,data_platform,discovery,17367.11,52,65,10,True,0.074,False,Discovery is ongoing and the team requested additional product information.,lost,0.0,Insufficient stakeholder engagement and unclear business case.
OPP-00408,2025-04-19T12:23:00,analyst09@example.com,Midwest,healthcare,Mid-Market,security,negotiation,15592.65,100,55,9,True,0.178,True,A strong competitor is already deployed and switching costs are a concern.,lost,0.0,Competitor preference and switching costs reduced win likelihood.
OPP-02556,2025-06-13T17:45:00,analyst48@example.com,Northeast,technology,SMB,data_platform,qualification,43485.25,20,82,6,False,0.007,False,The opportunity remains active but timing depends on the next planning cycle.,won,43091.19,Good product fit and timely stakeholder engagement.
OPP-00950,2025-07-25T11:38:00,analyst38@example.com,West,manufacturing,Enterprise,analytics,proposal,17978.48,26,99,9,False,0.106,True,Budget is approved and procurement has provided a target decision date.,won,17964.42,Strong executive sponsorship and clear ROI case.
OPP-00692,2025-03-05T23:11:00,analyst08@example.com,Midwest,manufacturing,SMB,data_platform,discovery,18152.46,34,17,2,False,0.03,True,A strong competitor is already deployed and switching costs are a concern.,lost,0.0,Budget or timing constraints prevented the purchase.
OPP-01957,2025-02-18T21:14:00,analyst19@example.com,South,financial_services,SMB,data_platform,proposal,15186.32,89,71,8,False,0.117,True,The opportunity remains active but timing depends on the next planning cycle.,won,14238.38,Good product fit and timely stakeholder engagement.
OPP-02413,2025-10-20T00:26:00,analyst19@example.com,South,healthcare,SMB,data_platform,negotiation,29527.92,113,80,8,True,0.203,True,Budget is uncertain and the main decision maker has not joined recent meetings.,lost,0.0,Competitor preference and switching costs reduced win likelihood.
OPP-01462,2025-08-07T04:05:00,analyst37@example.com,Midwest,technology,Enterprise,security,proposal,22010.2,141,78,0,False,0.268,True,Executive sponsor is engaged and the buying team confirmed a clear business need.,won,22417.16,Strong executive sponsorship and clear ROI case.
OPP-00008,2025-09-30T05:59:00,analyst08@example.com,Northeast,retail,Enterprise,automation,qualification,26477.94,72,82,9,True,0.059,False,Discovery is ongoing and the team requested additional product information.,lost,0.0,Competitor preference and switching costs reduced win likelihood.
OPP-00818,2025-08-03T17:33:00,analyst20@example.com,Midwest,manufacturing,SMB,automation,qualification,31609.21,133,54,9,False,0.273,True,Discovery is ongoing and the team requested additional product information. Primary contact: buyer185@example.com.,lost,0.0,Budget or timing constraints prevented the purchase.
OPP-02412,2025-07-17T04:07:00,analyst18@example.com,Midwest,financial_services,Enterprise,security,qualification,29120.08,171,49,3,True,0.23,False,A strong competitor is already deployed and switching costs are a concern.,lost,0.0,Competitor preference and switching costs reduced win likelihood.
OPP-02297,2025-02-12T12:18:00,analyst17@example.com,Midwest,manufacturing,SMB,security,qualification,17696.52,166,47,4,True,0.134,False,Budget is uncertain and the main decision maker has not joined recent meetings. Primary contact: buyer187@example.com.,lost,0.0,Budget or timing constraints prevented the purchase.
OPP-00416,2025-02-20T22:26:00,analyst17@example.com,Northeast,manufacturing,SMB,security,qualification,32932.12,82,26,2,True,0.155,True,Engagement has slowed and the proposal has not received internal sponsorship. Primary contact: buyer205@example.com.,lost,0.0,Budget or timing constraints prevented the purchase.
OPP-01358,2025-11-04T14:06:00,analyst47@example.com,West,healthcare,SMB,analytics,proposal,89817.01,138,94,5,False,0.246,True,Executive sponsor is engaged and the buying team confirmed a clear business need. Primary contact: buyer092@example.com.,lost,0.0,Competitor preference and switching costs reduced win likelihood.
OPP-02817,2025-05-12T01:41:00,analyst24@example.com,West,retail,SMB,security,negotiation,32250.02,169,21,3,True,0.061,True,Budget is uncertain and the main decision maker has not joined recent meetings.,lost,0.0,Competitor preference and switching costs reduced win likelihood.
OPP-01872,2025-05-07T01:18:00,analyst48@example.com,South,technology,SMB,analytics,negotiation,41624.06,128,36,8,False,0.174,True,A strong competitor is already deployed and switching costs are a concern.,lost,0.0,Budget or timing constraints prevented the purchase.
OPP-00706,2025-09-26T21:37:00,analyst22@example.com,West,manufacturing,SMB,security,proposal,14788.05,75,40,9,True,0.046,True,Budget is uncertain and the main decision maker has not joined recent meetings. Primary contact: buyer073@example.com.,won,14503.87,Successful technical evaluation with approved budget.
OPP-00200,2025-09-26T02:44:00,analyst29@example.com,South,manufacturing,SMB,data_platform,proposal,11734.71,111,55,8,True,0.208,True,Engagement has slowed and the proposal has not received internal sponsorship.,won,11705.48,Good product fit and timely stakeholder engagement.
OPP-00284,2026-02-09T12:51:00,analyst56@example.com,South,retail,SMB,data_platform,qualification,42602.51,116,87,5,False,0.066,False,Stakeholders are interested but the business case is still being refined. Primary contact: buyer073@example.com.,won,41363.63,Good product fit and timely stakeholder engagement.
OPP-00232,2025-05-26T05:02:00,analyst04@example.com,Midwest,retail,SMB,analytics,discovery,36077.77,70,75,10,True,0.208,True,The opportunity remains active but timing depends on the next planning cycle.,won,33672.69,Successful technical evaluation with approved budget.
OPP-02951,2025-05-18T18:11:00,analyst44@example.com,South,manufacturing,Mid-Market,automation,proposal,14644.62,58,60,0,False,0.035,True,Discovery is ongoing and the team requested additional product information.,won,14384.56,Successful technical evaluation with approved budget.
OPP-01174,2025-04-27T10:39:00,analyst34@example.com,South,manufacturing,Enterprise,security,discovery,59685.22,46,65,7,True,0.241,False,Stakeholders are interested but the business case is still being refined.,lost,0.0,Budget or timing constraints prevented the purchase.
OPP-00097,2026-02-03T02:48:00,analyst40@example.com,West,financial_services,SMB,security,negotiation,38254.63,40,81,3,False,0.279,True,Decision makers attended the latest meeting and asked for a final proposal.,lost,0.0,Competitor preference and switching costs reduced win likelihood.
OPP-02288,2025-09-10T02:43:00,analyst08@example.com,Midwest,retail,Mid-Market,analytics,qualification,115885.14,123,49,9,True,0.243,False,A strong competitor is already deployed and switching costs are a concern.,lost,0.0,Budget or timing constraints prevented the purchase.
OPP-02575,2025-08-26T23:31:00,analyst10@example.com,Midwest,manufacturing,Mid-Market,automation,discovery,15891.2,79,69,4,True,0.077,True,Customer is still comparing alternatives and gathering internal feedback.,won,15292.45,Strong executive sponsorship and clear ROI case.
OPP-01394,2025-04-20T00:19:00,analyst26@example.com,South,technology,Enterprise,data_platform,proposal,27143.95,70,80,8,True,0.176,True,Stakeholders are interested but the business case is still being refined.,won,26107.04,Successful technical evaluation with approved budget.
OPP-01506,2025-04-19T09:47:00,analyst24@example.com,Midwest,healthcare,SMB,automation,qualification,23541.23,23,23,7,False,0.277,False,A strong competitor is already deployed and switching costs are a concern.,lost,0.0,Competitor preference and switching costs reduced win likelihood.
OPP-01085,2025-02-03T13:10:00,analyst02@example.com,Northeast,financial_services,Mid-Market,analytics,negotiation,58691.16,30,32,3,False,0.214,True,A strong competitor is already deployed and switching costs are a concern.,lost,0.0,Insufficient stakeholder engagement and unclear business case.
OPP-01426,2025-10-13T05:45:00,analyst01@example.com,South,healthcare,Enterprise,analytics,proposal,40700.39,36,85,1,False,0.105,True,Technical evaluation is progressing well and the customer requested implementation details.,won,38081.0,Good product fit and timely stakeholder engagement.
OPP-02869,2025-12-19T14:51:00,analyst19@example.com,West,healthcare,SMB,data_platform,qualification,18492.76,49,64,9,False,0.176,False,Discovery is ongoing and the team requested additional product information.,lost,0.0,Budget or timing constraints prevented the purchase.
OPP-02593,2025-08-01T05:45:00,analyst28@example.com,West,financial_services,Mid-Market,security,qualification,42959.61,179,56,4,True,0.244,True,Engagement has slowed and the proposal has not received internal sponsorship.,lost,0.0,Competitor preference and switching costs reduced win likelihood.
OPP-01411,2025-05-03T09:47:00,analyst43@example.com,Northeast,manufacturing,Mid-Market,data_platform,discovery,57109.54,97,79,1,False,0.113,True,Executive sponsor is engaged and the buying team confirmed a clear business need.,lost,0.0,Competitor preference and switching costs reduced win likelihood.
OPP-01382,2025-10-20T18:04:00,analyst14@example.com,Midwest,financial_services,SMB,data_platform,proposal,41669.9,18,90,1,True,0.144,True,Discovery is ongoing and the team requested additional product information.,won,39691.81,Strong executive sponsorship and clear ROI case.
OPP-00105,2025-09-21T18:38:00,analyst48@example.com,Northeast,healthcare,SMB,automation,qualification,16820.66,160,62,6,False,0.256,False,Customer is still comparing alternatives and gathering internal feedback.,lost,0.0,Insufficient stakeholder engagement and unclear business case.
OPP-01357,2025-01-16T11:55:00,analyst46@example.com,West,healthcare,SMB,security,discovery,46747.97,134,70,5,False,0.049,True,Discovery is ongoing and the team requested additional product information.,lost,0.0,Competitor preference and switching costs reduced win likelihood.
OPP-00613,2025-10-07T11:35:00,analyst43@example.com,Midwest,manufacturing,Mid-Market,security,qualification,17601.68,78,72,2,False,0.05,False,Discovery is ongoing and the team requested additional product information.,lost,0.0,Budget or timing constraints prevented the purchase.
OPP-01317,2026-02-06T19:43:00,analyst06@example.com,South,retail,Mid-Market,data_platform,qualification,103623.18,30,29,2,True,0.099,True,Engagement has slowed and the proposal has not received internal sponsorship.,lost,0.0,Budget or timing constraints prevented the purchase.
OPP-02864,2025-10-25T12:28:00,analyst14@example.com,Midwest,technology,Enterprise,automation,proposal,55333.55,124,63,7,False,0.128,True,The opportunity remains active but timing depends on the next planning cycle. Primary contact: buyer121@example.com.,won,52610.68,Successful technical evaluation with approved budget.
OPP-01757,2025-12-29T21:09:00,analyst47@example.com,South,healthcare,Mid-Market,data_platform,qualification,74602.1,161,23,5,True,0.163,True,Budget is uncertain and the main decision maker has not joined recent meetings. Primary contact: buyer069@example.com.,lost,0.0,Competitor preference and switching costs reduced win likelihood.
OPP-01264,2025-11-10T15:48:00,analyst10@example.com,West,technology,Mid-Market,analytics,qualification,18699.44,100,94,3,False,0.136,False,Customer is still comparing alternatives and gathering internal feedback. Primary contact: buyer209@example.com.,won,18536.44,Good product fit and timely stakeholder engagement.
OPP-00227,2025-06-17T05:41:00,analyst56@example.com,South,healthcare,SMB,data_platform,qualification,76091.76,95,42,9,True,0.265,False,A strong competitor is already deployed and switching costs are a concern.,lost,0.0,Budget or timing constraints prevented the purchase.
OPP-00742,2025-05-30T22:50:00,analyst01@example.com,South,retail,Enterprise,security,qualification,42211.12,177,77,6,False,0.147,False,Stakeholders are interested but the business case is still being refined.,lost,0.0,Insufficient stakeholder engagement and unclear business case.
OPP-02602,2025-09-01T08:39:00,analyst37@example.com,Northeast,retail,SMB,analytics,discovery,24077.19,69,83,3,True,0.15,False,Discovery is ongoing and the team requested additional product information.,lost,0.0,Budget or timing constraints prevented the purchase.
OPP-02941,2025-02-12T03:25:00,analyst34@example.com,South,financial_services,Enterprise,automation,negotiation,28969.14,167,22,5,True,0.07,True,Engagement has slowed and the proposal has not received internal sponsorship. Primary contact: buyer198@example.com.,lost,0.0,Budget or timing constraints prevented the purchase.
OPP-00643,2026-02-21T07:08:00,analyst16@example.com,West,retail,Enterprise,security,qualification,39795.26,84,75,7,False,0.072,False,Customer is still comparing alternatives and gathering internal feedback.,lost,0.0,Insufficient stakeholder engagement and unclear business case.
OPP-00928,2025-05-14T15:46:00,analyst16@example.com,South,technology,Enterprise,automation,qualification,59732.09,20,16,2,False,0.213,False,The customer delayed the project and has not confirmed a decision timeline. Primary contact: buyer084@example.com.,won,60622.73,Strong executive sponsorship and clear ROI case.
OPP-01090,2025-01-19T19:53:00,analyst07@example.com,West,manufacturing,SMB,analytics,proposal,38942.73,105,90,10,True,0.016,True,The customer delayed the project and has not confirmed a decision timeline.,won,35853.13,Successful technical evaluation with approved budget.
OPP-01287,2025-01-06T00:53:00,analyst33@example.com,South,healthcare,SMB,security,proposal,40618.0,16,23,10,True,0.228,True,A strong competitor is already deployed and switching costs are a concern. Primary contact: buyer021@example.com.,lost,0.0,Budget or timing constraints prevented the purchase.
OPP-01603,2026-01-12T04:54:00,analyst07@example.com,Northeast,healthcare,Enterprise,data_platform,qualification,37345.95,31,89,8,True,0.212,False,Stakeholders are interested but the business case is still being refined. Primary contact: buyer126@example.com.,lost,0.0,Insufficient stakeholder engagement and unclear business case.
OPP-00465,2025-04-04T03:04:00,analyst09@example.com,Northeast,healthcare,Enterprise,automation,qualification,20990.68,112,57,0,True,0.056,False,Engagement has slowed and the proposal has not received internal sponsorship.,lost,0.0,Insufficient stakeholder engagement and unclear business case.
OPP-02487,2025-07-18T21:51:00,analyst36@example.com,South,technology,Enterprise,data_platform,qualification,25359.7,60,81,6,True,0.062,False,Stakeholders are interested but the business case is still being refined.,lost,0.0,Competitor preference and switching costs reduced win likelihood.
OPP-02523,2025-08-25T13:51:00,analyst15@example.com,Midwest,healthcare,SMB,data_platform,qualification,12343.38,9,80,4,False,0.245,True,Executive sponsor is engaged and the buying team confirmed a clear business need.,won,11957.32,Good product fit and timely stakeholder engagement.
OPP-01423,2025-03-10T15:26:00,analyst55@example.com,West,healthcare,Mid-Market,security,qualification,41151.56,32,84,3,False,0.106,False,Customer is still comparing alternatives and gathering internal feedback.,lost,0.0,Budget or timing constraints prevented the purchase.
OPP-01809,2026-03-03T11:39:00,analyst42@example.com,West,manufacturing,SMB,automation,proposal,9491.73,159,79,8,True,0.117,True,A strong competitor is already deployed and switching costs are a concern. Primary contact: buyer121@example.com.,won,8960.84,Good product fit and timely stakeholder engagement.
OPP-01594,2025-11-25T17:28:00,analyst55@example.com,West,manufacturing,Mid-Market,data_platform,proposal,54533.0,118,41,6,False,0.065,True,Budget is uncertain and the main decision maker has not joined recent meetings.,won,55195.6,Successful technical evaluation with approved budget.
OPP-00908,2025-01-09T11:48:00,analyst53@example.com,Northeast,financial_services,SMB,analytics,qualification,41143.62,116,63,1,True,0.008,False,Engagement has slowed and the proposal has not received internal sponsorship.,lost,0.0,Budget or timing constraints prevented the purchase.
OPP-00213,2025-02-04T03:33:00,analyst42@example.com,South,retail,SMB,automation,proposal,27422.1,61,77,3,True,0.103,True,The opportunity remains active but timing depends on the next planning cycle.,lost,0.0,Competitor preference and switching costs reduced win likelihood.
OPP-00013,2025-08-19T16:57:00,analyst13@example.com,West,manufacturing,Enterprise,automation,qualification,30128.88,22,91,1,False,0.066,True,Executive sponsor is engaged and the buying team confirmed a clear business need.,won,29591.83,Good product fit and timely stakeholder engagement.
OPP-02910,2026-01-06T20:59:00,analyst03@example.com,West,manufacturing,Mid-Market,security,discovery,9872.51,134,85,7,True,0.085,False,Budget is uncertain and the main decision maker has not joined recent meetings.,lost,0.0,Competitor preference and switching costs reduced win likelihood.
OPP-00423,2025-07-02T03:49:00,analyst24@example.com,Midwest,financial_services,SMB,automation,qualification,9191.63,167,81,10,False,0.185,True,Executive sponsor is engaged and the buying team confirmed a clear business need.,lost,0.0,Budget or timing constraints prevented the purchase.
OPP-02072,2026-02-28T00:45:00,analyst20@example.com,Northeast,healthcare,Mid-Market,automation,discovery,41089.4,42,23,7,True,0.072,True,Budget is uncertain and the main decision maker has not joined recent meetings.,lost,0.0,Competitor preference and switching costs reduced win likelihood.
OPP-01672,2025-07-04T16:46:00,analyst19@example.com,West,manufacturing,SMB,data_platform,negotiation,44403.72,165,45,4,False,0.254,True,Customer is still comparing alternatives and gathering internal feedback.,lost,0.0,Budget or timing constraints prevented the purchase.
OPP-02645,2026-02-23T15:54:00,analyst23@example.com,Midwest,technology,SMB,data_platform,negotiation,25965.76,97,18,5,False,0.234,True,Engagement has slowed and the proposal has not received internal sponsorship.,lost,0.0,Insufficient stakeholder engagement and unclear business case.
OPP-00730,2025-12-13T01:01:00,analyst46@example.com,Northeast,financial_services,SMB,data_platform,qualification,7030.79,154,82,0,True,0.227,False,Engagement has slowed and the proposal has not received internal sponsorship.,lost,0.0,Budget or timing constraints prevented the purchase.
OPP-00651,2026-01-30T11:11:00,analyst24@example.com,West,retail,Mid-Market,automation,negotiation,22984.1,88,16,10,True,0.087,True,Engagement has slowed and the proposal has not received internal sponsorship.,lost,0.0,Budget or timing constraints prevented the purchase.
OPP-01289,2025-12-17T09:23:00,analyst35@example.com,Midwest,financial_services,Enterprise,data_platform,negotiation,20876.9,147,36,7,False,0.131,True,The customer delayed the project and has not confirmed a decision timeline. Primary contact: buyer023@example.com.,won,20798.87,Strong executive sponsorship and clear ROI case.
OPP-01608,2025-07-21T10:32:00,analyst12@example.com,West,retail,Mid-Market,security,negotiation,25207.99,126,51,10,False,0.227,True,Stakeholders are interested but the business case is still being refined. Primary contact: buyer131@example.com.,won,24287.1,Successful technical evaluation with approved budget.
OPP-00510,2025-05-26T09:55:00,analyst54@example.com,West,manufacturing,Mid-Market,analytics,qualification,8750.86,44,42,5,True,0.061,False,A strong competitor is already deployed and switching costs are a concern.,lost,0.0,Competitor preference and switching costs reduced win likelihood.
OPP-00598,2025-06-22T07:36:00,analyst28@example.com,South,manufacturing,Mid-Market,automation,proposal,14640.55,106,36,7,True,0.041,True,The customer delayed the project and has not confirmed a decision timeline.,lost,0.0,Budget or timing constraints prevented the purchase.
OPP-01617,2025-01-23T01:43:00,analyst21@example.com,Northeast,financial_services,Mid-Market,security,negotiation,43946.21,60,42,1,False,0.006,True,Engagement has slowed and the proposal has not received internal sponsorship.,won,44198.09,Successful technical evaluation with approved budget.
OPP-02460,2025-04-03T12:35:00,analyst09@example.com,South,financial_services,SMB,analytics,discovery,20869.98,150,64,10,True,0.202,False,The customer delayed the project and has not confirmed a decision timeline.,lost,0.0,Competitor preference and switching costs reduced win likelihood.
OPP-00870,2025-01-23T12:42:00,analyst15@example.com,South,technology,SMB,data_platform,proposal,15717.39,137,20,8,True,0.027,True,The customer delayed the project and has not confirmed a decision timeline.,lost,0.0,Budget or timing constraints prevented the purchase.
OPP-02649,2025-01-24T04:18:00,analyst27@example.com,South,financial_services,Mid-Market,automation,discovery,20244.15,98,68,5,True,0.252,False,The customer delayed the project and has not confirmed a decision timeline.,lost,0.0,Budget or timing constraints prevented the purchase.
OPP-00519,2025-12-27T11:51:00,analyst06@example.com,South,manufacturing,Mid-Market,security,negotiation,12776.68,62,26,4,False,0.199,True,A strong competitor is already deployed and switching costs are a concern.,lost,0.0,Budget or timing constraints prevented the purchase.
OPP-02415,2025-03-29T22:11:00,analyst21@example.com,West,financial_services,SMB,security,qualification,14404.37,131,40,1,True,0.196,False,Engagement has slowed and the proposal has not received internal sponsorship.,lost,0.0,Insufficient stakeholder engagement and unclear business case.
OPP-00574,2025-07-31T15:23:00,analyst04@example.com,South,manufacturing,Mid-Market,analytics,proposal,33998.67,137,41,5,False,0.276,True,Engagement has slowed and the proposal has not received internal sponsorship.,lost,0.0,Budget or timing constraints prevented the purchase.
OPP-02731,2025-06-07T08:58:00,analyst52@example.com,South,manufacturing,Enterprise,automation,discovery,39860.49,84,17,4,True,0.087,False,Engagement has slowed and the proposal has not received internal sponsorship.,lost,0.0,Budget or timing constraints prevented the purchase.
OPP-01147,2025-04-21T12:42:00,analyst07@example.com,West,healthcare,SMB,security,qualification,35910.29,169,56,10,True,0.045,False,The customer delayed the project and has not confirmed a decision timeline.,lost,0.0,Insufficient stakeholder engagement and unclear business case.
OPP-01963,2026-02-11T20:02:00,analyst25@example.com,West,manufacturing,Mid-Market,automation,negotiation,27717.33,20,56,3,False,0.209,True,Stakeholders are interested but the business case is still being refined.,won,26901.19,Successful technical evaluation with approved budget.
OPP-01475,2025-07-22T18:02:00,analyst50@example.com,West,financial_services,SMB,analytics,discovery,43681.6,61,100,0,True,0.162,False,Discovery is ongoing and the team requested additional product information.,lost,0.0,Competitor preference and switching costs reduced win likelihood.
OPP-01433,2025-09-06T13:44:00,analyst08@example.com,West,retail,SMB,security,negotiation,46586.6,16,90,4,False,0.275,True,Executive sponsor is engaged and the buying team confirmed a clear business need.,won,42959.77,Successful technical evaluation with approved budget.
OPP-02761,2026-01-30T20:30:00,analyst25@example.com,Midwest,retail,SMB,data_platform,proposal,85702.75,180,20,0,True,0.244,True,A strong competitor is already deployed and switching costs are a concern.,lost,0.0,Budget or timing constraints prevented the purchase.
OPP-01746,2025-08-05T19:36:00,analyst36@example.com,South,technology,SMB,data_platform,negotiation,9440.84,134,97,4,False,0.122,True,Decision makers attended the latest meeting and asked for a final proposal.,lost,0.0,Insufficient stakeholder engagement and unclear business case.
OPP-00221,2025-09-04T18:37:00,analyst50@example.com,West,financial_services,SMB,security,qualification,32450.24,83,88,5,False,0.111,True,Technical evaluation is progressing well and the customer requested implementation details. Primary contact: buyer010@example.com.,won,31284.03,Good product fit and timely stakeholder engagement.
OPP-02914,2025-11-10T04:26:00,analyst07@example.com,South,manufacturing,Mid-Market,automation,qualification,8695.11,171,34,5,False,0.143,False,A strong competitor is already deployed and switching costs are a concern.,lost,0.0,Competitor preference and switching costs reduced win likelihood.
OPP-00359,2026-02-09T23:07:00,analyst17@example.com,West,financial_services,SMB,data_platform,qualification,139294.07,115,51,4,False,0.213,True,Stakeholders are interested but the business case is still being refined.,lost,0.0,Budget or timing constraints prevented the purchase.
OPP-01211,2025-08-07T16:58:00,analyst14@example.com,Northeast,healthcare,Mid-Market,data_platform,proposal,18415.77,100,23,8,True,0.207,True,Budget is uncertain and the main decision maker has not joined recent meetings.,lost,0.0,Budget or timing constraints prevented the purchase.
OPP-01799,2025-03-19T23:18:00,analyst32@example.com,Midwest,financial_services,SMB,automation,proposal,12505.36,16,48,6,True,0.136,True,Discovery is ongoing and the team requested additional product information.,lost,0.0,Competitor preference and switching costs reduced win likelihood.
OPP-01622,2025-08-14T17:38:00,analyst26@example.com,Midwest,manufacturing,Mid-Market,automation,proposal,9059.59,82,85,8,True,0.202,True,Stakeholders are interested but the business case is still being refined. Primary contact: buyer145@example.com.,won,8488.54,Good product fit and timely stakeholder engagement.
OPP-00260,2026-01-01T08:00:00,analyst32@example.com,West,manufacturing,Mid-Market,automation,qualification,36890.54,140,54,5,False,0.208,True,The opportunity remains active but timing depends on the next planning cycle.,won,37981.0,Strong executive sponsorship and clear ROI case.
OPP-02777,2026-02-10T20:46:00,analyst41@example.com,Midwest,financial_services,SMB,automation,negotiation,67198.33,46,72,7,False,0.059,True,Technical evaluation is progressing well and the customer requested implementation details. Primary contact: buyer034@example.com.,won,62406.39,Good product fit and timely stakeholder engagement.
OPP-01512,2025-12-10T11:36:00,analyst30@example.com,Northeast,retail,Mid-Market,automation,negotiation,48237.0,33,68,6,True,0.118,True,Stakeholders are interested but the business case is still being refined.,lost,0.0,Insufficient stakeholder engagement and unclear business case.
OPP-02399,2025-07-02T18:33:00,analyst05@example.com,West,retail,Mid-Market,security,qualification,24882.82,164,72,8,False,0.198,True,Technical evaluation is progressing well and the customer requested implementation details.,lost,0.0,Competitor preference and switching costs reduced win likelihood.
OPP-02322,2025-07-25T11:36:00,analyst42@example.com,Northeast,manufacturing,Mid-Market,analytics,proposal,9324.06,61,87,10,False,0.248,True,Technical evaluation is progressing well and the customer requested implementation details.,won,9111.24,Successful technical evaluation with approved budget.
OPP-00991,2025-12-27T01:07:00,analyst22@example.com,West,manufacturing,SMB,analytics,discovery,21808.71,166,43,9,True,0.029,False,The customer delayed the project and has not confirmed a decision timeline.,lost,0.0,Budget or timing constraints prevented the purchase.
OPP-02414,2025-03-31T14:29:00,analyst20@example.com,South,healthcare,Enterprise,automation,discovery,8623.44,31,29,5,True,0.128,False,Budget is uncertain and the main decision maker has not joined recent meetings.,lost,0.0,Competitor preference and switching costs reduced win likelihood.
OPP-01074,2025-06-25T14:34:00,analyst48@example.com,West,technology,Enterprise,automation,qualification,36427.34,156,94,9,False,0.014,True,Executive sponsor is engaged and the buying team confirmed a clear business need. Primary contact: buyer019@example.com.,won,36772.02,Successful technical evaluation with approved budget.
OPP-01495,2025-04-07T16:27:00,analyst13@example.com,South,healthcare,Mid-Market,security,discovery,11983.45,157,72,0,True,0.083,False,A strong competitor is already deployed and switching costs are a concern.,won,11355.03,Strong executive sponsorship and clear ROI case.
OPP-00784,2026-01-21T23:17:00,analyst43@example.com,Midwest,retail,SMB,analytics,discovery,138996.02,139,52,3,True,0.247,True,Engagement has slowed and the proposal has not received internal sponsorship.,lost,0.0,Competitor preference and switching costs reduced win likelihood.
OPP-02722,2026-01-10T01:57:00,analyst43@example.com,West,manufacturing,Enterprise,security,qualification,42291.47,93,73,6,True,0.008,False,Discovery is ongoing and the team requested additional product information. Primary contact: buyer190@example.com.,lost,0.0,Insufficient stakeholder engagement and unclear business case.
OPP-02331,2025-03-01T05:25:00,analyst51@example.com,West,technology,SMB,analytics,negotiation,59501.01,114,74,9,True,0.184,True,Budget is uncertain and the main decision maker has not joined recent meetings.,won,60776.42,Successful technical evaluation with approved budget.
OPP-00457,2025-08-20T21:23:00,analyst01@example.com,Midwest,financial_services,Enterprise,automation,discovery,41662.94,139,54,9,False,0.137,False,Customer is still comparing alternatives and gathering internal feedback.,lost,0.0,Budget or timing constraints prevented the purchase.
OPP-00463,2025-10-27T09:50:00,analyst07@example.com,Northeast,retail,Enterprise,security,qualification,9418.81,81,60,1,True,0.249,True,Customer is still comparing alternatives and gathering internal feedback.,lost,0.0,Budget or timing constraints prevented the purchase.
OPP-02230,2025-03-23T22:56:00,analyst07@example.com,West,healthcare,Mid-Market,analytics,qualification,7430.94,158,17,2,True,0.001,False,Budget is uncertain and the main decision maker has not joined recent meetings.,lost,0.0,Budget or timing constraints prevented the purchase.
OPP-01597,2025-08-12T04:18:00,analyst01@example.com,West,manufacturing,SMB,automation,negotiation,25727.77,95,70,2,True,0.047,True,Customer is still comparing alternatives and gathering internal feedback.,won,24248.84,Successful technical evaluation with approved budget.
OPP-00382,2025-02-15T14:54:00,analyst40@example.com,South,healthcare,SMB,automation,proposal,29184.42,88,81,9,True,0.218,True,Discovery is ongoing and the team requested additional product information.,won,27112.74,Successful technical evaluation with approved budget.
OPP-00846,2026-01-28T18:13:00,analyst48@example.com,Midwest,retail,SMB,automation,negotiation,62405.83,114,68,0,False,0.242,True,Stakeholders are interested but the business case is still being refined.,lost,0.0,Competitor preference and switching costs reduced win likelihood.
OPP-01845,2025-11-07T20:42:00,analyst21@example.com,South,financial_services,Mid-Market,data_platform,qualification,14964.42,106,96,10,True,0.019,False,Budget is uncertain and the main decision maker has not joined recent meetings. Primary contact: buyer157@example.com.,won,14671.4,Strong executive sponsorship and clear ROI case.
OPP-01755,2025-10-19T05:44:00,analyst45@example.com,Midwest,financial_services,SMB,security,proposal,10415.13,172,15,7,True,0.002,True,The customer delayed the project and has not confirmed a decision timeline.,lost,0.0,Insufficient stakeholder engagement and unclear business case.
OPP-00790,2025-01-05T23:05:00,analyst49@example.com,South,technology,SMB,automation,proposal,14748.11,158,83,10,False,0.068,True,Budget is approved and procurement has provided a target decision date.,won,14796.87,Good product fit and timely stakeholder engagement.
OPP-02058,2025-11-09T08:38:00,analyst06@example.com,South,technology,Mid-Market,security,proposal,22514.07,144,21,0,True,0.176,True,A strong competitor is already deployed and switching costs are a concern.,lost,0.0,Competitor preference and switching costs reduced win likelihood.
OPP-01400,2025-03-02T15:15:00,analyst32@example.com,Midwest,financial_services,SMB,data_platform,proposal,44200.47,174,91,2,True,0.115,True,The customer delayed the project and has not confirmed a decision timeline.,won,40904.2,Good product fit and timely stakeholder engagement.
OPP-02311,2025-01-13T16:32:00,analyst31@example.com,West,retail,Enterprise,automation,proposal,31118.7,165,64,0,True,0.045,True,Budget is uncertain and the main decision maker has not joined recent meetings. Primary contact: buyer201@example.com.,lost,0.0,Insufficient stakeholder engagement and unclear business case.
OPP-01843,2025-12-27T00:34:00,analyst19@example.com,Midwest,healthcare,SMB,automation,proposal,19856.16,68,84,0,True,0.162,True,Discovery is ongoing and the team requested additional product information.,lost,0.0,Budget or timing constraints prevented the purchase.
OPP-02420,2025-05-08T15:26:00,analyst26@example.com,West,retail,Mid-Market,automation,negotiation,20512.77,55,39,6,False,0.045,True,Budget is uncertain and the main decision maker has not joined recent meetings.,won,19424.18,Successful technical evaluation with approved budget.
OPP-01526,2025-03-10T17:21:00,analyst44@example.com,South,retail,SMB,analytics,discovery,17357.3,14,77,3,True,0.124,False,Stakeholders are interested but the business case is still being refined.,lost,0.0,Competitor preference and switching costs reduced win likelihood.
OPP-01269,2025-03-03T08:18:00,analyst15@example.com,West,financial_services,SMB,automation,qualification,36385.24,96,89,2,True,0.039,False,Engagement has slowed and the proposal has not received internal sponsorship. Primary contact: buyer003@example.com.,lost,0.0,Competitor preference and switching costs reduced win likelihood.
OPP-01422,2025-12-18T02:01:00,analyst54@example.com,Midwest,retail,Mid-Market,automation,qualification,18838.53,73,22,1,True,0.124,False,Budget is uncertain and the main decision maker has not joined recent meetings. Primary contact: buyer156@example.com.,lost,0.0,Insufficient stakeholder engagement and unclear business case.
OPP-02366,2025-04-05T08:22:00,analyst29@example.com,Midwest,manufacturing,SMB,analytics,discovery,59823.06,73,58,8,False,0.16,True,Discovery is ongoing and the team requested additional product information.,lost,0.0,Competitor preference and switching costs reduced win likelihood.
OPP-02293,2026-01-07T12:21:00,analyst13@example.com,South,manufacturing,Mid-Market,data_platform,qualification,9445.67,135,60,7,False,0.149,True,The opportunity remains active but timing depends on the next planning cycle.,won,9593.0,Good product fit and timely stakeholder engagement.
OPP-02046,2025-09-02T19:32:00,analyst51@example.com,Northeast,financial_services,Mid-Market,automation,discovery,16990.3,45,72,3,True,0.246,True,Stakeholders are interested but the business case is still being refined.,lost,0.0,Competitor preference and switching costs reduced win likelihood.
OPP-02740,2025-08-08T04:56:00,analyst04@example.com,South,manufacturing,Mid-Market,automation,discovery,11141.91,140,65,3,True,0.176,True,Engagement has slowed and the proposal has not received internal sponsorship.,lost,0.0,Competitor preference and switching costs reduced win likelihood.
OPP-00543,2026-02-19T03:40:00,analyst30@example.com,South,financial_services,SMB,security,proposal,7875.82,116,82,3,True,0.007,True,A strong competitor is already deployed and switching costs are a concern.,won,7916.64,Successful technical evaluation with approved budget.
OPP-02509,2025-08-13T17:44:00,analyst01@example.com,Midwest,manufacturing,SMB,automation,qualification,32934.84,89,38,0,True,0.19,True,The customer delayed the project and has not confirmed a decision timeline.,lost,0.0,Competitor preference and switching costs reduced win likelihood.
OPP-01952,2025-10-17T12:22:00,analyst14@example.com,Northeast,financial_services,SMB,security,discovery,13833.44,136,44,9,True,0.059,False,A strong competitor is already deployed and switching costs are a concern.,lost,0.0,Budget or timing constraints prevented the purchase.
OPP-01180,2025-10-28T01:38:00,analyst40@example.com,West,financial_services,SMB,analytics,negotiation,25578.58,15,46,6,True,0.142,True,Stakeholders are interested but the business case is still being refined.,lost,0.0,Competitor preference and switching costs reduced win likelihood.
OPP-01779,2025-08-15T20:34:00,analyst12@example.com,Midwest,financial_services,Mid-Market,security,proposal,8114.3,56,86,4,False,0.088,True,Budget is approved and procurement has provided a target decision date.,won,7974.7,Good product fit and timely stakeholder engagement.
OPP-00747,2025-10-15T02:15:00,analyst06@example.com,Northeast,technology,SMB,automation,discovery,59900.0,99,37,2,False,0.052,False,Budget is uncertain and the main decision maker has not joined recent meetings.,lost,0.0,Budget or timing constraints prevented the purchase.
OPP-02427,2025-04-06T00:50:00,analyst33@example.com,West,manufacturing,SMB,automation,qualification,52095.44,66,68,0,False,0.138,True,The opportunity remains active but timing depends on the next planning cycle.,won,51477.56,Successful technical evaluation with approved budget.
OPP-01042,2025-06-06T11:46:00,analyst16@example.com,Northeast,technology,Mid-Market,data_platform,proposal,21043.23,133,81,1,False,0.058,True,Budget is approved and procurement has provided a target decision date.,won,21054.86,Strong executive sponsorship and clear ROI case.
OPP-02837,2026-02-01T23:57:00,analyst44@example.com,West,manufacturing,Mid-Market,analytics,discovery,15910.28,26,57,5,False,0.271,False,The opportunity remains active but timing depends on the next planning cycle. Primary contact: buyer094@example.com.,lost,0.0,Budget or timing constraints prevented the purchase.
OPP-02065,2026-01-17T23:26:00,analyst13@example.com,Northeast,healthcare,Mid-Market,security,discovery,6558.84,179,94,9,False,0.138,False,The opportunity remains active but timing depends on the next planning cycle.,lost,0.0,Insufficient stakeholder engagement and unclear business case.
OPP-02900,2025-02-20T01:21:00,analyst50@example.com,Midwest,technology,SMB,security,negotiation,20382.6,172,28,9,False,0.139,True,Budget is uncertain and the main decision maker has not joined recent meetings.,lost,0.0,Competitor preference and switching costs reduced win likelihood.
OPP-02643,2025-12-10T23:29:00,analyst21@example.com,West,healthcare,SMB,analytics,discovery,32835.23,114,60,4,True,0.174,True,The customer delayed the project and has not confirmed a decision timeline.,won,31313.84,Successful technical evaluation with approved budget.
OPP-02454,2025-06-21T11:54:00,analyst03@example.com,Northeast,technology,Mid-Market,analytics,discovery,31900.8,117,97,3,True,0.125,False,The customer delayed the project and has not confirmed a decision timeline.,won,30972.79,Strong executive sponsorship and clear ROI case.
OPP-02426,2025-07-17T00:10:00,analyst32@example.com,Midwest,healthcare,Mid-Market,security,qualification,37599.81,165,64,8,True,0.066,False,Budget is uncertain and the main decision maker has not joined recent meetings. Primary contact: buyer105@example.com.,lost,0.0,Competitor preference and switching costs reduced win likelihood.
OPP-01691,2025-04-08T23:38:00,analyst38@example.com,South,healthcare,SMB,data_platform,qualification,68550.28,97,59,5,False,0.224,False,Customer is still comparing alternatives and gathering internal feedback.,lost,0.0,Insufficient stakeholder engagement and unclear business case.
OPP-00904,2025-04-01T03:23:00,analyst49@example.com,South,manufacturing,Enterprise,analytics,discovery,36723.26,146,28,0,False,0.182,False,The customer delayed the project and has not confirmed a decision timeline. Primary contact: buyer060@example.com.,lost,0.0,Insufficient stakeholder engagement and unclear business case.
OPP-00436,2025-11-01T14:16:00,analyst37@example.com,Midwest,retail,Mid-Market,analytics,qualification,43506.93,41,49,3,False,0.111,False,Stakeholders are interested but the business case is still being refined. Primary contact: buyer014@example.com.,lost,0.0,Budget or timing constraints prevented the purchase.
OPP-02624,2026-02-20T11:23:00,analyst02@example.com,Midwest,technology,SMB,automation,qualification,16849.06,100,15,9,True,0.254,False,Engagement has slowed and the proposal has not received internal sponsorship. Primary contact: buyer092@example.com.,lost,0.0,Competitor preference and switching costs reduced win likelihood.
OPP-00238,2025-10-12T02:54:00,analyst10@example.com,Northeast,retail,Enterprise,security,discovery,137350.29,157,44,0,False,0.053,False,Discovery is ongoing and the team requested additional product information. Primary contact: buyer027@example.com.,lost,0.0,Insufficient stakeholder engagement and unclear business case.
OPP-01012,2025-05-02T16:41:00,analyst43@example.com,West,retail,SMB,security,discovery,34425.38,153,83,8,True,0.107,False,The customer delayed the project and has not confirmed a decision timeline.,lost,0.0,Budget or timing constraints prevented the purchase.
OPP-00110,2025-08-22T20:01:00,analyst53@example.com,Northeast,retail,Mid-Market,analytics,qualification,10662.24,143,42,0,True,0.278,True,The customer delayed the project and has not confirmed a decision timeline.,lost,0.0,Insufficient stakeholder engagement and unclear business case.
OPP-02284,2025-09-23T09:20:00,analyst04@example.com,Midwest,retail,Enterprise,data_platform,negotiation,18392.04,105,63,1,True,0.231,True,A strong competitor is already deployed and switching costs are a concern.,lost,0.0,Insufficient stakeholder engagement and unclear business case.
OPP-00164,2025-09-02T19:38:00,analyst50@example.com,South,manufacturing,SMB,automation,proposal,11007.98,89,24,3,True,0.089,True,Budget is uncertain and the main decision maker has not joined recent meetings.,lost,0.0,Insufficient stakeholder engagement and unclear business case.
OPP-00289,2025-09-25T13:15:00,analyst04@example.com,West,manufacturing,Enterprise,automation,discovery,17044.74,103,60,3,True,0.169,False,Engagement has slowed and the proposal has not received internal sponsorship.,lost,0.0,Insufficient stakeholder engagement and unclear business case.
OPP-00253,2025-08-11T06:28:00,analyst25@example.com,Northeast,manufacturing,Mid-Market,analytics,proposal,31238.55,19,57,5,False,0.122,True,Customer is still comparing alternatives and gathering internal feedback.,won,30053.78,Good product fit and timely stakeholder engagement.
OPP-02184,2026-01-21T01:28:00,analyst18@example.com,South,healthcare,Enterprise,data_platform,negotiation,92848.66,113,27,7,True,0.177,True,Budget is uncertain and the main decision maker has not joined recent meetings.,won,87172.66,Strong executive sponsorship and clear ROI case.
OPP-01566,2025-04-03T11:51:00,analyst27@example.com,South,financial_services,Enterprise,security,discovery,36920.87,70,57,3,True,0.1,False,Discovery is ongoing and the team requested additional product information.,lost,0.0,Budget or timing constraints prevented the purchase.
OPP-01300,2025-04-11T04:05:00,analyst46@example.com,Northeast,manufacturing,Mid-Market,analytics,negotiation,55582.4,111,69,1,True,0.117,True,Budget is uncertain and the main decision maker has not joined recent meetings.,won,51993.8,Strong executive sponsorship and clear ROI case.
OPP-02263,2025-03-16T08:52:00,analyst40@example.com,South,financial_services,Mid-Market,analytics,qualification,17827.57,165,35,6,False,0.23,False,Budget is uncertain and the main decision maker has not joined recent meetings. Primary contact: buyer153@example.com.,lost,0.0,Competitor preference and switching costs reduced win likelihood.
OPP-00830,2026-01-26T19:32:00,analyst32@example.com,West,retail,Mid-Market,automation,negotiation,50424.04,136,36,2,True,0.234,True,Engagement has slowed and the proposal has not received internal sponsorship.,lost,0.0,Insufficient stakeholder engagement and unclear business case.
OPP-00768,2025-06-12T15:27:00,analyst27@example.com,Midwest,manufacturing,Enterprise,security,qualification,20147.21,165,23,7,False,0.117,False,A strong competitor is already deployed and switching costs are a concern.,lost,0.0,Insufficient stakeholder engagement and unclear business case.
OPP-01403,2025-06-08T17:13:00,analyst35@example.com,Northeast,technology,Mid-Market,automation,proposal,51132.59,118,95,10,True,0.14,True,The customer delayed the project and has not confirmed a decision timeline.,won,52025.74,Good product fit and timely stakeholder engagement.
OPP-02339,2025-09-12T13:20:00,analyst02@example.com,Midwest,manufacturing,Mid-Market,automation,proposal,27123.87,18,21,2,True,0.073,True,The customer delayed the project and has not confirmed a decision timeline.,lost,0.0,Insufficient stakeholder engagement and unclear business case.
OPP-02674,2025-04-04T06:13:00,analyst52@example.com,Northeast,retail,Mid-Market,automation,qualification,14829.95,71,27,4,False,0.262,False,A strong competitor is already deployed and switching costs are a concern.,lost,0.0,Insufficient stakeholder engagement and unclear business case.
OPP-02799,2025-03-23T06:00:00,analyst06@example.com,Midwest,retail,Mid-Market,analytics,proposal,10750.56,43,99,3,False,0.224,True,Decision makers attended the latest meeting and asked for a final proposal.,won,10819.24,Good product fit and timely stakeholder engagement.
OPP-01160,2025-12-09T20:33:00,analyst20@example.com,Midwest,financial_services,Enterprise,automation,qualification,9172.62,108,19,4,False,0.224,False,Budget is uncertain and the main decision maker has not joined recent meetings.,lost,0.0,Insufficient stakeholder engagement and unclear business case.
OPP-01232,2025-04-21T02:16:00,analyst35@example.com,Midwest,financial_services,SMB,security,qualification,56175.01,146,58,3,True,0.057,False,Engagement has slowed and the proposal has not received internal sponsorship.,lost,0.0,Insufficient stakeholder engagement and unclear business case.
OPP-02787,2025-09-01T07:16:00,analyst51@example.com,South,technology,SMB,analytics,proposal,29139.89,148,89,2,False,0.142,True,Technical evaluation is progressing well and the customer requested implementation details.,lost,0.0,Competitor preference and switching costs reduced win likelihood.
OPP-02406,2025-09-21T16:54:00,analyst12@example.com,South,manufacturing,SMB,security,proposal,39935.11,45,48,10,True,0.084,True,Stakeholders are interested but the business case is still being refined.,won,38715.34,Good product fit and timely stakeholder engagement.
OPP-00462,2026-01-11T17:31:00,analyst06@example.com,West,financial_services,SMB,analytics,discovery,101505.5,35,52,4,False,0.074,True,Stakeholders are interested but the business case is still being refined. Primary contact: buyer040@example.com.,lost,0.0,Competitor preference and switching costs reduced win likelihood.
OPP-00806,2025-02-12T05:17:00,analyst08@example.com,Northeast,financial_services,Mid-Market,data_platform,qualification,46285.64,75,57,2,True,0.233,True,Customer is still comparing alternatives and gathering internal feedback.,lost,0.0,Insufficient stakeholder engagement and unclear business case.
OPP-01923,2025-12-26T12:55:00,analyst42@example.com,Northeast,financial_services,SMB,security,qualification,33137.37,35,43,3,False,0.03,False,Stakeholders are interested but the business case is still being refined.,lost,0.0,Competitor preference and switching costs reduced win likelihood.
OPP-00158,2026-02-01T05:05:00,analyst44@example.com,Midwest,financial_services,Enterprise,data_platform,discovery,34192.25,80,78,6,False,0.134,True,Decision makers attended the latest meeting and asked for a final proposal. Primary contact: buyer158@example.com.,won,32393.95,Good product fit and timely stakeholder engagement.
OPP-02309,2025-08-12T23:36:00,analyst29@example.com,Midwest,financial_services,SMB,automation,negotiation,25290.16,120,29,1,True,0.214,True,Engagement has slowed and the proposal has not received internal sponsorship.,lost,0.0,Insufficient stakeholder engagement and unclear business case.
OPP-02178,2025-08-21T20:48:00,analyst12@example.com,Midwest,healthcare,Mid-Market,security,qualification,111430.6,44,81,2,True,0.028,True,Discovery is ongoing and the team requested additional product information. Primary contact: buyer068@example.com.,won,108778.02,Good product fit and timely stakeholder engagement.
OPP-00678,2025-11-16T21:50:00,analyst51@example.com,Northeast,manufacturing,SMB,automation,discovery,22580.23,169,22,6,True,0.265,False,A strong competitor is already deployed and switching costs are a concern.,lost,0.0,Insufficient stakeholder engagement and unclear business case.
OPP-01692,2025-11-23T02:29:00,analyst39@example.com,South,retail,SMB,data_platform,discovery,50844.32,132,78,4,True,0.245,False,Budget is uncertain and the main decision maker has not joined recent meetings. Primary contact: buyer004@example.com.,lost,0.0,Insufficient stakeholder engagement and unclear business case.
OPP-00848,2025-08-26T16:53:00,analyst50@example.com,Northeast,technology,Enterprise,security,negotiation,15582.99,168,44,9,False,0.065,True,Discovery is ongoing and the team requested additional product information.,lost,0.0,Budget or timing constraints prevented the purchase.
OPP-00239,2025-11-27T00:40:00,analyst11@example.com,West,financial_services,SMB,security,proposal,31248.05,161,49,4,False,0.149,True,Discovery is ongoing and the team requested additional product information.,won,30313.35,Good product fit and timely stakeholder engagement.
OPP-02410,2025-08-30T20:45:00,analyst16@example.com,Midwest,technology,SMB,data_platform,proposal,24066.35,89,45,6,False,0.176,True,Customer is still comparing alternatives and gathering internal feedback.,won,23300.65,Successful technical evaluation with approved budget.
OPP-02055,2025-12-18T14:07:00,analyst03@example.com,South,retail,Enterprise,analytics,discovery,20365.0,9,39,9,True,0.25,True,Engagement has slowed and the proposal has not received internal sponsorship. Primary contact: buyer156@example.com.,lost,0.0,Budget or timing constraints prevented the purchase.
OPP-01991,2025-10-07T10:58:00,analyst53@example.com,South,manufacturing,Enterprise,security,discovery,28549.7,9,100,4,True,0.252,False,The opportunity remains active but timing depends on the next planning cycle.,won,26441.52,Successful technical evaluation with approved budget.
OPP-00101,2025-07-31T02:48:00,analyst44@example.com,South,healthcare,SMB,analytics,negotiation,8887.06,141,19,2,True,0.235,True,Engagement has slowed and the proposal has not received internal sponsorship. Primary contact: buyer101@example.com.,lost,0.0,Insufficient stakeholder engagement and unclear business case.
OPP-00316,2026-01-01T11:28:00,analyst31@example.com,Midwest,financial_services,Mid-Market,security,proposal,75878.02,62,56,5,False,0.141,True,Customer is still comparing alternatives and gathering internal feedback. Primary contact: buyer105@example.com.,won,73583.86,Successful technical evaluation with approved budget.
OPP-02214,2025-10-09T21:05:00,analyst48@example.com,Midwest,healthcare,SMB,data_platform,negotiation,17170.92,8,84,10,True,0.079,True,The opportunity remains active but timing depends on the next planning cycle.,won,16908.02,Strong executive sponsorship and clear ROI case.
OPP-02239,2025-04-13T23:22:00,analyst16@example.com,Midwest,financial_services,Mid-Market,automation,discovery,31707.75,115,30,0,True,0.096,False,A strong competitor is already deployed and switching costs are a concern.,lost,0.0,Competitor preference and switching costs reduced win likelihood.
OPP-00782,2025-03-20T05:09:00,analyst41@example.com,South,manufacturing,SMB,automation,qualification,84475.82,180,65,2,False,0.077,True,Discovery is ongoing and the team requested additional product information.,won,77845.62,Good product fit and timely stakeholder engagement.
OPP-01591,2025-05-02T11:48:00,analyst52@example.com,Midwest,retail,SMB,analytics,proposal,66479.68,22,24,6,False,0.033,True,Engagement has slowed and the proposal has not received internal sponsorship. Primary contact: buyer114@example.com.,lost,0.0,Insufficient stakeholder engagement and unclear business case.
OPP-00262,2026-02-16T15:22:00,analyst34@example.com,West,healthcare,Enterprise,data_platform,discovery,7923.6,153,84,10,False,0.242,False,Discovery is ongoing and the team requested additional product information.,won,7861.68,Strong executive sponsorship and clear ROI case.
OPP-00810,2025-09-10T03:09:00,analyst12@example.com,Northeast,financial_services,Mid-Market,data_platform,discovery,39375.69,77,91,1,False,0.254,False,Discovery is ongoing and the team requested additional product information.,lost,0.0,Insufficient stakeholder engagement and unclear business case.
OPP-01657,2025-05-31T21:02:00,analyst04@example.com,South,retail,Mid-Market,automation,discovery,31408.69,58,42,1,True,0.052,False,Engagement has slowed and the proposal has not received internal sponsorship. Primary contact: buyer180@example.com.,lost,0.0,Competitor preference and switching costs reduced win likelihood.
OPP-00196,2025-08-23T16:37:00,analyst25@example.com,Northeast,retail,Mid-Market,automation,negotiation,31656.29,154,76,8,False,0.255,True,Technical evaluation is progressing well and the customer requested implementation details.,won,29484.38,Strong executive sponsorship and clear ROI case.
OPP-01789,2025-03-14T15:22:00,analyst22@example.com,Northeast,financial_services,SMB,automation,discovery,35542.69,104,28,7,True,0.228,False,Engagement has slowed and the proposal has not received internal sponsorship.,lost,0.0,Competitor preference and switching costs reduced win likelihood.
OPP-01217,2025-10-16T07:02:00,analyst20@example.com,West,retail,SMB,analytics,qualification,87901.66,88,34,10,True,0.228,True,The customer delayed the project and has not confirmed a decision timeline. Primary contact: buyer162@example.com.,lost,0.0,Competitor preference and switching costs reduced win likelihood.
OPP-01749,2025-11-06T00:23:00,analyst39@example.com,South,financial_services,Enterprise,data_platform,discovery,78094.18,25,95,3,False,0.044,False,The opportunity remains active but timing depends on the next planning cycle. Primary contact: buyer061@example.com.,lost,0.0,Insufficient stakeholder engagement and unclear business case.
OPP-00180,2025-09-28T23:37:00,analyst09@example.com,South,healthcare,SMB,automation,proposal,52221.04,51,57,10,True,0.099,True,The opportunity remains active but timing depends on the next planning cycle.,lost,0.0,Competitor preference and switching costs reduced win likelihood.
OPP-02323,2025-01-02T18:48:00,analyst43@example.com,Northeast,technology,SMB,security,qualification,21443.35,91,39,9,True,0.165,False,The customer delayed the project and has not confirmed a decision timeline. Primary contact: buyer002@example.com.,lost,0.0,Insufficient stakeholder engagement and unclear business case.
OPP-01427,2026-02-21T09:42:00,analyst02@example.com,West,technology,Mid-Market,automation,qualification,21642.18,158,46,10,False,0.204,False,Discovery is ongoing and the team requested additional product information. Primary contact: buyer161@example.com.,lost,0.0,Competitor preference and switching costs reduced win likelihood.
OPP-00341,2025-01-28T13:13:00,analyst56@example.com,Northeast,healthcare,SMB,security,discovery,21719.58,174,46,3,True,0.087,True,A strong competitor is already deployed and switching costs are a concern. Primary contact: buyer130@example.com.,lost,0.0,Competitor preference and switching costs reduced win likelihood.
OPP-01069,2025-08-17T09:41:00,analyst43@example.com,Midwest,manufacturing,SMB,security,negotiation,44905.23,168,41,5,True,0.116,True,Engagement has slowed and the proposal has not received internal sponsorship.,won,41933.0,Strong executive sponsorship and clear ROI case.
OPP-02365,2025-11-22T16:02:00,analyst28@example.com,South,manufacturing,Mid-Market,data_platform,qualification,25059.22,162,39,3,False,0.129,True,A strong competitor is already deployed and switching costs are a concern. Primary contact: buyer044@example.com.,lost,0.0,Insufficient stakeholder engagement and unclear business case.
OPP-00749,2025-10-25T04:41:00,analyst08@example.com,West,financial_services,SMB,security,discovery,26927.96,145,84,6,False,0.131,False,Stakeholders are interested but the business case is still being refined.,lost,0.0,Insufficient stakeholder engagement and unclear business case.
OPP-01967,2025-09-13T20:47:00,analyst29@example.com,Northeast,healthcare,Mid-Market,security,discovery,27401.75,18,51,6,False,0.277,False,Customer is still comparing alternatives and gathering internal feedback.,won,26174.97,Strong executive sponsorship and clear ROI case.
OPP-00663,2025-11-11T01:18:00,analyst36@example.com,West,manufacturing,SMB,security,qualification,23695.76,93,76,2,True,0.099,False,Customer is still comparing alternatives and gathering internal feedback.,lost,0.0,Competitor preference and switching costs reduced win likelihood.
OPP-00481,2025-07-17T17:41:00,analyst25@example.com,Northeast,healthcare,SMB,data_platform,qualification,94009.53,50,69,8,True,0.051,False,The opportunity remains active but timing depends on the next planning cycle.,lost,0.0,Budget or timing constraints prevented the purchase.
OPP-02801,2025-06-02T22:24:00,analyst08@example.com,Northeast,retail,Mid-Market,analytics,proposal,30898.56,163,25,1,True,0.172,True,The customer delayed the project and has not confirmed a decision timeline.,lost,0.0,Budget or timing constraints prevented the purchase.
OPP-01037,2026-02-01T23:21:00,analyst11@example.com,South,manufacturing,Mid-Market,automation,discovery,41924.01,102,52,3,True,0.19,True,Engagement has slowed and the proposal has not received internal sponsorship. Primary contact: buyer193@example.com.,won,42514.24,Strong executive sponsorship and clear ROI case.
OPP-01351,2025-07-17T11:43:00,analyst40@example.com,South,healthcare,SMB,automation,proposal,8988.68,116,55,4,False,0.026,True,The opportunity remains active but timing depends on the next planning cycle. Primary contact: buyer085@example.com.,lost,0.0,Insufficient stakeholder engagement and unclear business case.
OPP-02441,2025-07-17T04:18:00,analyst47@example.com,Midwest,healthcare,SMB,automation,qualification,29012.67,72,99,9,False,0.088,True,Executive sponsor is engaged and the buying team confirmed a clear business need.,won,27863.58,Good product fit and timely stakeholder engagement.
OPP-00550,2025-09-25T12:37:00,analyst37@example.com,Midwest,financial_services,Mid-Market,security,proposal,34668.77,144,41,7,False,0.228,True,A strong competitor is already deployed and switching costs are a concern.,lost,0.0,Competitor preference and switching costs reduced win likelihood.
OPP-02665,2025-02-08T12:08:00,analyst43@example.com,Northeast,healthcare,Enterprise,automation,negotiation,24501.04,154,21,4,True,0.1,True,The customer delayed the project and has not confirmed a decision timeline.,lost,0.0,Budget or timing constraints prevented the purchase.
OPP-02714,2025-08-27T22:02:00,analyst35@example.com,South,technology,Mid-Market,data_platform,negotiation,9802.37,28,53,3,True,0.213,True,Stakeholders are interested but the business case is still being refined.,won,9338.07,Good product fit and timely stakeholder engagement.
OPP-00743,2025-01-17T06:22:00,analyst02@example.com,Midwest,financial_services,Mid-Market,security,qualification,24406.43,95,66,4,True,0.081,True,Discovery is ongoing and the team requested additional product information.,won,23668.06,Strong executive sponsorship and clear ROI case.
OPP-02421,2025-03-11T17:21:00,analyst27@example.com,Northeast,technology,SMB,data_platform,negotiation,43628.13,157,23,4,False,0.187,True,Engagement has slowed and the proposal has not received internal sponsorship.,lost,0.0,Budget or timing constraints prevented the purchase.
OPP-01719,2025-05-29T05:07:00,analyst09@example.com,Northeast,manufacturing,SMB,analytics,discovery,96830.85,21,56,4,False,0.009,False,The opportunity remains active but timing depends on the next planning cycle.,won,99528.3,Strong executive sponsorship and clear ROI case.
OPP-01478,2025-05-22T09:10:00,analyst53@example.com,Midwest,technology,SMB,security,qualification,29951.49,51,42,9,True,0.148,False,Budget is uncertain and the main decision maker has not joined recent meetings.,lost,0.0,Competitor preference and switching costs reduced win likelihood.
OPP-00841,2025-03-19T16:09:00,analyst43@example.com,Northeast,healthcare,SMB,data_platform,proposal,67830.54,152,36,6,False,0.062,True,The customer delayed the project and has not confirmed a decision timeline. Primary contact: buyer208@example.com.,lost,0.0,Insufficient stakeholder engagement and unclear business case.
OPP-01925,2025-03-11T07:47:00,analyst44@example.com,West,technology,SMB,security,discovery,5432.39,125,99,2,True,0.096,False,Engagement has slowed and the proposal has not received internal sponsorship.,won,5414.91,Successful technical evaluation with approved budget.
OPP-02535,2025-09-04T08:21:00,analyst27@example.com,Midwest,retail,SMB,analytics,discovery,24137.58,111,36,0,False,0.265,False,Engagement has slowed and the proposal has not received internal sponsorship.,lost,0.0,Insufficient stakeholder engagement and unclear business case.
OPP-02350,2025-06-16T04:26:00,analyst13@example.com,Midwest,retail,SMB,security,proposal,36139.7,131,19,2,True,0.026,True,Budget is uncertain and the main decision maker has not joined recent meetings.,lost,0.0,Insufficient stakeholder engagement and unclear business case.
OPP-01019,2025-10-15T12:24:00,analyst50@example.com,Midwest,manufacturing,SMB,security,discovery,18661.91,6,77,1,False,0.08,False,Customer is still comparing alternatives and gathering internal feedback. Primary contact: buyer175@example.com.,lost,0.0,Budget or timing constraints prevented the purchase.
OPP-00248,2025-06-07T13:07:00,analyst20@example.com,Midwest,technology,SMB,analytics,qualification,25432.24,97,86,6,False,0.222,True,Executive sponsor is engaged and the buying team confirmed a clear business need.,won,23615.69,Successful technical evaluation with approved budget.
OPP-00845,2025-06-21T11:05:00,analyst47@example.com,Northeast,healthcare,Enterprise,analytics,qualification,20476.27,162,82,1,False,0.147,False,Customer is still comparing alternatives and gathering internal feedback.,lost,0.0,Budget or timing constraints prevented the purchase.
OPP-01135,2025-11-30T13:53:00,analyst52@example.com,Northeast,manufacturing,Mid-Market,analytics,discovery,22039.33,158,68,8,True,0.244,False,Budget is uncertain and the main decision maker has not joined recent meetings.,lost,0.0,Budget or timing constraints prevented the purchase.
OPP-02726,2025-05-18T00:02:00,analyst47@example.com,Northeast,healthcare,SMB,security,proposal,7859.32,152,29,8,False,0.215,True,The customer delayed the project and has not confirmed a decision timeline.,lost,0.0,Insufficient stakeholder engagement and unclear business case.
OPP-00627,2025-08-11T16:58:00,analyst00@example.com,West,technology,SMB,security,discovery,5652.62,177,53,1,False,0.124,False,Discovery is ongoing and the team requested additional product information. Primary contact: buyer205@example.com.,lost,0.0,Insufficient stakeholder engagement and unclear business case.
OPP-00348,2025-08-17T13:14:00,analyst06@example.com,Northeast,retail,Enterprise,automation,qualification,33541.69,35,81,10,False,0.266,False,Customer is still comparing alternatives and gathering internal feedback. Primary contact: buyer137@example.com.,won,33711.11,Strong executive sponsorship and clear ROI case.
OPP-00279,2025-05-31T18:12:00,analyst51@example.com,Midwest,technology,Mid-Market,data_platform,proposal,18290.75,78,50,8,True,0.124,True,Customer is still comparing alternatives and gathering internal feedback.,won,17861.77,Good product fit and timely stakeholder engagement.
OPP-01798,2025-04-02T05:44:00,analyst31@example.com,Midwest,technology,Mid-Market,analytics,discovery,51310.67,68,65,6,False,0.19,True,Stakeholders are interested but the business case is still being refined.,won,50254.67,Strong executive sponsorship and clear ROI case.
OPP-02286,2025-03-25T17:26:00,analyst06@example.com,West,technology,SMB,analytics,qualification,43597.88,110,73,10,True,0.073,False,A strong competitor is already deployed and switching costs are a concern.,won,44417.53,Good product fit and timely stakeholder engagement.
OPP-00656,2025-07-11T23:17:00,analyst29@example.com,South,technology,Mid-Market,data_platform,qualification,175754.89,69,60,10,True,0.273,True,Customer is still comparing alternatives and gathering internal feedback.,lost,0.0,Insufficient stakeholder engagement and unclear business case.
OPP-02068,2025-06-11T17:43:00,analyst16@example.com,South,healthcare,SMB,analytics,proposal,8185.78,123,18,6,True,0.182,True,Budget is uncertain and the main decision maker has not joined recent meetings.,won,7722.91,Successful technical evaluation with approved budget.
OPP-01815,2026-01-06T11:21:00,analyst48@example.com,South,manufacturing,SMB,automation,proposal,14652.32,54,26,8,False,0.28,True,Budget is uncertain and the main decision maker has not joined recent meetings. Primary contact: buyer127@example.com.,lost,0.0,Budget or timing constraints prevented the purchase.
OPP-02630,2025-02-03T09:32:00,analyst08@example.com,South,manufacturing,SMB,analytics,discovery,21450.52,118,83,6,False,0.188,True,Executive sponsor is engaged and the buying team confirmed a clear business need.,lost,0.0,Budget or timing constraints prevented the purchase.
OPP-02594,2025-01-30T06:49:00,analyst29@example.com,Northeast,healthcare,Enterprise,data_platform,negotiation,28336.24,67,40,2,False,0.062,True,A strong competitor is already deployed and switching costs are a concern.,lost,0.0,Budget or timing constraints prevented the purchase.
OPP-02255,2025-09-12T00:14:00,analyst32@example.com,South,retail,Mid-Market,automation,proposal,47099.53,150,43,0,False,0.25,True,Customer is still comparing alternatives and gathering internal feedback.,lost,0.0,Insufficient stakeholder engagement and unclear business case.
OPP-02849,2026-02-16T08:10:00,analyst56@example.com,Northeast,financial_services,Enterprise,automation,qualification,30787.92,127,58,3,False,0.229,True,Discovery is ongoing and the team requested additional product information.,lost,0.0,Insufficient stakeholder engagement and unclear business case.
OPP-00930,2025-07-27T06:57:00,analyst18@example.com,Northeast,retail,SMB,automation,negotiation,48630.97,5,50,5,True,0.009,True,Customer is still comparing alternatives and gathering internal feedback.,lost,0.0,Insufficient stakeholder engagement and unclear business case.
OPP-01645,2025-05-18T12:50:00,analyst49@example.com,Northeast,manufacturing,SMB,data_platform,proposal,64894.63,32,61,0,True,0.042,True,The opportunity remains active but timing depends on the next planning cycle. Primary contact: buyer168@example.com.,lost,0.0,Budget or timing constraints prevented the purchase.
OPP-00446,2026-02-23T06:53:00,analyst47@example.com,South,healthcare,Enterprise,security,proposal,15664.71,175,19,9,True,0.141,True,The customer delayed the project and has not confirmed a decision timeline.,lost,0.0,Insufficient stakeholder engagement and unclear business case.
OPP-00618,2025-12-25T06:55:00,analyst48@example.com,South,healthcare,Mid-Market,analytics,proposal,17731.75,41,46,7,True,0.027,True,Customer is still comparing alternatives and gathering internal feedback.,lost,0.0,Insufficient stakeholder engagement and unclear business case.
OPP-01229,2025-06-19T07:25:00,analyst32@example.com,South,healthcare,Mid-Market,security,discovery,9450.74,154,60,3,True,0.127,False,The customer delayed the project and has not confirmed a decision timeline. Primary contact: buyer174@example.com.,lost,0.0,Competitor preference and switching costs reduced win likelihood.
OPP-02243,2025-05-20T03:56:00,analyst20@example.com,Northeast,healthcare,Mid-Market,data_platform,discovery,24783.63,123,94,2,False,0.05,False,The opportunity remains active but timing depends on the next planning cycle.,won,24862.07,Successful technical evaluation with approved budget.
OPP-01819,2025-02-05T17:32:00,analyst52@example.com,West,retail,Mid-Market,automation,proposal,9255.76,142,51,2,True,0.241,True,A strong competitor is already deployed and switching costs are a concern.,lost,0.0,Insufficient stakeholder engagement and unclear business case.
OPP-01413,2025-03-18T16:33:00,analyst45@example.com,Midwest,technology,Mid-Market,data_platform,proposal,14704.58,14,30,7,True,0.17,True,Budget is uncertain and the main decision maker has not joined recent meetings.,lost,0.0,Budget or timing constraints prevented the purchase.
OPP-02317,2025-06-12T16:10:00,analyst37@example.com,Northeast,manufacturing,SMB,data_platform,discovery,17456.2,127,41,3,True,0.259,False,Engagement has slowed and the proposal has not received internal sponsorship.,lost,0.0,Competitor preference and switching costs reduced win likelihood.
OPP-02724,2026-02-18T09:22:00,analyst45@example.com,Northeast,technology,SMB,automation,qualification,35563.99,60,16,9,True,0.002,True,Engagement has slowed and the proposal has not received internal sponsorship.,lost,0.0,Competitor preference and switching costs reduced win likelihood.
OPP-00548,2025-09-26T02:10:00,analyst35@example.com,Northeast,technology,Mid-Market,automation,discovery,110231.21,9,85,7,True,0.214,False,Stakeholders are interested but the business case is still being refined.,won,106723.08,Strong executive sponsorship and clear ROI case.
OPP-02750,2025-06-26T22:16:00,analyst14@example.com,South,technology,Enterprise,automation,negotiation,24340.51,89,79,8,False,0.165,True,Budget is approved and procurement has provided a target decision date.,won,23434.37,Successful technical evaluation with approved budget.
OPP-02718,2025-04-26T01:44:00,analyst39@example.com,Northeast,financial_services,Mid-Market,security,negotiation,38267.47,11,89,1,True,0.266,True,The opportunity remains active but timing depends on the next planning cycle.,lost,0.0,Competitor preference and switching costs reduced win likelihood.
OPP-00898,2025-07-03T06:32:00,analyst43@example.com,Midwest,retail,Enterprise,analytics,negotiation,20643.69,109,48,2,False,0.119,True,Customer is still comparing alternatives and gathering internal feedback.,won,19455.19,Strong executive sponsorship and clear ROI case.
OPP-00264,2025-05-15T07:13:00,analyst36@example.com,South,technology,Mid-Market,data_platform,proposal,39509.2,64,18,5,True,0.218,True,Engagement has slowed and the proposal has not received internal sponsorship.,lost,0.0,Competitor preference and switching costs reduced win likelihood.
OPP-02388,2026-01-27T01:45:00,analyst51@example.com,South,retail,SMB,analytics,discovery,51141.04,154,93,0,True,0.026,True,Budget is uncertain and the main decision maker has not joined recent meetings.,lost,0.0,Competitor preference and switching costs reduced win likelihood.
OPP-02359,2025-03-27T05:16:00,analyst22@example.com,Northeast,financial_services,SMB,automation,discovery,37461.0,65,57,0,False,0.234,False,Discovery is ongoing and the team requested additional product information.,lost,0.0,Competitor preference and switching costs reduced win likelihood.
OPP-02922,2026-03-05T01:40:00,analyst15@example.com,Midwest,financial_services,SMB,data_platform,proposal,48378.05,74,87,7,True,0.222,True,The opportunity remains active but timing depends on the next planning cycle.,won,48115.7,Successful technical evaluation with approved budget.
OPP-00354,2025-06-16T20:56:00,analyst12@example.com,West,financial_services,SMB,data_platform,proposal,15244.26,51,65,6,False,0.248,True,Customer is still comparing alternatives and gathering internal feedback.,won,15050.97,Good product fit and timely stakeholder engagement.
OPP-00882,2025-03-28T04:41:00,analyst27@example.com,Midwest,financial_services,Mid-Market,security,proposal,28580.72,105,89,10,False,0.134,True,Budget is approved and procurement has provided a target decision date. Primary contact: buyer038@example.com.,won,27015.27,Successful technical evaluation with approved budget.
OPP-00209,2026-03-02T17:06:00,analyst38@example.com,Northeast,manufacturing,Mid-Market,analytics,discovery,47967.19,89,60,2,False,0.066,False,The opportunity remains active but timing depends on the next planning cycle.,lost,0.0,Competitor preference and switching costs reduced win likelihood.
OPP-00614,2025-03-08T13:45:00,analyst44@example.com,West,retail,SMB,analytics,proposal,9027.77,25,91,9,False,0.265,True,Technical evaluation is progressing well and the customer requested implementation details. Primary contact: buyer192@example.com.,won,8774.18,Good product fit and timely stakeholder engagement.
OPP-01466,2025-01-31T22:34:00,analyst41@example.com,South,technology,SMB,security,discovery,17353.15,157,72,7,False,0.086,False,Stakeholders are interested but the business case is still being refined. Primary contact: buyer200@example.com.,lost,0.0,Insufficient stakeholder engagement and unclear business case.
OPP-02127,2025-12-18T06:08:00,analyst18@example.com,West,technology,SMB,analytics,negotiation,12642.34,18,25,5,False,0.258,True,Engagement has slowed and the proposal has not received internal sponsorship. Primary contact: buyer017@example.com.,lost,0.0,Budget or timing constraints prevented the purchase.
OPP-01511,2025-05-30T09:35:00,analyst29@example.com,Northeast,technology,SMB,analytics,negotiation,15870.57,14,34,10,False,0.001,True,The customer delayed the project and has not confirmed a decision timeline. Primary contact: buyer034@example.com.,won,15178.59,Successful technical evaluation with approved budget.
OPP-02379,2025-03-13T23:26:00,analyst42@example.com,Midwest,technology,Mid-Market,security,proposal,35956.4,63,45,6,True,0.188,True,Discovery is ongoing and the team requested additional product information.,lost,0.0,Insufficient stakeholder engagement and unclear business case.
OPP-01765,2025-12-24T22:42:00,analyst55@example.com,West,financial_services,Mid-Market,automation,proposal,33889.91,123,31,10,True,0.106,True,Engagement has slowed and the proposal has not received internal sponsorship.,lost,0.0,Competitor preference and switching costs reduced win likelihood.
OPP-01767,2026-02-09T20:25:00,analyst00@example.com,Northeast,healthcare,Mid-Market,automation,qualification,18894.35,86,58,8,True,0.143,False,Discovery is ongoing and the team requested additional product information.,lost,0.0,Insufficient stakeholder engagement and unclear business case.
OPP-00058,2025-02-14T15:00:00,analyst01@example.com,South,retail,Mid-Market,analytics,discovery,56155.71,32,72,8,True,0.172,False,The opportunity remains active but timing depends on the next planning cycle.,lost,0.0,Budget or timing constraints prevented the purchase.
OPP-01223,2026-01-18T06:23:00,analyst26@example.com,West,financial_services,SMB,automation,proposal,16659.77,141,67,2,False,0.265,True,Stakeholders are interested but the business case is still being refined. Primary contact: buyer168@example.com.,won,16557.36,Good product fit and timely stakeholder engagement.
OPP-00812,2025-02-01T12:55:00,analyst14@example.com,South,financial_services,Enterprise,automation,qualification,25900.48,112,24,1,True,0.01,False,A strong competitor is already deployed and switching costs are a concern.,lost,0.0,Competitor preference and switching costs reduced win likelihood.
OPP-02617,2025-11-04T12:01:00,analyst52@example.com,South,manufacturing,SMB,analytics,proposal,27948.56,73,84,2,True,0.095,True,Customer is still comparing alternatives and gathering internal feedback.,won,27815.08,Successful technical evaluation with approved budget.
OPP-00562,2025-01-26T03:30:00,analyst49@example.com,Midwest,healthcare,SMB,analytics,qualification,36259.95,55,38,7,True,0.034,True,Engagement has slowed and the proposal has not received internal sponsorship.,lost,0.0,Budget or timing constraints prevented the purchase.
OPP-02054,2025-11-19T13:40:00,analyst02@example.com,Midwest,financial_services,Enterprise,security,discovery,24183.4,141,42,6,False,0.214,False,A strong competitor is already deployed and switching costs are a concern. Primary contact: buyer155@example.com.,lost,0.0,Budget or timing constraints prevented the purchase.
OPP-00230,2025-09-24T04:12:00,analyst02@example.com,West,manufacturing,SMB,data_platform,proposal,14924.78,65,49,7,False,0.096,True,Stakeholders are interested but the business case is still being refined. Primary contact: buyer019@example.com.,won,14965.7,Good product fit and timely stakeholder engagement.
OPP-02515,2026-02-28T10:56:00,analyst07@example.com,Midwest,manufacturing,SMB,data_platform,negotiation,23581.99,174,56,10,False,0.202,True,Customer is still comparing alternatives and gathering internal feedback.,lost,0.0,Insufficient stakeholder engagement and unclear business case.
OPP-02765,2025-08-11T10:29:00,analyst29@example.com,West,manufacturing,Enterprise,data_platform,discovery,16828.91,101,74,6,False,0.261,False,The opportunity remains active but timing depends on the next planning cycle. Primary contact: buyer022@example.com.,lost,0.0,Insufficient stakeholder engagement and unclear business case.
OPP-01449,2025-12-07T03:13:00,analyst24@example.com,South,retail,Mid-Market,automation,proposal,10136.96,166,62,5,False,0.022,True,Customer is still comparing alternatives and gathering internal feedback.,won,10411.63,Strong executive sponsorship and clear ROI case.
OPP-01629,2025-03-31T14:59:00,analyst33@example.com,Northeast,healthcare,SMB,automation,proposal,53537.41,85,59,8,False,0.199,True,Customer is still comparing alternatives and gathering internal feedback. Primary contact: buyer152@example.com.,lost,0.0,Competitor preference and switching costs reduced win likelihood.
OPP-01245,2025-05-16T10:39:00,analyst48@example.com,Midwest,manufacturing,Enterprise,security,qualification,32226.87,68,97,2,True,0.08,True,The opportunity remains active but timing depends on the next planning cycle. Primary contact: buyer190@example.com.,won,32000.65,Good product fit and timely stakeholder engagement.
OPP-02423,2025-01-21T01:58:00,analyst29@example.com,West,healthcare,Enterprise,data_platform,proposal,74635.14,34,18,10,True,0.267,True,A strong competitor is already deployed and switching costs are a concern.,lost,0.0,Insufficient stakeholder engagement and unclear business case.
OPP-02802,2025-01-21T18:04:00,analyst09@example.com,Midwest,financial_services,SMB,data_platform,qualification,21282.79,144,73,2,False,0.275,False,The opportunity remains active but timing depends on the next planning cycle.,lost,0.0,Insufficient stakeholder engagement and unclear business case.
OPP-01048,2025-01-20T06:19:00,analyst22@example.com,West,retail,Mid-Market,analytics,proposal,31293.09,124,75,9,True,0.017,True,A strong competitor is already deployed and switching costs are a concern.,won,32113.8,Good product fit and timely stakeholder engagement.
OPP-01568,2025-08-05T14:48:00,analyst29@example.com,Northeast,technology,SMB,analytics,discovery,37333.52,78,66,10,True,0.148,False,The opportunity remains active but timing depends on the next planning cycle.,lost,0.0,Budget or timing constraints prevented the purchase.
OPP-01452,2025-01-14T23:54:00,analyst27@example.com,Midwest,retail,SMB,security,proposal,48677.46,137,97,0,False,0.172,True,Technical evaluation is progressing well and the customer requested implementation details.,lost,0.0,Insufficient stakeholder engagement and unclear business case.
OPP-00708,2026-01-18T09:26:00,analyst24@example.com,West,technology,Enterprise,automation,qualification,44661.93,65,26,5,False,0.095,False,Engagement has slowed and the proposal has not received internal sponsorship.,lost,0.0,Budget or timing constraints prevented the purchase.
OPP-00425,2025-02-18T09:43:00,analyst26@example.com,Northeast,healthcare,SMB,automation,proposal,66982.79,114,30,3,True,0.1,True,Engagement has slowed and the proposal has not received internal sponsorship. Primary contact: buyer003@example.com.,lost,0.0,Budget or timing constraints prevented the purchase.
OPP-00070,2025-11-17T07:27:00,analyst13@example.com,Northeast,retail,Enterprise,automation,discovery,27324.37,20,72,1,False,0.234,False,Discovery is ongoing and the team requested additional product information. Primary contact: buyer070@example.com.,won,26454.18,Good product fit and timely stakeholder engagement.
OPP-00912,2026-02-18T13:13:00,analyst00@example.com,Midwest,technology,SMB,data_platform,proposal,26188.65,8,62,8,False,0.12,True,The opportunity remains active but timing depends on the next planning cycle.,won,25632.73,Successful technical evaluation with approved budget.
OPP-02105,2026-01-28T06:13:00,analyst53@example.com,South,retail,SMB,security,discovery,14204.49,57,72,8,True,0.07,False,Stakeholders are interested but the business case is still being refined. Primary contact: buyer206@example.com.,lost,0.0,Budget or timing constraints prevented the purchase.
OPP-01772,2025-08-15T12:34:00,analyst05@example.com,Northeast,healthcare,SMB,data_platform,discovery,45746.68,32,71,5,False,0.15,True,Customer is still comparing alternatives and gathering internal feedback.,lost,0.0,Budget or timing constraints prevented the purchase.
OPP-02489,2026-02-11T19:14:00,analyst38@example.com,Midwest,technology,Mid-Market,security,proposal,50751.8,146,70,2,False,0.018,True,Stakeholders are interested but the business case is still being refined.,won,49216.51,Good product fit and timely stakeholder engagement.
OPP-01436,2025-10-01T02:21:00,analyst11@example.com,Northeast,retail,SMB,automation,negotiation,24543.67,38,67,8,True,0.175,True,Stakeholders are interested but the business case is still being refined.,lost,0.0,Competitor preference and switching costs reduced win likelihood.
OPP-02587,2025-09-03T15:47:00,analyst22@example.com,Midwest,healthcare,Mid-Market,security,proposal,39096.53,118,59,1,False,0.187,True,The opportunity remains active but timing depends on the next planning cycle.,won,36727.26,Good product fit and timely stakeholder engagement.
OPP-01076,2025-11-20T09:10:00,analyst50@example.com,West,manufacturing,SMB,data_platform,negotiation,33437.55,117,58,3,True,0.046,True,Engagement has slowed and the proposal has not received internal sponsorship.,won,32706.38,Good product fit and timely stakeholder engagement.
OPP-01619,2025-10-30T06:13:00,analyst23@example.com,West,financial_services,SMB,data_platform,proposal,17404.3,84,33,7,True,0.043,True,Engagement has slowed and the proposal has not received internal sponsorship.,lost,0.0,Insufficient stakeholder engagement and unclear business case.
OPP-00621,2025-01-11T16:43:00,analyst51@example.com,West,retail,Mid-Market,automation,negotiation,42976.58,133,55,8,True,0.242,True,A strong competitor is already deployed and switching costs are a concern.,lost,0.0,Competitor preference and switching costs reduced win likelihood.
OPP-01221,2025-04-08T22:02:00,analyst24@example.com,South,financial_services,SMB,data_platform,discovery,70447.38,100,76,4,False,0.055,False,Stakeholders are interested but the business case is still being refined.,won,66467.26,Successful technical evaluation with approved budget.
OPP-01207,2025-02-24T16:33:00,analyst10@example.com,Northeast,healthcare,SMB,automation,qualification,52011.02,44,44,10,False,0.238,True,Stakeholders are interested but the business case is still being refined.,lost,0.0,Insufficient stakeholder engagement and unclear business case.
OPP-02185,2025-05-22T01:49:00,analyst19@example.com,West,healthcare,Mid-Market,data_platform,negotiation,91287.1,123,22,0,True,0.178,True,Budget is uncertain and the main decision maker has not joined recent meetings.,lost,0.0,Competitor preference and switching costs reduced win likelihood.
OPP-01922,2025-11-23T08:24:00,analyst41@example.com,South,manufacturing,Mid-Market,security,proposal,29936.4,176,98,3,True,0.028,True,A strong competitor is already deployed and switching costs are a concern. Primary contact: buyer023@example.com.,won,29729.72,Good product fit and timely stakeholder engagement.
OPP-01518,2025-12-28T10:55:00,analyst36@example.com,Northeast,healthcare,Enterprise,automation,qualification,64070.56,80,99,5,False,0.051,False,Stakeholders are interested but the business case is still being refined.,lost,0.0,Competitor preference and switching costs reduced win likelihood.
OPP-02172,2025-03-14T09:37:00,analyst06@example.com,Midwest,healthcare,Mid-Market,security,negotiation,37918.78,20,48,1,False,0.247,True,Discovery is ongoing and the team requested additional product information.,won,38246.42,Strong executive sponsorship and clear ROI case.
OPP-01049,2025-03-29T16:17:00,analyst23@example.com,West,financial_services,Mid-Market,analytics,qualification,74476.48,48,35,1,True,0.151,False,Engagement has slowed and the proposal has not received internal sponsorship.,lost,0.0,Budget or timing constraints prevented the purchase.
OPP-02670,2025-07-10T21:54:00,analyst48@example.com,South,retail,Mid-Market,security,discovery,26374.63,5,25,2,True,0.02,True,Engagement has slowed and the proposal has not received internal sponsorship.,lost,0.0,Budget or timing constraints prevented the purchase.
OPP-01407,2026-02-15T18:58:00,analyst39@example.com,West,healthcare,Mid-Market,analytics,discovery,22284.1,161,48,10,False,0.059,False,Stakeholders are interested but the business case is still being refined. Primary contact: buyer141@example.com.,lost,0.0,Competitor preference and switching costs reduced win likelihood.
OPP-00280,2025-02-07T01:46:00,analyst52@example.com,Midwest,manufacturing,SMB,automation,negotiation,66644.87,48,24,4,False,0.095,True,A strong competitor is already deployed and switching costs are a concern. Primary contact: buyer069@example.com.,lost,0.0,Insufficient stakeholder engagement and unclear business case.
OPP-01129,2025-02-28T15:42:00,analyst46@example.com,Northeast,manufacturing,Enterprise,security,qualification,24068.77,20,23,6,False,0.162,False,A strong competitor is already deployed and switching costs are a concern.,lost,0.0,Insufficient stakeholder engagement and unclear business case.
OPP-02990,2026-01-23T06:36:00,analyst26@example.com,South,retail,Enterprise,automation,qualification,33641.0,140,63,5,True,0.217,False,A strong competitor is already deployed and switching costs are a concern.,lost,0.0,Budget or timing constraints prevented the purchase.
OPP-01205,2025-06-09T02:10:00,analyst08@example.com,Northeast,financial_services,Mid-Market,analytics,discovery,18533.66,110,81,3,False,0.053,False,Customer is still comparing alternatives and gathering internal feedback.,lost,0.0,Insufficient stakeholder engagement and unclear business case.
OPP-02370,2025-06-14T02:46:00,analyst33@example.com,Northeast,healthcare,Mid-Market,data_platform,discovery,16732.2,73,36,4,False,0.091,True,Budget is uncertain and the main decision maker has not joined recent meetings.,lost,0.0,Competitor preference and switching costs reduced win likelihood.
OPP-02796,2025-04-20T08:15:00,analyst03@example.com,West,technology,Enterprise,security,proposal,85228.9,178,76,7,False,0.028,True,Budget is approved and procurement has provided a target decision date. Primary contact: buyer053@example.com.,lost,0.0,Competitor preference and switching costs reduced win likelihood.
OPP-00554,2025-06-23T19:19:00,analyst41@example.com,West,technology,Enterprise,security,negotiation,58619.31,141,74,6,False,0.159,True,Technical evaluation is progressing well and the customer requested implementation details.,won,58737.7,Successful technical evaluation with approved budget.
OPP-00835,2026-02-02T16:39:00,analyst37@example.com,South,retail,Mid-Market,data_platform,proposal,21250.26,69,79,4,False,0.083,True,Executive sponsor is engaged and the buying team confirmed a clear business need.,won,20360.85,Successful technical evaluation with approved budget.
OPP-00980,2025-02-27T18:33:00,analyst11@example.com,Midwest,technology,SMB,analytics,qualification,54461.74,105,60,8,False,0.11,False,Stakeholders are interested but the business case is still being refined.,won,55735.67,Good product fit and timely stakeholder engagement.
OPP-00597,2026-01-17T23:03:00,analyst27@example.com,West,financial_services,SMB,data_platform,proposal,27310.4,15,44,8,True,0.119,True,Discovery is ongoing and the team requested additional product information.,lost,0.0,Competitor preference and switching costs reduced win likelihood.
OPP-02852,2025-09-01T06:50:00,analyst02@example.com,West,healthcare,SMB,data_platform,proposal,26323.38,13,23,4,True,0.21,True,The customer delayed the project and has not confirmed a decision timeline.,lost,0.0,Competitor preference and switching costs reduced win likelihood.
OPP-00803,2025-01-16T09:55:00,analyst05@example.com,South,manufacturing,SMB,automation,discovery,13838.31,44,23,2,False,0.173,False,The customer delayed the project and has not confirmed a decision timeline.,lost,0.0,Budget or timing constraints prevented the purchase.
OPP-02561,2025-04-26T04:15:00,analyst53@example.com,West,healthcare,Mid-Market,data_platform,qualification,11782.01,67,63,1,True,0.177,True,Customer is still comparing alternatives and gathering internal feedback.,lost,0.0,Competitor preference and switching costs reduced win likelihood.
OPP-02992,2025-01-24T00:48:00,analyst28@example.com,Midwest,retail,SMB,automation,qualification,15738.67,62,50,0,True,0.23,False,Stakeholders are interested but the business case is still being refined.,lost,0.0,Budget or timing constraints prevented the purchase.
OPP-02725,2025-12-02T23:42:00,analyst46@example.com,Northeast,technology,Enterprise,analytics,negotiation,20824.84,42,60,7,False,0.01,True,The opportunity remains active but timing depends on the next planning cycle.,won,20721.58,Strong executive sponsorship and clear ROI case.
OPP-00441,2025-03-15T11:35:00,analyst42@example.com,West,financial_services,SMB,data_platform,qualification,23720.05,88,71,3,False,0.112,False,Stakeholders are interested but the business case is still being refined.,lost,0.0,Insufficient stakeholder engagement and unclear business case.
OPP-00509,2025-09-10T20:29:00,analyst53@example.com,West,technology,Mid-Market,analytics,discovery,27085.27,58,68,6,False,0.177,False,Customer is still comparing alternatives and gathering internal feedback. Primary contact: buyer087@example.com.,lost,0.0,Competitor preference and switching costs reduced win likelihood.
OPP-00077,2025-06-23T09:03:00,analyst20@example.com,Midwest,technology,Enterprise,data_platform,proposal,15363.21,125,32,7,True,0.001,True,Engagement has slowed and the proposal has not received internal sponsorship. Primary contact: buyer077@example.com.,lost,0.0,Competitor preference and switching costs reduced win likelihood.
OPP-01919,2026-01-30T16:31:00,analyst38@example.com,South,manufacturing,Mid-Market,analytics,proposal,20123.83,152,82,5,False,0.106,True,Executive sponsor is engaged and the buying team confirmed a clear business need.,won,20578.16,Strong executive sponsorship and clear ROI case.
OPP-00650,2025-04-27T10:28:00,analyst23@example.com,Midwest,financial_services,Mid-Market,data_platform,qualification,14440.58,84,41,9,False,0.019,False,Engagement has slowed and the proposal has not received internal sponsorship.,won,13906.8,Strong executive sponsorship and clear ROI case.
OPP-00523,2025-02-18T06:45:00,analyst10@example.com,Northeast,technology,Mid-Market,security,qualification,17980.8,75,82,9,False,0.121,False,Customer is still comparing alternatives and gathering internal feedback.,won,17068.81,Good product fit and timely stakeholder engagement.
OPP-02024,2025-09-14T02:10:00,analyst29@example.com,Northeast,technology,Enterprise,automation,proposal,36948.9,96,33,7,False,0.097,True,Budget is uncertain and the main decision maker has not joined recent meetings.,won,36719.01,Successful technical evaluation with approved budget.
OPP-02906,2025-10-20T17:30:00,analyst56@example.com,Northeast,manufacturing,SMB,data_platform,qualification,135036.44,76,86,4,True,0.179,False,Discovery is ongoing and the team requested additional product information.,lost,0.0,Insufficient stakeholder engagement and unclear business case.
OPP-01507,2025-04-17T18:12:00,analyst25@example.com,Midwest,retail,Enterprise,security,negotiation,16054.9,147,52,2,True,0.009,True,A strong competitor is already deployed and switching costs are a concern. Primary contact: buyer030@example.com.,lost,0.0,Insufficient stakeholder engagement and unclear business case.
OPP-00655,2025-06-07T15:33:00,analyst28@example.com,Northeast,manufacturing,SMB,automation,discovery,24225.46,15,59,10,False,0.239,False,Stakeholders are interested but the business case is still being refined.,lost,0.0,Budget or timing constraints prevented the purchase.
OPP-01324,2025-03-03T21:43:00,analyst13@example.com,Northeast,technology,Mid-Market,data_platform,proposal,63176.47,54,25,8,False,0.057,True,Engagement has slowed and the proposal has not received internal sponsorship.,won,59686.14,Successful technical evaluation with approved budget.
OPP-01552,2025-11-02T03:24:00,analyst13@example.com,South,healthcare,Enterprise,security,qualification,34904.1,173,73,3,False,0.194,False,Customer is still comparing alternatives and gathering internal feedback.,won,34632.91,Strong executive sponsorship and clear ROI case.
OPP-02117,2025-11-12T01:37:00,analyst08@example.com,Northeast,technology,Mid-Market,security,negotiation,54784.7,96,90,5,True,0.023,True,Budget is uncertain and the main decision maker has not joined recent meetings.,won,56139.28,Good product fit and timely stakeholder engagement.
OPP-02304,2026-01-28T03:03:00,analyst24@example.com,Midwest,retail,Enterprise,analytics,negotiation,41017.82,165,42,7,False,0.151,True,The customer delayed the project and has not confirmed a decision timeline. Primary contact: buyer194@example.com.,lost,0.0,Budget or timing constraints prevented the purchase.
OPP-00631,2025-07-21T08:15:00,analyst04@example.com,Northeast,technology,SMB,data_platform,proposal,104032.09,16,99,6,False,0.254,True,Decision makers attended the latest meeting and asked for a final proposal. Primary contact: buyer209@example.com.,won,103029.13,Strong executive sponsorship and clear ROI case.
OPP-01265,2025-09-08T22:05:00,analyst11@example.com,Northeast,retail,SMB,data_platform,discovery,40696.19,131,23,8,False,0.099,False,A strong competitor is already deployed and switching costs are a concern. Primary contact: buyer210@example.com.,lost,0.0,Competitor preference and switching costs reduced win likelihood.
OPP-02756,2025-07-05T00:59:00,analyst20@example.com,South,manufacturing,SMB,automation,qualification,30370.19,37,57,7,True,0.116,False,Discovery is ongoing and the team requested additional product information.,lost,0.0,Competitor preference and switching costs reduced win likelihood.
OPP-01117,2025-09-12T10:37:00,analyst34@example.com,West,financial_services,Enterprise,analytics,qualification,49030.61,110,29,0,False,0.222,True,A strong competitor is already deployed and switching costs are a concern.,lost,0.0,Competitor preference and switching costs reduced win likelihood.
OPP-00483,2025-06-17T21:32:00,analyst27@example.com,South,technology,SMB,automation,qualification,23089.81,113,76,6,False,0.178,True,Decision makers attended the latest meeting and asked for a final proposal.,won,22595.05,Successful technical evaluation with approved budget.
OPP-02131,2025-04-01T12:35:00,analyst22@example.com,West,healthcare,Enterprise,data_platform,discovery,55627.86,40,94,4,False,0.21,False,The opportunity remains active but timing depends on the next planning cycle.,won,53187.17,Strong executive sponsorship and clear ROI case.
OPP-01124,2025-11-27T01:27:00,analyst41@example.com,West,financial_services,Mid-Market,security,proposal,6141.45,22,62,10,True,0.194,True,Customer is still comparing alternatives and gathering internal feedback.,lost,0.0,Budget or timing constraints prevented the purchase.
OPP-02909,2025-11-07T10:21:00,analyst02@example.com,Midwest,retail,Mid-Market,security,qualification,15845.98,140,83,9,False,0.101,False,Stakeholders are interested but the business case is still being refined.,won,16040.96,Good product fit and timely stakeholder engagement.
OPP-01341,2025-03-11T10:51:00,analyst30@example.com,Midwest,manufacturing,Mid-Market,data_platform,proposal,24250.03,85,35,2,True,0.035,True,Engagement has slowed and the proposal has not received internal sponsorship.,lost,0.0,Insufficient stakeholder engagement and unclear business case.
OPP-00439,2025-08-29T19:37:00,analyst40@example.com,Northeast,retail,Mid-Market,data_platform,negotiation,26943.93,114,58,5,False,0.096,True,Stakeholders are interested but the business case is still being refined.,won,27679.06,Strong executive sponsorship and clear ROI case.
OPP-01731,2025-04-19T14:47:00,analyst21@example.com,Midwest,financial_services,Mid-Market,data_platform,discovery,33798.9,36,37,5,True,0.01,True,Engagement has slowed and the proposal has not received internal sponsorship.,lost,0.0,Budget or timing constraints prevented the purchase.
OPP-01554,2025-07-03T21:14:00,analyst15@example.com,Midwest,retail,Enterprise,data_platform,proposal,30837.16,103,15,4,True,0.069,True,Budget is uncertain and the main decision maker has not joined recent meetings.,lost,0.0,Insufficient stakeholder engagement and unclear business case.
OPP-00857,2025-03-24T06:18:00,analyst02@example.com,West,manufacturing,Mid-Market,analytics,qualification,19641.34,154,71,0,True,0.049,True,Engagement has slowed and the proposal has not received internal sponsorship.,lost,0.0,Competitor preference and switching costs reduced win likelihood.
OPP-02873,2026-02-07T11:35:00,analyst23@example.com,West,technology,Enterprise,security,qualification,35908.68,38,46,10,False,0.003,False,Customer is still comparing alternatives and gathering internal feedback.,lost,0.0,Competitor preference and switching costs reduced win likelihood.
OPP-00167,2025-12-17T02:20:00,analyst53@example.com,Midwest,financial_services,Enterprise,security,proposal,75921.56,72,99,4,True,0.027,True,Customer is still comparing alternatives and gathering internal feedback.,won,70579.65,Successful technical evaluation with approved budget.
OPP-00060,2025-03-10T05:18:00,analyst03@example.com,South,retail,Mid-Market,automation,discovery,54389.64,29,55,6,True,0.071,False,Stakeholders are interested but the business case is still being refined. Primary contact: buyer060@example.com.,lost,0.0,Budget or timing constraints prevented the purchase.
OPP-00612,2025-03-19T06:10:00,analyst42@example.com,West,manufacturing,SMB,analytics,qualification,31364.46,45,66,8,True,0.21,False,The opportunity remains active but timing depends on the next planning cycle.,lost,0.0,Insufficient stakeholder engagement and unclear business case.
OPP-00531,2025-07-01T10:50:00,analyst18@example.com,West,healthcare,Mid-Market,analytics,qualification,56267.37,148,34,1,False,0.04,False,Budget is uncertain and the main decision maker has not joined recent meetings.,lost,0.0,Competitor preference and switching costs reduced win likelihood.
OPP-01721,2026-01-28T21:03:00,analyst11@example.com,Northeast,retail,SMB,data_platform,discovery,15963.2,164,36,8,False,0.234,True,Engagement has slowed and the proposal has not received internal sponsorship. Primary contact: buyer033@example.com.,lost,0.0,Insufficient stakeholder engagement and unclear business case.
OPP-00050,2025-10-16T13:12:00,analyst50@example.com,Midwest,retail,Mid-Market,security,negotiation,15724.48,128,28,3,True,0.101,True,The customer delayed the project and has not confirmed a decision timeline. Primary contact: buyer050@example.com.,lost,0.0,Insufficient stakeholder engagement and unclear business case.
OPP-02749,2026-01-18T05:34:00,analyst13@example.com,South,retail,SMB,automation,qualification,5692.81,139,50,5,False,0.274,False,Customer is still comparing alternatives and gathering internal feedback.,lost,0.0,Competitor preference and switching costs reduced win likelihood.
OPP-02959,2025-02-11T17:57:00,analyst52@example.com,West,retail,Mid-Market,data_platform,proposal,7993.36,69,29,10,False,0.04,True,Budget is uncertain and the main decision maker has not joined recent meetings.,lost,0.0,Competitor preference and switching costs reduced win likelihood.
OPP-00859,2025-08-09T07:38:00,analyst04@example.com,West,manufacturing,Enterprise,security,discovery,28752.46,94,41,5,False,0.1,True,Budget is uncertain and the main decision maker has not joined recent meetings. Primary contact: buyer015@example.com.,lost,0.0,Competitor preference and switching costs reduced win likelihood.
OPP-01704,2025-10-01T10:08:00,analyst51@example.com,Midwest,financial_services,SMB,data_platform,discovery,25348.8,41,40,9,True,0.264,False,Budget is uncertain and the main decision maker has not joined recent meetings.,lost,0.0,Insufficient stakeholder engagement and unclear business case.
OPP-00049,2026-03-05T04:33:00,analyst49@example.com,South,manufacturing,SMB,automation,qualification,34178.77,154,33,3,True,0.071,True,A strong competitor is already deployed and switching costs are a concern. Primary contact: buyer049@example.com.,lost,0.0,Competitor preference and switching costs reduced win likelihood.
OPP-00720,2025-09-02T04:47:00,analyst36@example.com,South,financial_services,Enterprise,security,qualification,25347.71,133,84,0,False,0.161,True,Technical evaluation is progressing well and the customer requested implementation details.,lost,0.0,Insufficient stakeholder engagement and unclear business case.
OPP-01810,2025-02-22T02:03:00,analyst43@example.com,South,technology,SMB,analytics,qualification,37124.14,40,99,0,True,0.076,False,The opportunity remains active but timing depends on the next planning cycle.,lost,0.0,Competitor preference and switching costs reduced win likelihood.
OPP-02165,2025-02-28T00:09:00,analyst56@example.com,West,financial_services,SMB,data_platform,discovery,28340.88,149,67,6,False,0.017,False,The opportunity remains active but timing depends on the next planning cycle. Primary contact: buyer055@example.com.,lost,0.0,Insufficient stakeholder engagement and unclear business case.
OPP-02252,2025-12-22T05:37:00,analyst29@example.com,West,healthcare,Mid-Market,data_platform,proposal,39626.77,109,86,1,True,0.065,True,A strong competitor is already deployed and switching costs are a concern.,lost,0.0,Budget or timing constraints prevented the purchase.
OPP-01780,2025-07-16T17:33:00,analyst13@example.com,Midwest,financial_services,SMB,analytics,discovery,53030.88,58,71,5,False,0.043,False,The opportunity remains active but timing depends on the next planning cycle. Primary contact: buyer092@example.com.,lost,0.0,Budget or timing constraints prevented the purchase.
OPP-00633,2025-10-27T10:52:00,analyst06@example.com,Midwest,healthcare,Enterprise,security,proposal,17075.9,63,73,5,True,0.19,True,Customer is still comparing alternatives and gathering internal feedback. Primary contact: buyer000@example.com.,lost,0.0,Insufficient stakeholder engagement and unclear business case.
OPP-02188,2025-06-16T17:38:00,analyst22@example.com,West,healthcare,SMB,security,qualification,19784.88,76,15,9,False,0.201,True,Budget is uncertain and the main decision maker has not joined recent meetings.,lost,0.0,Competitor preference and switching costs reduced win likelihood.
OPP-02133,2025-12-01T13:25:00,analyst24@example.com,Northeast,retail,Mid-Market,analytics,discovery,14193.09,114,61,9,True,0.188,True,Budget is uncertain and the main decision maker has not joined recent meetings.,won,13450.41,Successful technical evaluation with approved budget.
OPP-01962,2025-09-25T00:14:00,analyst24@example.com,West,manufacturing,Enterprise,automation,negotiation,13490.0,169,91,7,False,0.227,True,Budget is approved and procurement has provided a target decision date.,won,13498.15,Successful technical evaluation with approved budget.
OPP-01296,2025-04-04T22:19:00,analyst42@example.com,Northeast,financial_services,SMB,security,proposal,53812.14,98,33,8,True,0.11,True,A strong competitor is already deployed and switching costs are a concern.,lost,0.0,Competitor preference and switching costs reduced win likelihood.
OPP-00026,2025-04-22T14:27:00,analyst26@example.com,West,healthcare,Mid-Market,data_platform,proposal,30288.65,75,71,1,False,0.066,True,Customer is still comparing alternatives and gathering internal feedback. Primary contact: buyer026@example.com.,won,29141.74,Strong executive sponsorship and clear ROI case.
OPP-01821,2026-01-16T09:16:00,analyst54@example.com,Midwest,technology,Mid-Market,data_platform,negotiation,44328.8,83,49,6,False,0.042,True,Discovery is ongoing and the team requested additional product information.,won,42502.84,Good product fit and timely stakeholder engagement.
OPP-00220,2025-07-20T23:46:00,analyst49@example.com,Midwest,manufacturing,Enterprise,security,qualification,29377.14,57,55,6,True,0.043,False,Stakeholders are interested but the business case is still being refined.,lost,0.0,Insufficient stakeholder engagement and unclear business case.
OPP-01293,2025-03-12T08:54:00,analyst39@example.com,Northeast,healthcare,SMB,analytics,discovery,22429.28,176,46,6,True,0.032,False,The customer delayed the project and has not confirmed a decision timeline. Primary contact: buyer027@example.com.,lost,0.0,Insufficient stakeholder engagement and unclear business case.
OPP-00277,2025-12-19T09:17:00,analyst49@example.com,West,technology,Mid-Market,automation,discovery,49877.43,139,53,2,True,0.22,False,Engagement has slowed and the proposal has not received internal sponsorship.,won,46930.84,Strong executive sponsorship and clear ROI case.
OPP-02163,2025-12-11T03:55:00,analyst54@example.com,Midwest,financial_services,SMB,data_platform,proposal,20439.62,148,69,6,True,0.171,True,A strong competitor is already deployed and switching costs are a concern.,lost,0.0,Competitor preference and switching costs reduced win likelihood.
OPP-01256,2025-02-05T15:05:00,analyst02@example.com,South,manufacturing,Enterprise,analytics,negotiation,35116.6,168,21,4,True,0.043,True,Engagement has slowed and the proposal has not received internal sponsorship. Primary contact: buyer201@example.com.,lost,0.0,Budget or timing constraints prevented the purchase.
OPP-01392,2026-03-04T16:10:00,analyst24@example.com,South,manufacturing,SMB,data_platform,discovery,38943.37,119,25,9,False,0.06,True,The customer delayed the project and has not confirmed a decision timeline.,lost,0.0,Insufficient stakeholder engagement and unclear business case.
OPP-01000,2025-02-25T00:31:00,analyst31@example.com,West,healthcare,Enterprise,security,proposal,41144.14,116,31,3,True,0.05,True,Engagement has slowed and the proposal has not received internal sponsorship.,lost,0.0,Budget or timing constraints prevented the purchase.
OPP-01018,2025-08-26T11:40:00,analyst49@example.com,South,financial_services,SMB,analytics,discovery,11084.6,173,52,7,False,0.072,False,The opportunity remains active but timing depends on the next planning cycle.,lost,0.0,Insufficient stakeholder engagement and unclear business case.
OPP-02568,2025-07-20T21:13:00,analyst03@example.com,West,retail,SMB,analytics,negotiation,24613.08,44,56,4,False,0.22,True,The opportunity remains active but timing depends on the next planning cycle.,lost,0.0,Budget or timing constraints prevented the purchase.
OPP-00362,2025-08-29T05:09:00,analyst20@example.com,Northeast,healthcare,Mid-Market,analytics,discovery,261438.04,87,34,0,True,0.233,False,The customer delayed the project and has not confirmed a decision timeline.,lost,0.0,Budget or timing constraints prevented the purchase.
OPP-02465,2025-09-25T03:49:00,analyst14@example.com,South,retail,Mid-Market,analytics,discovery,24043.8,52,48,4,False,0.171,False,Discovery is ongoing and the team requested additional product information.,won,24035.04,Successful technical evaluation with approved budget.
OPP-01869,2025-10-07T21:37:00,analyst45@example.com,West,manufacturing,SMB,automation,qualification,31059.29,55,24,0,False,0.026,True,Engagement has slowed and the proposal has not received internal sponsorship.,won,31396.23,Good product fit and timely stakeholder engagement.
OPP-01685,2025-01-16T20:46:00,analyst32@example.com,West,healthcare,SMB,data_platform,qualification,54445.71,36,61,2,True,0.255,True,Stakeholders are interested but the business case is still being refined.,lost,0.0,Budget or timing constraints prevented the purchase.
OPP-02340,2026-03-07T08:24:00,analyst03@example.com,South,manufacturing,SMB,data_platform,discovery,39353.65,14,57,10,False,0.059,True,  The opportunity remains active but timing depends on the next planning cycle.  ,won,38467.53,Strong executive sponsorship and clear ROI case.
OPP-01054,2025-06-18T08:08:00,analyst28@example.com,West,healthcare,Mid-Market,security,qualification,39027.87,136,68,2,True,0.106,True,The customer delayed the project and has not confirmed a decision timeline.,won,36007.11,Successful technical evaluation with approved budget.
OPP-01850,2025-06-06T23:14:00,analyst26@example.com,South,financial_services,Mid-Market,data_platform,qualification,26363.77,42,98,0,False,0.025,True,Budget is approved and procurement has provided a target decision date.,won,25789.16,Strong executive sponsorship and clear ROI case.
OPP-01125,2025-11-06T16:01:00,analyst42@example.com,West,financial_services,Mid-Market,analytics,qualification,29164.83,121,98,8,True,0.081,True,Budget is uncertain and the main decision maker has not joined recent meetings. Primary contact: buyer070@example.com.,won,28256.72,Strong executive sponsorship and clear ROI case.
OPP-01861,2025-07-05T23:19:00,analyst37@example.com,South,manufacturing,SMB,security,proposal,20215.8,49,73,2,False,0.245,True,Decision makers attended the latest meeting and asked for a final proposal.,won,18633.89,Good product fit and timely stakeholder engagement.
OPP-01928,2025-08-07T04:48:00,analyst47@example.com,Northeast,manufacturing,Mid-Market,automation,negotiation,49307.33,116,56,0,True,0.136,True,Engagement has slowed and the proposal has not received internal sponsorship. Primary contact: buyer029@example.com.,lost,0.0,Insufficient stakeholder engagement and unclear business case.
OPP-02635,2025-01-26T04:39:00,analyst13@example.com,West,technology,Mid-Market,security,discovery,100870.37,118,73,2,True,0.04,False,The customer delayed the project and has not confirmed a decision timeline.,lost,0.0,Budget or timing constraints prevented the purchase.
OPP-01712,2025-09-21T19:46:00,analyst02@example.com,Northeast,technology,SMB,analytics,proposal,27968.81,43,31,9,True,0.075,True,The customer delayed the project and has not confirmed a decision timeline.,lost,0.0,Competitor preference and switching costs reduced win likelihood.
OPP-00298,2025-07-08T09:02:00,analyst13@example.com,Midwest,healthcare,Mid-Market,analytics,proposal,57038.36,114,100,5,True,0.219,True,Budget is uncertain and the main decision maker has not joined recent meetings.,won,58724.15,Successful technical evaluation with approved budget.
OPP-01196,2025-09-20T21:50:00,analyst56@example.com,South,financial_services,SMB,automation,negotiation,15479.03,106,80,4,True,0.118,True,A strong competitor is already deployed and switching costs are a concern. Primary contact: buyer141@example.com.,won,14293.71,Successful technical evaluation with approved budget.
OPP-00938,2026-01-16T15:02:00,analyst26@example.com,West,technology,SMB,data_platform,negotiation,7494.23,6,38,3,True,0.268,True,A strong competitor is already deployed and switching costs are a concern. Primary contact: buyer094@example.com.,won,7542.38,Good product fit and timely stakeholder engagement.
OPP-00241,2025-07-01T14:55:00,analyst13@example.com,West,healthcare,Mid-Market,security,negotiation,22946.34,89,25,2,True,0.217,True,The customer delayed the project and has not confirmed a decision timeline.,won,21418.48,Strong executive sponsorship and clear ROI case.
OPP-02235,2025-12-25T14:02:00,analyst12@example.com,Northeast,technology,Enterprise,analytics,proposal,57857.28,19,97,8,True,0.199,True,Discovery is ongoing and the team requested additional product information.,won,55110.0,Successful technical evaluation with approved budget.
OPP-00959,2025-04-01T04:53:00,analyst47@example.com,Northeast,technology,Enterprise,security,negotiation,18156.75,84,38,5,True,0.237,True,A strong competitor is already deployed and switching costs are a concern.,lost,0.0,Insufficient stakeholder engagement and unclear business case.
OPP-00583,2025-09-25T18:35:00,analyst13@example.com,South,financial_services,Mid-Market,security,discovery,10488.2,45,23,5,False,0.247,False,Engagement has slowed and the proposal has not received internal sponsorship.,lost,0.0,Competitor preference and switching costs reduced win likelihood.
OPP-01191,2025-07-16T07:07:00,analyst51@example.com,South,technology,Enterprise,data_platform,proposal,29024.38,49,20,5,False,0.151,True,The customer delayed the project and has not confirmed a decision timeline.,lost,0.0,Budget or timing constraints prevented the purchase.
OPP-01214,2025-11-06T15:05:00,analyst17@example.com,Midwest,manufacturing,SMB,security,proposal,10774.82,37,90,2,False,0.081,True,Technical evaluation is progressing well and the customer requested implementation details.,won,10875.13,Strong executive sponsorship and clear ROI case.
OPP-01346,2025-07-05T08:02:00,analyst35@example.com,Northeast,financial_services,Mid-Market,data_platform,negotiation,11258.86,42,56,5,True,0.226,True,Discovery is ongoing and the team requested additional product information.,won,11137.59,Strong executive sponsorship and clear ROI case.
OPP-01398,2025-11-08T02:18:00,analyst30@example.com,Northeast,manufacturing,Mid-Market,security,qualification,12008.17,96,55,1,False,0.218,False,Stakeholders are interested but the business case is still being refined.,lost,0.0,Insufficient stakeholder engagement and unclear business case.
OPP-02993,2025-05-28T10:56:00,analyst29@example.com,South,technology,Enterprise,security,proposal,15780.97,149,70,3,True,0.103,True,Engagement has slowed and the proposal has not received internal sponsorship.,lost,0.0,Competitor preference and switching costs reduced win likelihood.
OPP-00351,2025-10-24T04:24:00,analyst09@example.com,Northeast,manufacturing,Enterprise,security,discovery,63619.87,70,53,1,False,0.212,False,The opportunity remains active but timing depends on the next planning cycle.,lost,0.0,Insufficient stakeholder engagement and unclear business case.
OPP-02751,2025-02-24T05:01:00,analyst15@example.com,Northeast,financial_services,Mid-Market,data_platform,proposal,35776.25,49,73,4,False,0.192,True,Executive sponsor is engaged and the buying team confirmed a clear business need. Primary contact: buyer008@example.com.,won,33629.09,Strong executive sponsorship and clear ROI case.
OPP-01231,2025-11-13T13:58:00,analyst34@example.com,Northeast,manufacturing,Enterprise,security,discovery,7784.02,99,43,3,True,0.163,False,The customer delayed the project and has not confirmed a decision timeline.,lost,0.0,Competitor preference and switching costs reduced win likelihood.
OPP-00350,2025-09-22T13:21:00,analyst08@example.com,South,healthcare,Enterprise,automation,discovery,120553.34,10,97,9,True,0.207,False,Discovery is ongoing and the team requested additional product information.,won,115010.24,Successful technical evaluation with approved budget.
OPP-02060,2025-05-26T21:26:00,analyst08@example.com,West,financial_services,SMB,analytics,proposal,17449.49,100,68,9,True,0.005,True,The customer delayed the project and has not confirmed a decision timeline.,won,17755.42,Strong executive sponsorship and clear ROI case.
OPP-02839,2025-02-04T18:45:00,analyst46@example.com,West,technology,SMB,analytics,proposal,12844.06,98,76,4,True,0.274,True,A strong competitor is already deployed and switching costs are a concern. Primary contact: buyer096@example.com.,lost,0.0,Budget or timing constraints prevented the purchase.
OPP-00644,2025-12-03T20:38:00,analyst17@example.com,South,financial_services,SMB,automation,proposal,8027.15,29,66,4,False,0.029,True,Discovery is ongoing and the team requested additional product information.,won,7675.15,Successful technical evaluation with approved budget.
OPP-01062,2025-08-25T19:37:00,analyst36@example.com,South,manufacturing,Enterprise,automation,negotiation,41216.58,157,51,0,True,0.249,True,The customer delayed the project and has not confirmed a decision timeline.,won,40172.02,Strong executive sponsorship and clear ROI case.
OPP-00945,2026-03-01T03:53:00,analyst33@example.com,Northeast,manufacturing,Mid-Market,automation,proposal,53304.32,158,26,6,False,0.228,True,Budget is uncertain and the main decision maker has not joined recent meetings.,lost,0.0,Budget or timing constraints prevented the purchase.
OPP-01158,2025-05-03T19:17:00,analyst18@example.com,South,financial_services,SMB,security,qualification,65041.88,10,79,8,False,0.213,False,Stakeholders are interested but the business case is still being refined.,lost,0.0,Budget or timing constraints prevented the purchase.
OPP-00658,2025-08-05T00:32:00,analyst31@example.com,Midwest,manufacturing,Mid-Market,automation,proposal,27546.45,117,61,2,False,0.09,True,The opportunity remains active but timing depends on the next planning cycle.,won,27289.0,Good product fit and timely stakeholder engagement.
OPP-01930,2026-01-08T14:43:00,analyst49@example.com,South,retail,SMB,analytics,negotiation,18427.12,73,33,7,True,0.031,True,Engagement has slowed and the proposal has not received internal sponsorship.,lost,0.0,Insufficient stakeholder engagement and unclear business case.
OPP-01179,2025-11-27T12:29:00,analyst39@example.com,Midwest,financial_services,Mid-Market,analytics,proposal,9862.41,81,21,2,False,0.076,True,The customer delayed the project and has not confirmed a decision timeline.,lost,0.0,Competitor preference and switching costs reduced win likelihood.
OPP-02831,2025-01-07T22:14:00,analyst38@example.com,Northeast,retail,Enterprise,security,proposal,26740.43,70,97,4,True,0.271,True,Stakeholders are interested but the business case is still being refined.,lost,0.0,Competitor preference and switching costs reduced win likelihood.
OPP-02473,2025-10-25T04:01:00,analyst22@example.com,Midwest,retail,Enterprise,automation,proposal,18782.68,27,48,2,False,0.06,True,Discovery is ongoing and the team requested additional product information.,won,17577.34,Good product fit and timely stakeholder engagement.
OPP-00648,2026-01-22T21:37:00,analyst21@example.com,Northeast,manufacturing,SMB,automation,qualification,74434.93,55,60,8,False,0.042,False,The opportunity remains active but timing depends on the next planning cycle.,won,76235.36,Good product fit and timely stakeholder engagement.
OPP-01115,2025-10-19T18:35:00,analyst32@example.com,Midwest,financial_services,Mid-Market,automation,qualification,17987.48,27,90,3,True,0.002,True,Stakeholders are interested but the business case is still being refined.,won,17339.88,Successful technical evaluation with approved budget.
OPP-02734,2025-09-10T14:38:00,analyst55@example.com,Midwest,technology,SMB,analytics,qualification,56103.1,46,55,7,False,0.037,True,Customer is still comparing alternatives and gathering internal feedback. Primary contact: buyer202@example.com.,lost,0.0,Budget or timing constraints prevented the purchase.
OPP-01714,2025-04-03T06:32:00,analyst04@example.com,Northeast,financial_services,SMB,analytics,qualification,31564.8,91,40,7,True,0.28,True,Budget is uncertain and the main decision maker has not joined recent meetings.,lost,0.0,Budget or timing constraints prevented the purchase.
OPP-01107,2025-03-10T20:17:00,analyst24@example.com,West,technology,SMB,automation,qualification,31301.42,141,49,5,False,0.076,True,The opportunity remains active but timing depends on the next planning cycle.,lost,0.0,Competitor preference and switching costs reduced win likelihood.
OPP-00539,2026-01-18T16:00:00,analyst26@example.com,Northeast,manufacturing,SMB,data_platform,qualification,47903.04,118,20,5,False,0.131,False,A strong competitor is already deployed and switching costs are a concern.,lost,0.0,Insufficient stakeholder engagement and unclear business case.
OPP-02115,2025-07-25T05:56:00,analyst06@example.com,South,technology,Mid-Market,analytics,qualification,14491.56,83,89,0,True,0.265,False,Discovery is ongoing and the team requested additional product information.,lost,0.0,Competitor preference and switching costs reduced win likelihood.
OPP-02965,2025-07-17T04:56:00,analyst01@example.com,West,healthcare,Enterprise,data_platform,qualification,17900.98,77,87,6,True,0.169,False,Stakeholders are interested but the business case is still being refined. Primary contact: buyer011@example.com.,won,16743.07,Successful technical evaluation with approved budget.
OPP-02381,2025-11-15T19:10:00,analyst44@example.com,Midwest,manufacturing,Enterprise,data_platform,proposal,46202.8,54,53,5,False,0.042,True,Stakeholders are interested but the business case is still being refined.,lost,0.0,Competitor preference and switching costs reduced win likelihood.
OPP-01545,2025-06-17T13:18:00,analyst06@example.com,Midwest,technology,SMB,analytics,qualification,23118.57,132,86,5,True,0.049,False,A strong competitor is already deployed and switching costs are a concern.,lost,0.0,Insufficient stakeholder engagement and unclear business case.
OPP-02723,2025-04-06T13:32:00,analyst44@example.com,Midwest,manufacturing,SMB,security,qualification,20036.77,167,81,3,False,0.229,True,Decision makers attended the latest meeting and asked for a final proposal.,lost,0.0,Budget or timing constraints prevented the purchase.
OPP-01118,2025-02-03T02:28:00,analyst35@example.com,Midwest,healthcare,SMB,automation,discovery,24912.78,104,81,5,True,0.118,False,A strong competitor is already deployed and switching costs are a concern.,won,23720.83,Good product fit and timely stakeholder engagement.
OPP-00802,2025-12-30T06:59:00,analyst04@example.com,South,financial_services,SMB,data_platform,proposal,15068.18,147,82,0,True,0.205,True,A strong competitor is already deployed and switching costs are a concern.,lost,0.0,Competitor preference and switching costs reduced win likelihood.
OPP-00787,2026-02-16T21:51:00,analyst46@example.com,South,retail,Enterprise,analytics,qualification,49420.12,92,15,7,True,0.03,False,A strong competitor is already deployed and switching costs are a concern.,lost,0.0,Insufficient stakeholder engagement and unclear business case.
OPP-02700,2025-12-18T18:43:00,analyst21@example.com,South,financial_services,Mid-Market,security,discovery,8484.36,90,20,6,False,0.054,False,A strong competitor is already deployed and switching costs are a concern.,lost,0.0,Insufficient stakeholder engagement and unclear business case.
OPP-00141,2025-06-20T19:57:00,analyst27@example.com,Northeast,retail,SMB,automation,discovery,8973.78,38,98,4,True,0.261,True,Discovery is ongoing and the team requested additional product information. Primary contact: buyer141@example.com.,won,8557.45,Good product fit and timely stakeholder engagement.
OPP-00789,2025-11-24T21:28:00,analyst48@example.com,South,retail,Enterprise,automation,discovery,33213.46,31,85,7,False,0.062,True,Decision makers attended the latest meeting and asked for a final proposal. Primary contact: buyer156@example.com.,won,32905.64,Successful technical evaluation with approved budget.
OPP-01555,2026-01-18T10:26:00,analyst16@example.com,West,financial_services,SMB,security,qualification,15947.06,17,49,5,False,0.174,False,Stakeholders are interested but the business case is still being refined.,lost,0.0,Insufficient stakeholder engagement and unclear business case.
OPP-01026,2025-07-11T02:39:00,analyst00@example.com,Midwest,retail,Mid-Market,security,discovery,23773.81,106,90,1,False,0.063,False,The opportunity remains active but timing depends on the next planning cycle.,won,23947.96,Good product fit and timely stakeholder engagement.
OPP-02029,2025-08-27T13:15:00,analyst34@example.com,South,retail,Mid-Market,analytics,discovery,11795.05,113,58,10,True,0.262,False,Engagement has slowed and the proposal has not received internal sponsorship.,lost,0.0,Insufficient stakeholder engagement and unclear business case.
OPP-00715,2026-02-27T12:20:00,analyst31@example.com,Midwest,technology,Enterprise,data_platform,qualification,13181.79,57,30,10,False,0.191,True,Budget is uncertain and the main decision maker has not joined recent meetings.,won,13388.44,Successful technical evaluation with approved budget.
OPP-00804,2025-09-16T14:24:00,analyst06@example.com,South,retail,Mid-Market,automation,discovery,50182.41,59,28,4,False,0.071,False,Engagement has slowed and the proposal has not received internal sponsorship.,won,48319.98,Good product fit and timely stakeholder engagement.
OPP-01322,2025-03-08T04:45:00,analyst11@example.com,South,financial_services,Enterprise,security,discovery,35801.97,49,42,4,False,0.232,False,Budget is uncertain and the main decision maker has not joined recent meetings.,lost,0.0,Competitor preference and switching costs reduced win likelihood.
OPP-01548,2025-08-22T12:26:00,analyst09@example.com,Northeast,financial_services,SMB,automation,negotiation,155674.68,106,88,10,False,0.106,True,Decision makers attended the latest meeting and asked for a final proposal.,won,157561.94,Strong executive sponsorship and clear ROI case.
OPP-00124,2025-10-05T13:46:00,analyst10@example.com,West,technology,SMB,data_platform,proposal,48530.93,103,16,4,True,0.218,True,A strong competitor is already deployed and switching costs are a concern.,lost,0.0,Budget or timing constraints prevented the purchase.
OPP-01290,2025-11-22T20:30:00,analyst36@example.com,West,financial_services,SMB,analytics,qualification,46617.9,80,52,7,True,0.19,True,Stakeholders are interested but the business case is still being refined.,lost,0.0,Insufficient stakeholder engagement and unclear business case.
OPP-02246,2025-01-19T15:55:00,analyst23@example.com,West,financial_services,Mid-Market,analytics,qualification,15948.19,35,70,8,True,0.035,True,Stakeholders are interested but the business case is still being refined.,lost,0.0,Budget or timing constraints prevented the purchase.
OPP-02447,2025-07-31T11:21:00,analyst53@example.com,West,manufacturing,Enterprise,security,proposal,50931.15,120,38,5,True,0.166,True,The customer delayed the project and has not confirmed a decision timeline. Primary contact: buyer126@example.com.,won,50727.9,Successful technical evaluation with approved budget.
OPP-00619,2025-08-11T05:44:00,analyst49@example.com,South,healthcare,SMB,security,discovery,26100.14,75,91,0,False,0.041,False,The opportunity remains active but timing depends on the next planning cycle.,won,24466.62,Good product fit and timely stakeholder engagement.
OPP-00407,2025-06-25T04:55:00,analyst08@example.com,Midwest,technology,Enterprise,automation,qualification,42110.95,146,46,2,True,0.049,True,Budget is uncertain and the main decision maker has not joined recent meetings.,won,40155.23,Strong executive sponsorship and clear ROI case.
OPP-02859,2025-03-11T22:41:00,analyst09@example.com,West,retail,Mid-Market,analytics,qualification,19463.09,51,82,5,True,0.087,True,Stakeholders are interested but the business case is still being refined. Primary contact: buyer116@example.com.,lost,0.0,Competitor preference and switching costs reduced win likelihood.
OPP-01339,2025-02-06T15:42:00,analyst28@example.com,South,retail,Mid-Market,automation,discovery,60062.55,51,33,9,True,0.18,False,Budget is uncertain and the main decision maker has not joined recent meetings. Primary contact: buyer073@example.com.,lost,0.0,Competitor preference and switching costs reduced win likelihood.
OPP-01079,2026-02-06T21:55:00,analyst53@example.com,Midwest,healthcare,Mid-Market,analytics,qualification,48983.94,80,39,2,True,0.111,True,Engagement has slowed and the proposal has not received internal sponsorship.,lost,0.0,Competitor preference and switching costs reduced win likelihood.
OPP-01601,2025-04-05T22:04:00,analyst05@example.com,West,healthcare,Enterprise,security,proposal,34312.86,17,32,6,False,0.106,True,Budget is uncertain and the main decision maker has not joined recent meetings.,lost,0.0,Insufficient stakeholder engagement and unclear business case.
OPP-02180,2025-12-17T18:41:00,analyst14@example.com,South,retail,SMB,data_platform,proposal,15143.77,120,34,0,False,0.139,True,The customer delayed the project and has not confirmed a decision timeline.,lost,0.0,Budget or timing constraints prevented the purchase.
OPP-00498,2025-01-08T13:33:00,analyst42@example.com,Northeast,technology,Enterprise,security,discovery,40696.85,94,68,7,True,0.193,True,The opportunity remains active but timing depends on the next planning cycle.,won,39183.14,Good product fit and timely stakeholder engagement.
OPP-01072,2025-03-15T16:50:00,analyst46@example.com,South,healthcare,SMB,data_platform,discovery,50022.49,75,90,6,False,0.278,False,Customer is still comparing alternatives and gathering internal feedback.,lost,0.0,Budget or timing constraints prevented the purchase.
OPP-00326,2025-12-26T08:40:00,analyst41@example.com,Northeast,technology,SMB,data_platform,negotiation,60534.8,172,100,4,True,0.138,True,A strong competitor is already deployed and switching costs are a concern. Primary contact: buyer115@example.com.,lost,0.0,Competitor preference and switching costs reduced win likelihood.
OPP-00343,2025-06-03T01:27:00,analyst01@example.com,South,manufacturing,SMB,security,qualification,17725.42,81,88,6,False,0.175,False,The opportunity remains active but timing depends on the next planning cycle. Primary contact: buyer132@example.com.,won,17234.06,Good product fit and timely stakeholder engagement.
OPP-02402,2025-07-22T03:34:00,analyst08@example.com,Northeast,manufacturing,SMB,data_platform,proposal,46016.17,10,24,5,True,0.199,True,A strong competitor is already deployed and switching costs are a concern.,lost,0.0,Budget or timing constraints prevented the purchase.
OPP-02272,2025-12-16T10:49:00,analyst49@example.com,Northeast,financial_services,SMB,security,discovery,21342.99,97,89,10,False,0.056,True,Budget is approved and procurement has provided a target decision date.,lost,0.0,Competitor preference and switching costs reduced win likelihood.
OPP-00783,2025-12-23T08:22:00,analyst42@example.com,Midwest,financial_services,SMB,automation,proposal,19798.39,173,81,10,True,0.186,True,A strong competitor is already deployed and switching costs are a concern.,won,18743.23,Good product fit and timely stakeholder engagement.
OPP-02800,2026-02-20T18:33:00,analyst07@example.com,South,healthcare,Enterprise,analytics,qualification,14418.69,141,29,8,True,0.259,False,The customer delayed the project and has not confirmed a decision timeline. Primary contact: buyer057@example.com.,lost,0.0,Competitor preference and switching costs reduced win likelihood.
OPP-00304,2025-06-10T22:47:00,analyst19@example.com,Northeast,financial_services,Mid-Market,analytics,discovery,37347.59,49,95,0,False,0.23,True,Executive sponsor is engaged and the buying team confirmed a clear business need.,won,34828.86,Strong executive sponsorship and clear ROI case.
OPP-02084,2025-05-05T12:14:00,analyst32@example.com,Northeast,financial_services,Mid-Market,analytics,qualification,27273.39,178,20,2,False,0.113,False,The customer delayed the project and has not confirmed a decision timeline.,lost,0.0,Budget or timing constraints prevented the purchase.
OPP-00665,2025-10-10T11:11:00,analyst38@example.com,Northeast,technology,Mid-Market,security,proposal,41017.93,158,37,2,True,0.26,True,Engagement has slowed and the proposal has not received internal sponsorship.,lost,0.0,Insufficient stakeholder engagement and unclear business case.
OPP-02080,2025-12-24T04:40:00,analyst28@example.com,Northeast,retail,SMB,security,proposal,59540.41,53,50,2,False,0.198,True,Discovery is ongoing and the team requested additional product information.,won,56300.07,Successful technical evaluation with approved budget.
OPP-01468,2026-03-07T20:10:00,analyst43@example.com,West,financial_services,Mid-Market,analytics,discovery,29258.39,95,26,8,False,0.099,False,The customer delayed the project and has not confirmed a decision timeline.,lost,0.0,Insufficient stakeholder engagement and unclear business case.
OPP-02678,2026-02-13T14:38:00,analyst56@example.com,South,financial_services,SMB,data_platform,qualification,37246.44,164,93,9,False,0.142,False,The opportunity remains active but timing depends on the next planning cycle. Primary contact: buyer146@example.com.,lost,0.0,Insufficient stakeholder engagement and unclear business case.
OPP-02191,2025-09-04T03:19:00,analyst25@example.com,West,healthcare,SMB,security,proposal,26114.9,169,65,5,False,0.247,True,The opportunity remains active but timing depends on the next planning cycle. Primary contact: buyer081@example.com.,lost,0.0,Budget or timing constraints prevented the purchase.
OPP-00085,2025-02-17T14:53:00,analyst28@example.com,West,manufacturing,SMB,analytics,discovery,16816.9,161,51,7,True,0.038,True,The customer delayed the project and has not confirmed a decision timeline.,lost,0.0,Insufficient stakeholder engagement and unclear business case.
OPP-02219,2025-08-05T15:07:00,analyst53@example.com,South,technology,Enterprise,automation,discovery,94422.9,131,68,3,False,0.219,True,Customer is still comparing alternatives and gathering internal feedback.,won,92191.92,Strong executive sponsorship and clear ROI case.
OPP-00942,2025-04-03T11:19:00,analyst30@example.com,Midwest,technology,SMB,security,negotiation,56476.17,139,29,1,True,0.267,True,A strong competitor is already deployed and switching costs are a concern.,lost,0.0,Insufficient stakeholder engagement and unclear business case.
OPP-00962,2025-03-30T07:00:00,analyst50@example.com,South,healthcare,SMB,automation,discovery,13189.49,13,75,6,True,0.014,False,Discovery is ongoing and the team requested additional product information.,won,13277.47,Successful technical evaluation with approved budget.
OPP-00842,2025-02-24T14:09:00,analyst44@example.com,West,healthcare,SMB,security,discovery,30381.59,87,77,10,True,0.073,True,Customer is still comparing alternatives and gathering internal feedback.,won,30705.95,Good product fit and timely stakeholder engagement.
OPP-01338,2026-01-30T11:37:00,analyst27@example.com,West,technology,Enterprise,security,discovery,31469.82,156,80,7,False,0.061,False,Discovery is ongoing and the team requested additional product information. Primary contact: buyer072@example.com.,lost,0.0,Competitor preference and switching costs reduced win likelihood.
OPP-02384,2025-01-15T19:47:00,analyst47@example.com,South,technology,SMB,automation,proposal,40049.37,107,22,10,False,0.242,True,Engagement has slowed and the proposal has not received internal sponsorship.,lost,0.0,Budget or timing constraints prevented the purchase.
OPP-01557,2025-09-12T19:28:00,analyst18@example.com,West,financial_services,Mid-Market,data_platform,proposal,16135.8,68,81,9,True,0.043,True,The opportunity remains active but timing depends on the next planning cycle.,won,15593.84,Strong executive sponsorship and clear ROI case.
OPP-02925,2025-12-06T09:25:00,analyst18@example.com,South,financial_services,Mid-Market,data_platform,proposal,21214.83,27,17,5,False,0.107,True,Engagement has slowed and the proposal has not received internal sponsorship.,lost,0.0,Budget or timing constraints prevented the purchase.
OPP-00291,2025-07-09T23:34:00,analyst06@example.com,Midwest,manufacturing,SMB,data_platform,discovery,9642.65,125,88,5,True,0.269,False,The customer delayed the project and has not confirmed a decision timeline.,lost,0.0,Insufficient stakeholder engagement and unclear business case.
OPP-01805,2025-10-23T17:27:00,analyst38@example.com,Midwest,retail,SMB,analytics,proposal,55638.82,130,83,3,True,0.17,True,The customer delayed the project and has not confirmed a decision timeline. Primary contact: buyer117@example.com.,won,56217.44,Strong executive sponsorship and clear ROI case.
OPP-01614,2025-09-28T23:39:00,analyst18@example.com,Northeast,manufacturing,Enterprise,automation,discovery,18275.61,26,31,5,False,0.249,False,Engagement has slowed and the proposal has not received internal sponsorship. Primary contact: buyer137@example.com.,won,18004.56,Strong executive sponsorship and clear ROI case.
OPP-00605,2025-03-11T04:46:00,analyst35@example.com,Midwest,retail,SMB,data_platform,proposal,18473.06,119,56,4,False,0.167,True,Discovery is ongoing and the team requested additional product information. Primary contact: buyer183@example.com.,lost,0.0,Insufficient stakeholder engagement and unclear business case.
OPP-02975,2025-02-21T10:06:00,analyst11@example.com,South,manufacturing,Enterprise,security,proposal,9435.48,9,42,3,False,0.233,True,A strong competitor is already deployed and switching costs are a concern.,lost,0.0,Competitor preference and switching costs reduced win likelihood.
OPP-00917,2025-09-25T16:44:00,analyst05@example.com,Midwest,manufacturing,Mid-Market,security,qualification,5000.0,31,85,5,False,0.104,False,Customer is still comparing alternatives and gathering internal feedback.,won,4669.48,Strong executive sponsorship and clear ROI case.
OPP-02090,2025-10-20T18:16:00,analyst38@example.com,South,retail,SMB,data_platform,discovery,19672.86,65,42,0,True,0.005,False,Engagement has slowed and the proposal has not received internal sponsorship. Primary contact: buyer191@example.com.,lost,0.0,Insufficient stakeholder engagement and unclear business case.
OPP-02081,2025-07-29T16:13:00,analyst29@example.com,Midwest,financial_services,Enterprise,analytics,proposal,21602.27,160,47,2,True,0.166,True,Engagement has slowed and the proposal has not received internal sponsorship. Primary contact: buyer182@example.com.,lost,0.0,Insufficient stakeholder engagement and unclear business case.
OPP-02104,2025-12-14T09:01:00,analyst52@example.com,Northeast,manufacturing,Mid-Market,security,discovery,56234.24,108,45,9,True,0.21,False,Engagement has slowed and the proposal has not received internal sponsorship.,lost,0.0,Insufficient stakeholder engagement and unclear business case.
OPP-01299,2025-05-12T04:40:00,analyst45@example.com,Northeast,technology,Mid-Market,automation,qualification,26192.92,5,54,8,False,0.049,False,Customer is still comparing alternatives and gathering internal feedback.,lost,0.0,Insufficient stakeholder engagement and unclear business case.
OPP-00822,2025-01-22T18:44:00,analyst24@example.com,South,financial_services,Enterprise,data_platform,proposal,19561.03,73,66,8,True,0.165,True,The opportunity remains active but timing depends on the next planning cycle.,lost,0.0,Budget or timing constraints prevented the purchase.
OPP-02475,2025-06-18T15:11:00,analyst24@example.com,South,manufacturing,SMB,data_platform,proposal,25374.35,133,18,9,False,0.229,True,The customer delayed the project and has not confirmed a decision timeline. Primary contact: buyer154@example.com.,lost,0.0,Budget or timing constraints prevented the purchase.
OPP-01001,2025-11-22T11:23:00,analyst32@example.com,South,financial_services,SMB,analytics,qualification,16455.94,60,29,4,False,0.263,False,Budget is uncertain and the main decision maker has not joined recent meetings.,lost,0.0,Insufficient stakeholder engagement and unclear business case.
OPP-01558,2025-09-02T11:34:00,analyst19@example.com,West,technology,Enterprise,analytics,negotiation,16284.8,39,31,3,False,0.017,True,Engagement has slowed and the proposal has not received internal sponsorship. Primary contact: buyer081@example.com.,lost,0.0,Competitor preference and switching costs reduced win likelihood.
OPP-00019,2026-01-07T06:30:00,analyst19@example.com,Midwest,financial_services,Mid-Market,analytics,discovery,9931.67,56,73,5,True,0.223,True,Customer is still comparing alternatives and gathering internal feedback.,won,9520.76,Successful technical evaluation with approved budget.
OPP-02429,2025-01-14T11:21:00,analyst35@example.com,Northeast,healthcare,Enterprise,data_platform,discovery,15671.33,150,18,1,True,0.146,True,A strong competitor is already deployed and switching costs are a concern.,lost,0.0,Competitor preference and switching costs reduced win likelihood.
OPP-01487,2026-02-14T03:42:00,analyst05@example.com,Northeast,technology,Enterprise,security,proposal,8929.41,47,56,3,True,0.109,True,Stakeholders are interested but the business case is still being refined.,lost,0.0,Competitor preference and switching costs reduced win likelihood.
OPP-01766,2025-04-28T09:04:00,analyst56@example.com,West,retail,Mid-Market,data_platform,negotiation,14730.46,173,24,2,False,0.17,True,A strong competitor is already deployed and switching costs are a concern.,lost,0.0,Insufficient stakeholder engagement and unclear business case.
OPP-02818,2025-10-01T16:17:00,analyst25@example.com,South,healthcare,SMB,data_platform,proposal,13622.38,144,97,6,True,0.229,True,The customer delayed the project and has not confirmed a decision timeline.,won,13231.29,Good product fit and timely stakeholder engagement.
OPP-02495,2025-12-03T13:05:00,analyst44@example.com,South,manufacturing,SMB,data_platform,proposal,22958.27,162,58,8,False,0.036,True,Customer is still comparing alternatives and gathering internal feedback.,lost,0.0,Insufficient stakeholder engagement and unclear business case.
OPP-02933,2025-02-07T06:27:00,analyst26@example.com,Midwest,financial_services,SMB,analytics,negotiation,35889.56,78,38,0,False,0.196,True,A strong competitor is already deployed and switching costs are a concern. Primary contact: buyer190@example.com.,lost,0.0,Competitor preference and switching costs reduced win likelihood.
OPP-02481,2025-04-24T10:37:00,analyst30@example.com,Northeast,financial_services,SMB,security,discovery,12710.63,93,28,4,True,0.187,False,The customer delayed the project and has not confirmed a decision timeline.,lost,0.0,Competitor preference and switching costs reduced win likelihood.
OPP-01992,2025-11-26T15:44:00,analyst54@example.com,South,manufacturing,SMB,data_platform,qualification,34011.31,86,54,6,True,0.118,False,The opportunity remains active but timing depends on the next planning cycle.,lost,0.0,Competitor preference and switching costs reduced win likelihood.
OPP-01437,2025-06-23T21:41:00,analyst12@example.com,West,technology,Mid-Market,automation,proposal,62632.22,101,43,7,True,0.051,True,Budget is uncertain and the main decision maker has not joined recent meetings. Primary contact: buyer171@example.com.,lost,0.0,Competitor preference and switching costs reduced win likelihood.
OPP-01916,2026-01-02T07:48:00,analyst35@example.com,South,manufacturing,SMB,security,qualification,37583.63,92,49,6,False,0.183,False,Customer is still comparing alternatives and gathering internal feedback.,lost,0.0,Insufficient stakeholder engagement and unclear business case.
OPP-00361,2025-08-28T15:42:00,analyst19@example.com,Northeast,healthcare,SMB,data_platform,qualification,12571.17,74,87,10,False,0.163,False,Customer is still comparing alternatives and gathering internal feedback. Primary contact: buyer150@example.com.,won,12501.52,Successful technical evaluation with approved budget.
OPP-01273,2026-02-26T01:01:00,analyst19@example.com,South,retail,SMB,data_platform,discovery,74054.93,98,65,5,False,0.108,False,Stakeholders are interested but the business case is still being refined. Primary contact: buyer007@example.com.,lost,0.0,Competitor preference and switching costs reduced win likelihood.
OPP-01792,2025-10-06T23:25:00,analyst25@example.com,South,technology,Enterprise,data_platform,qualification,10999.72,130,71,2,True,0.054,False,Engagement has slowed and the proposal has not received internal sponsorship.,lost,0.0,Insufficient stakeholder engagement and unclear business case.
OPP-01578,2025-11-08T15:26:00,analyst39@example.com,South,financial_services,Enterprise,data_platform,discovery,43260.51,82,44,4,False,0.199,False,Stakeholders are interested but the business case is still being refined.,lost,0.0,Competitor preference and switching costs reduced win likelihood.
OPP-00345,2025-05-29T13:26:00,analyst03@example.com,South,manufacturing,Mid-Market,security,discovery,67297.54,116,87,10,True,0.056,False,Engagement has slowed and the proposal has not received internal sponsorship.,lost,0.0,Budget or timing constraints prevented the purchase.
OPP-00987,2025-10-29T11:57:00,analyst18@example.com,South,manufacturing,Mid-Market,data_platform,proposal,30918.4,153,17,1,True,0.046,True,The customer delayed the project and has not confirmed a decision timeline. Primary contact: buyer143@example.com.,lost,0.0,Insufficient stakeholder engagement and unclear business case.
OPP-01271,2025-04-12T21:15:00,analyst17@example.com,West,retail,Mid-Market,automation,negotiation,54665.11,71,28,7,False,0.056,True,The customer delayed the project and has not confirmed a decision timeline.,lost,0.0,Insufficient stakeholder engagement and unclear business case.
OPP-01727,2026-01-05T04:05:00,analyst17@example.com,South,retail,Mid-Market,automation,discovery,8558.24,176,100,8,True,0.231,False,Engagement has slowed and the proposal has not received internal sponsorship. Primary contact: buyer039@example.com.,lost,0.0,Competitor preference and switching costs reduced win likelihood.
OPP-01331,2025-12-16T01:06:00,analyst20@example.com,Northeast,technology,SMB,automation,discovery,30486.27,24,64,8,True,0.218,False,Customer is still comparing alternatives and gathering internal feedback.,lost,0.0,Insufficient stakeholder engagement and unclear business case.
OPP-01911,2025-10-19T19:23:00,analyst30@example.com,Midwest,retail,Mid-Market,security,negotiation,83565.78,116,58,10,True,0.218,True,Budget is uncertain and the main decision maker has not joined recent meetings.,won,80067.27,Good product fit and timely stakeholder engagement.
OPP-01094,2025-05-15T14:21:00,analyst11@example.com,South,technology,SMB,analytics,negotiation,47782.82,52,18,2,False,0.279,True,Budget is uncertain and the main decision maker has not joined recent meetings. Primary contact: buyer039@example.com.,lost,0.0,Competitor preference and switching costs reduced win likelihood.
OPP-01589,2025-03-06T15:47:00,analyst50@example.com,South,financial_services,Mid-Market,analytics,qualification,18458.39,98,81,4,True,0.252,True,Budget is uncertain and the main decision maker has not joined recent meetings.,lost,0.0,Competitor preference and switching costs reduced win likelihood.
OPP-00086,2025-03-05T02:43:00,analyst29@example.com,Midwest,healthcare,Enterprise,automation,proposal,28623.03,56,32,3,False,0.007,True,The customer delayed the project and has not confirmed a decision timeline.,won,26741.78,Good product fit and timely stakeholder engagement.
OPP-02963,2025-08-23T22:48:00,analyst56@example.com,West,financial_services,SMB,automation,qualification,18842.06,7,85,6,True,0.235,True,Stakeholders are interested but the business case is still being refined.,lost,0.0,Budget or timing constraints prevented the purchase.
OPP-00669,2026-02-09T01:55:00,analyst42@example.com,South,retail,SMB,analytics,negotiation,48350.45,47,27,7,True,0.043,True,Engagement has slowed and the proposal has not received internal sponsorship.,lost,0.0,Budget or timing constraints prevented the purchase.
OPP-01015,2025-02-08T01:01:00,analyst46@example.com,Northeast,healthcare,Mid-Market,security,qualification,22760.51,96,64,4,True,0.073,False,The customer delayed the project and has not confirmed a decision timeline.,lost,0.0,Insufficient stakeholder engagement and unclear business case.
OPP-00129,2026-03-05T22:21:00,analyst15@example.com,Northeast,technology,Mid-Market,data_platform,qualification,38553.16,170,97,6,False,0.093,False,Discovery is ongoing and the team requested additional product information.,won,37432.69,Successful technical evaluation with approved budget.
OPP-02261,2025-08-25T13:12:00,analyst38@example.com,Midwest,manufacturing,SMB,data_platform,negotiation,28579.77,142,80,3,True,0.087,True,Engagement has slowed and the proposal has not received internal sponsorship. Primary contact: buyer151@example.com.,won,27138.04,Strong executive sponsorship and clear ROI case.
OPP-02041,2025-07-07T10:33:00,analyst46@example.com,Northeast,retail,SMB,data_platform,discovery,15794.52,71,51,5,False,0.14,False,The opportunity remains active but timing depends on the next planning cycle.,lost,0.0,Competitor preference and switching costs reduced win likelihood.
OPP-00892,2025-10-27T11:04:00,analyst37@example.com,Midwest,financial_services,Mid-Market,security,negotiation,26820.89,20,44,9,False,0.216,True,Discovery is ongoing and the team requested additional product information.,lost,0.0,Budget or timing constraints prevented the purchase.
OPP-01834,2025-09-26T11:55:00,analyst10@example.com,South,manufacturing,Enterprise,data_platform,discovery,33894.62,149,35,2,False,0.036,True,The customer delayed the project and has not confirmed a decision timeline.,lost,0.0,Insufficient stakeholder engagement and unclear business case.
OPP-00308,2025-02-08T12:44:00,analyst23@example.com,South,retail,Mid-Market,automation,discovery,27246.91,176,20,0,False,0.08,False,Engagement has slowed and the proposal has not received internal sponsorship. Primary contact: buyer097@example.com.,lost,0.0,Insufficient stakeholder engagement and unclear business case.
OPP-00384,2025-09-27T10:58:00,analyst42@example.com,South,retail,Mid-Market,automation,negotiation,29249.8,59,73,7,True,0.044,True,Customer is still comparing alternatives and gathering internal feedback.,won,27264.82,Successful technical evaluation with approved budget.
OPP-01848,2025-06-23T05:08:00,analyst24@example.com,Midwest,retail,Mid-Market,analytics,discovery,125028.56,146,72,0,True,0.039,False,The customer delayed the project and has not confirmed a decision timeline. Primary contact: buyer160@example.com.,lost,0.0,Insufficient stakeholder engagement and unclear business case.
OPP-02182,2025-08-17T17:33:00,analyst16@example.com,South,manufacturing,Enterprise,security,negotiation,49205.34,47,66,2,False,0.005,True,The opportunity remains active but timing depends on the next planning cycle. Primary contact: buyer072@example.com.,won,49184.91,Good product fit and timely stakeholder engagement.
OPP-00427,2025-04-01T16:02:00,analyst28@example.com,West,financial_services,SMB,data_platform,negotiation,35040.31,9,92,9,True,0.143,True,Customer is still comparing alternatives and gathering internal feedback. Primary contact: buyer005@example.com.,won,35162.37,Good product fit and timely stakeholder engagement.
OPP-00495,2025-03-21T05:31:00,analyst39@example.com,South,manufacturing,SMB,analytics,discovery,14281.72,23,43,6,False,0.187,False,Customer is still comparing alternatives and gathering internal feedback. Primary contact: buyer073@example.com.,lost,0.0,Insufficient stakeholder engagement and unclear business case.
OPP-01579,2025-02-21T11:27:00,analyst40@example.com,West,technology,SMB,automation,discovery,96025.11,57,79,1,False,0.011,False,Customer is still comparing alternatives and gathering internal feedback.,won,93923.32,Good product fit and timely stakeholder engagement.
OPP-02438,2025-06-20T20:36:00,analyst44@example.com,West,technology,SMB,analytics,proposal,35258.37,42,90,4,True,0.226,True,Customer is still comparing alternatives and gathering internal feedback.,won,34435.5,Successful technical evaluation with approved budget.
OPP-02203,2025-07-27T18:29:00,analyst37@example.com,South,technology,SMB,security,qualification,66598.74,137,59,8,True,0.28,True,The customer delayed the project and has not confirmed a decision timeline.,lost,0.0,Budget or timing constraints prevented the purchase.
OPP-01262,2026-03-07T04:56:00,analyst08@example.com,West,financial_services,SMB,data_platform,negotiation,57230.81,11,53,1,True,0.152,True,Customer is still comparing alternatives and gathering internal feedback.,lost,0.0,Budget or timing constraints prevented the purchase.
OPP-02829,2025-01-14T07:44:00,analyst36@example.com,Midwest,manufacturing,SMB,security,discovery,13494.62,81,59,8,True,0.276,False,Customer is still comparing alternatives and gathering internal feedback.,lost,0.0,Insufficient stakeholder engagement and unclear business case.
OPP-00276,2025-07-18T00:45:00,analyst48@example.com,Midwest,manufacturing,Mid-Market,data_platform,proposal,20760.96,141,36,9,False,0.052,True,The customer delayed the project and has not confirmed a decision timeline.,won,20721.15,Successful technical evaluation with approved budget.
OPP-00490,2026-01-02T00:10:00,analyst34@example.com,Northeast,technology,SMB,data_platform,qualification,22250.25,106,79,3,True,0.109,False,Budget is uncertain and the main decision maker has not joined recent meetings.,won,21702.75,Good product fit and timely stakeholder engagement.
OPP-02213,2025-07-16T19:36:00,analyst47@example.com,South,manufacturing,SMB,analytics,proposal,57588.51,62,99,9,True,0.232,True,Stakeholders are interested but the business case is still being refined.,lost,0.0,Competitor preference and switching costs reduced win likelihood.
OPP-00691,2025-09-10T10:58:00,analyst07@example.com,Northeast,healthcare,Mid-Market,automation,negotiation,32107.48,56,75,6,True,0.195,True,Stakeholders are interested but the business case is still being refined.,won,30006.28,Successful technical evaluation with approved budget.
OPP-01323,2025-05-15T21:42:00,analyst12@example.com,Midwest,financial_services,SMB,data_platform,proposal,18202.09,16,33,8,True,0.202,True,The customer delayed the project and has not confirmed a decision timeline.,lost,0.0,Competitor preference and switching costs reduced win likelihood.
OPP-02736,2025-01-22T08:34:00,analyst00@example.com,West,healthcare,Mid-Market,automation,negotiation,33496.07,10,56,3,True,0.033,True,Stakeholders are interested but the business case is still being refined.,lost,0.0,Insufficient stakeholder engagement and unclear business case.
OPP-02324,2025-07-03T17:03:00,analyst44@example.com,South,technology,Mid-Market,automation,qualification,91899.02,71,27,9,False,0.109,False,A strong competitor is already deployed and switching costs are a concern.,won,89243.52,Strong executive sponsorship and clear ROI case.
OPP-02211,2025-07-28T07:10:00,analyst45@example.com,South,financial_services,SMB,automation,negotiation,72825.51,10,23,1,True,0.238,True,A strong competitor is already deployed and switching costs are a concern.,won,73643.88,Strong executive sponsorship and clear ROI case.
OPP-02085,2026-01-19T22:21:00,analyst33@example.com,South,financial_services,Enterprise,automation,qualification,39061.69,139,56,7,True,0.215,False,Budget is uncertain and the main decision maker has not joined recent meetings. Primary contact: buyer186@example.com.,lost,0.0,Budget or timing constraints prevented the purchase.
OPP-01059,2025-06-28T05:46:00,analyst33@example.com,West,technology,Mid-Market,data_platform,discovery,31569.99,71,64,3,True,0.006,False,Discovery is ongoing and the team requested additional product information. Primary contact: buyer004@example.com.,won,32136.2,Strong executive sponsorship and clear ROI case.
OPP-00119,2025-08-30T13:22:00,analyst05@example.com,Northeast,healthcare,Enterprise,security,proposal,120902.87,172,98,0,True,0.106,True,A strong competitor is already deployed and switching costs are a concern. Primary contact: buyer119@example.com.,won,119807.47,Successful technical evaluation with approved budget.
OPP-02011,2026-02-06T06:55:00,analyst16@example.com,Midwest,manufacturing,Mid-Market,data_platform,discovery,11845.12,84,78,4,True,0.189,False,Customer is still comparing alternatives and gathering internal feedback.,lost,0.0,Budget or timing constraints prevented the purchase.
OPP-01732,2025-04-07T21:26:00,analyst22@example.com,West,retail,SMB,analytics,proposal,17920.18,14,42,10,True,0.214,True,A strong competitor is already deployed and switching costs are a concern. Primary contact: buyer044@example.com.,won,17261.88,Good product fit and timely stakeholder engagement.
OPP-00282,2025-12-13T11:04:00,analyst54@example.com,Northeast,retail,SMB,security,discovery,53661.8,98,65,2,False,0.186,False,Stakeholders are interested but the business case is still being refined.,lost,0.0,Budget or timing constraints prevented the purchase.
OPP-01508,2026-02-02T00:31:00,analyst26@example.com,South,healthcare,Enterprise,automation,discovery,9925.07,138,82,3,True,0.178,True,The customer delayed the project and has not confirmed a decision timeline.,lost,0.0,Competitor preference and switching costs reduced win likelihood.
OPP-02341,2025-12-02T11:42:00,analyst04@example.com,West,technology,SMB,security,negotiation,18465.72,88,87,4,True,0.161,True,Discovery is ongoing and the team requested additional product information.,won,18344.78,Good product fit and timely stakeholder engagement.
OPP-02002,2025-10-30T16:07:00,analyst07@example.com,West,retail,Mid-Market,data_platform,proposal,26383.65,28,22,10,False,0.146,True,The customer delayed the project and has not confirmed a decision timeline.,won,25050.83,Successful technical evaluation with approved budget.
OPP-02706,2025-07-24T22:18:00,analyst27@example.com,Northeast,retail,Mid-Market,data_platform,proposal,6582.59,77,45,2,True,0.231,True,Customer is still comparing alternatives and gathering internal feedback. Primary contact: buyer174@example.com.,lost,0.0,Insufficient stakeholder engagement and unclear business case.
OPP-02650,2026-02-01T02:19:00,analyst28@example.com,Northeast,healthcare,Enterprise,data_platform,negotiation,38382.38,34,56,7,False,0.242,True,Customer is still comparing alternatives and gathering internal feedback.,won,36244.32,Successful technical evaluation with approved budget.
OPP-01958,2026-01-22T03:25:00,analyst20@example.com,South,manufacturing,Enterprise,automation,negotiation,64472.46,141,80,5,False,0.046,True,Executive sponsor is engaged and the buying team confirmed a clear business need.,won,59497.87,Successful technical evaluation with approved budget.
OPP-02417,2026-01-27T04:51:00,analyst23@example.com,West,manufacturing,Enterprise,automation,qualification,27705.93,146,69,7,True,0.192,True,The customer delayed the project and has not confirmed a decision timeline.,won,26507.32,Strong executive sponsorship and clear ROI case.
OPP-00305,2025-04-08T10:49:00,analyst20@example.com,Northeast,financial_services,SMB,security,discovery,125852.87,156,37,5,True,0.077,False,A strong competitor is already deployed and switching costs are a concern.,lost,0.0,Budget or timing constraints prevented the purchase.
OPP-01884,2026-01-15T22:01:00,analyst03@example.com,West,financial_services,SMB,analytics,discovery,13814.79,67,41,4,False,0.021,False,Engagement has slowed and the proposal has not received internal sponsorship. Primary contact: buyer196@example.com.,lost,0.0,Budget or timing constraints prevented the purchase.
OPP-01534,2025-02-19T05:16:00,analyst52@example.com,Northeast,financial_services,Enterprise,automation,qualification,31994.66,91,17,6,True,0.217,True,Engagement has slowed and the proposal has not received internal sponsorship. Primary contact: buyer057@example.com.,lost,0.0,Insufficient stakeholder engagement and unclear business case.
OPP-01377,2025-08-09T13:37:00,analyst09@example.com,Midwest,technology,SMB,automation,negotiation,30075.49,83,77,4,True,0.068,True,The opportunity remains active but timing depends on the next planning cycle. Primary contact: buyer111@example.com.,won,28659.4,Successful technical evaluation with approved budget.
OPP-00576,2025-08-16T15:54:00,analyst06@example.com,South,healthcare,Enterprise,analytics,qualification,86901.34,111,17,0,False,0.152,False,Engagement has slowed and the proposal has not received internal sponsorship. Primary contact: buyer154@example.com.,lost,0.0,Insufficient stakeholder engagement and unclear business case.
OPP-01886,2025-10-29T05:06:00,analyst05@example.com,Midwest,financial_services,SMB,security,qualification,33100.29,61,75,8,False,0.205,False,Discovery is ongoing and the team requested additional product information.,won,33091.53,Successful technical evaluation with approved budget.
OPP-02578,2026-02-02T10:49:00,analyst13@example.com,Northeast,healthcare,Enterprise,analytics,negotiation,13255.36,32,96,6,False,0.059,True,Budget is approved and procurement has provided a target decision date. Primary contact: buyer046@example.com.,won,12359.92,Strong executive sponsorship and clear ROI case.
OPP-02629,2025-11-13T07:18:00,analyst07@example.com,Northeast,retail,Enterprise,data_platform,negotiation,31886.38,55,41,4,True,0.254,True,Engagement has slowed and the proposal has not received internal sponsorship.,won,29876.54,Good product fit and timely stakeholder engagement.
OPP-01430,2025-08-10T07:25:00,analyst05@example.com,West,manufacturing,Mid-Market,automation,discovery,61779.27,30,78,7,True,0.136,True,Stakeholders are interested but the business case is still being refined.,won,62907.22,Strong executive sponsorship and clear ROI case.
OPP-01445,2025-01-14T08:56:00,analyst20@example.com,Northeast,technology,Mid-Market,security,discovery,22697.98,106,50,8,False,0.038,False,Stakeholders are interested but the business case is still being refined. Primary contact: buyer179@example.com.,won,21679.96,Successful technical evaluation with approved budget.
OPP-00844,2025-04-20T07:57:00,analyst46@example.com,Northeast,financial_services,Mid-Market,data_platform,proposal,15667.46,139,27,3,False,0.125,True,Budget is uncertain and the main decision maker has not joined recent meetings.,lost,0.0,Competitor preference and switching costs reduced win likelihood.
OPP-01711,2026-02-04T08:25:00,analyst01@example.com,Northeast,manufacturing,SMB,data_platform,negotiation,46819.18,126,69,6,False,0.057,True,Customer is still comparing alternatives and gathering internal feedback.,won,44140.79,Strong executive sponsorship and clear ROI case.
OPP-00270,2025-09-12T11:33:00,analyst42@example.com,South,financial_services,Mid-Market,security,discovery,23741.2,6,46,8,True,0.176,False,Discovery is ongoing and the team requested additional product information. Primary contact: buyer059@example.com.,lost,0.0,Insufficient stakeholder engagement and unclear business case.
OPP-00630,2025-07-19T19:51:00,analyst03@example.com,West,healthcare,Mid-Market,automation,negotiation,38563.72,70,52,5,True,0.12,True,Discovery is ongoing and the team requested additional product information.,won,37612.11,Good product fit and timely stakeholder engagement.
OPP-01034,2025-02-14T17:59:00,analyst08@example.com,West,healthcare,SMB,data_platform,discovery,16522.94,151,22,8,True,0.15,True,Budget is uncertain and the main decision maker has not joined recent meetings. Primary contact: buyer190@example.com.,lost,0.0,Competitor preference and switching costs reduced win likelihood.
OPP-00287,2025-05-07T14:33:00,analyst02@example.com,Midwest,manufacturing,Enterprise,analytics,proposal,51592.86,77,18,3,True,0.165,True,Engagement has slowed and the proposal has not received internal sponsorship.,lost,0.0,Insufficient stakeholder engagement and unclear business case.
OPP-02217,2025-02-20T06:41:00,analyst51@example.com,South,healthcare,Mid-Market,security,proposal,14733.69,48,85,8,False,0.163,True,Decision makers attended the latest meeting and asked for a final proposal.,lost,0.0,Insufficient stakeholder engagement and unclear business case.
OPP-00301,2025-10-08T01:44:00,analyst16@example.com,South,technology,SMB,security,qualification,21228.55,19,95,10,True,0.15,False,Discovery is ongoing and the team requested additional product information. Primary contact: buyer090@example.com.,lost,0.0,Budget or timing constraints prevented the purchase.
OPP-01361,2025-01-15T21:34:00,analyst50@example.com,Northeast,technology,Enterprise,security,negotiation,13784.86,119,28,5,True,0.232,True,The customer delayed the project and has not confirmed a decision timeline. Primary contact: buyer095@example.com.,won,13448.1,Good product fit and timely stakeholder engagement.
OPP-01826,2025-11-22T10:30:00,analyst02@example.com,South,technology,SMB,analytics,qualification,41394.96,116,35,7,False,0.207,False,The customer delayed the project and has not confirmed a decision timeline.,lost,0.0,Competitor preference and switching costs reduced win likelihood.
OPP-00066,2025-03-19T10:05:00,analyst09@example.com,West,technology,Mid-Market,analytics,negotiation,35005.49,168,68,4,True,0.006,True,Engagement has slowed and the proposal has not received internal sponsorship.,won,32544.4,Successful technical evaluation with approved budget.
OPP-02226,2025-04-02T18:35:00,analyst03@example.com,Northeast,retail,Mid-Market,security,qualification,74767.07,101,30,7,True,0.246,False,The customer delayed the project and has not confirmed a decision timeline. Primary contact: buyer116@example.com.,lost,0.0,Budget or timing constraints prevented the purchase.
OPP-00891,2025-12-15T05:24:00,analyst36@example.com,West,healthcare,Enterprise,security,proposal,154858.79,88,58,9,True,0.088,True,Discovery is ongoing and the team requested additional product information. Primary contact: buyer047@example.com.,lost,0.0,Insufficient stakeholder engagement and unclear business case.
OPP-01781,2025-08-19T13:09:00,analyst14@example.com,Midwest,technology,SMB,automation,qualification,21137.44,63,59,8,True,0.058,False,Customer is still comparing alternatives and gathering internal feedback.,lost,0.0,Competitor preference and switching costs reduced win likelihood.
OPP-01745,2025-03-30T05:29:00,analyst35@example.com,Northeast,healthcare,SMB,data_platform,discovery,19890.43,26,42,8,False,0.194,False,A strong competitor is already deployed and switching costs are a concern.,won,18311.71,Strong executive sponsorship and clear ROI case.
OPP-01230,2026-01-08T08:34:00,analyst33@example.com,Midwest,retail,Enterprise,analytics,discovery,15089.9,108,62,5,False,0.019,False,Discovery is ongoing and the team requested additional product information.,lost,0.0,Budget or timing constraints prevented the purchase.
OPP-00231,2026-01-12T19:21:00,analyst03@example.com,West,healthcare,Mid-Market,automation,negotiation,94106.15,74,45,8,True,0.107,True,Customer is still comparing alternatives and gathering internal feedback. Primary contact: buyer020@example.com.,won,87969.67,Successful technical evaluation with approved budget.
OPP-00504,2025-08-20T12:12:00,analyst48@example.com,Northeast,healthcare,Mid-Market,data_platform,discovery,37239.69,111,45,0,False,0.116,True,The opportunity remains active but timing depends on the next planning cycle.,won,37619.68,Good product fit and timely stakeholder engagement.
OPP-01814,2025-11-11T18:07:00,analyst47@example.com,Midwest,technology,SMB,automation,proposal,34577.99,64,97,8,True,0.192,True,Stakeholders are interested but the business case is still being refined.,won,32972.95,Strong executive sponsorship and clear ROI case.
OPP-01362,2025-08-25T09:53:00,analyst51@example.com,Northeast,retail,Mid-Market,data_platform,discovery,122489.03,57,51,3,False,0.103,False,The opportunity remains active but timing depends on the next planning cycle. Primary contact: buyer096@example.com.,lost,0.0,Competitor preference and switching costs reduced win likelihood.
OPP-01457,2025-08-16T08:28:00,analyst32@example.com,Northeast,healthcare,SMB,analytics,proposal,15863.59,65,66,5,True,0.202,True,Customer is still comparing alternatives and gathering internal feedback.,won,15303.98,Successful technical evaluation with approved budget.
OPP-01238,2025-07-18T11:26:00,analyst41@example.com,West,retail,Mid-Market,security,qualification,30574.08,61,91,1,True,0.268,True,Customer is still comparing alternatives and gathering internal feedback. Primary contact: buyer183@example.com.,won,28958.51,Good product fit and timely stakeholder engagement.
OPP-01005,2025-03-18T14:43:00,analyst36@example.com,South,manufacturing,Mid-Market,security,proposal,50379.41,128,67,1,False,0.178,True,Stakeholders are interested but the business case is still being refined. Primary contact: buyer161@example.com.,lost,0.0,Competitor preference and switching costs reduced win likelihood.
OPP-00837,2025-08-22T10:26:00,analyst39@example.com,West,technology,Enterprise,analytics,proposal,40740.35,161,83,7,True,0.042,True,A strong competitor is already deployed and switching costs are a concern.,lost,0.0,Budget or timing constraints prevented the purchase.
OPP-01980,2026-01-09T08:55:00,analyst42@example.com,Northeast,manufacturing,SMB,automation,qualification,40674.52,115,62,6,False,0.099,False,Stakeholders are interested but the business case is still being refined.,lost,0.0,Competitor preference and switching costs reduced win likelihood.
OPP-00375,2025-05-30T21:23:00,analyst33@example.com,South,manufacturing,Mid-Market,analytics,proposal,70356.98,122,29,1,False,0.171,True,Budget is uncertain and the main decision maker has not joined recent meetings. Primary contact: buyer164@example.com.,lost,0.0,Budget or timing constraints prevented the purchase.
OPP-01261,2025-03-08T08:09:00,analyst07@example.com,Midwest,healthcare,SMB,automation,negotiation,17817.19,40,82,6,True,0.078,True,Discovery is ongoing and the team requested additional product information.,won,17601.53,Good product fit and timely stakeholder engagement.
OPP-02116,2025-06-30T09:29:00,analyst07@example.com,Northeast,manufacturing,SMB,security,proposal,171653.34,161,30,1,False,0.049,True,Engagement has slowed and the proposal has not received internal sponsorship.,lost,0.0,Budget or timing constraints prevented the purchase.
OPP-01801,2025-07-23T07:19:00,analyst34@example.com,Northeast,technology,SMB,security,discovery,13585.84,28,79,7,False,0.183,False,Customer is still comparing alternatives and gathering internal feedback. Primary contact: buyer113@example.com.,lost,0.0,Budget or timing constraints prevented the purchase.
OPP-01818,2025-08-12T12:48:00,analyst51@example.com,Midwest,manufacturing,SMB,data_platform,qualification,14701.61,16,30,9,False,0.163,True,Engagement has slowed and the proposal has not received internal sponsorship. Primary contact: buyer130@example.com.,lost,0.0,Competitor preference and switching costs reduced win likelihood.
OPP-02448,2025-09-17T16:42:00,analyst54@example.com,West,retail,SMB,security,proposal,12024.8,134,18,0,True,0.255,True,The customer delayed the project and has not confirmed a decision timeline.,lost,0.0,Budget or timing constraints prevented the purchase.
OPP-00752,2025-08-30T16:33:00,analyst11@example.com,Northeast,financial_services,Enterprise,analytics,discovery,10370.88,103,98,6,True,0.082,False,Budget is uncertain and the main decision maker has not joined recent meetings.,won,9618.51,Successful technical evaluation with approved budget.
OPP-00100,2025-12-15T00:01:00,analyst43@example.com,South,financial_services,SMB,automation,proposal,11316.62,125,27,10,False,0.001,True,A strong competitor is already deployed and switching costs are a concern.,lost,0.0,Competitor preference and switching costs reduced win likelihood.
OPP-01737,2025-12-12T10:45:00,analyst27@example.com,South,financial_services,Mid-Market,security,discovery,30211.21,107,88,4,True,0.258,False,Budget is uncertain and the main decision maker has not joined recent meetings. Primary contact: buyer049@example.com.,won,30646.0,Strong executive sponsorship and clear ROI case.
OPP-00867,2025-01-24T21:56:00,analyst12@example.com,Northeast,retail,SMB,automation,negotiation,55813.35,32,58,5,True,0.242,True,Discovery is ongoing and the team requested additional product information.,lost,0.0,Competitor preference and switching costs reduced win likelihood.
OPP-00911,2025-11-22T20:15:00,analyst56@example.com,Northeast,healthcare,SMB,analytics,discovery,25513.08,8,97,6,False,0.084,True,Technical evaluation is progressing well and the customer requested implementation details.,lost,0.0,Budget or timing constraints prevented the purchase.
OPP-02291,2025-01-19T14:47:00,analyst11@example.com,Midwest,technology,Enterprise,security,qualification,56655.12,53,89,0,False,0.067,True,Technical evaluation is progressing well and the customer requested implementation details.,lost,0.0,Budget or timing constraints prevented the purchase.
OPP-00530,2025-01-05T00:57:00,analyst17@example.com,South,retail,Mid-Market,data_platform,proposal,37547.87,78,23,4,True,0.011,True,Budget is uncertain and the main decision maker has not joined recent meetings. Primary contact: buyer108@example.com.,lost,0.0,Competitor preference and switching costs reduced win likelihood.
OPP-00637,2025-06-08T12:28:00,analyst10@example.com,Midwest,manufacturing,SMB,automation,qualification,62199.81,37,84,5,False,0.092,False,Stakeholders are interested but the business case is still being refined.,won,63629.99,Strong executive sponsorship and clear ROI case.
OPP-00186,2026-01-08T20:35:00,analyst15@example.com,Northeast,technology,SMB,security,qualification,10446.63,57,95,0,True,0.185,False,Discovery is ongoing and the team requested additional product information.,lost,0.0,Budget or timing constraints prevented the purchase.
OPP-02887,2026-02-02T10:16:00,analyst37@example.com,West,financial_services,Enterprise,analytics,proposal,25598.15,114,73,8,True,0.055,True,Engagement has slowed and the proposal has not received internal sponsorship.,won,25674.99,Good product fit and timely stakeholder engagement.
OPP-02156,2025-11-29T15:07:00,analyst47@example.com,Northeast,healthcare,Mid-Market,automation,discovery,30409.2,87,79,0,True,0.217,False,Discovery is ongoing and the team requested additional product information.,lost,0.0,Budget or timing constraints prevented the purchase.
OPP-00932,2025-12-16T02:49:00,analyst20@example.com,Northeast,retail,Enterprise,analytics,proposal,22816.21,145,22,1,False,0.201,True,Budget is uncertain and the main decision maker has not joined recent meetings.,lost,0.0,Budget or timing constraints prevented the purchase.
OPP-01393,2025-12-12T15:48:00,analyst25@example.com,Midwest,financial_services,Mid-Market,data_platform,discovery,43658.16,71,73,9,False,0.268,True,Executive sponsor is engaged and the buying team confirmed a clear business need.,lost,0.0,Competitor preference and switching costs reduced win likelihood.
OPP-02663,2025-02-04T23:29:00,analyst41@example.com,South,retail,Mid-Market,automation,proposal,98626.33,103,50,4,True,0.066,True,The customer delayed the project and has not confirmed a decision timeline.,won,98049.18,Strong executive sponsorship and clear ROI case.
OPP-01408,2025-03-31T22:47:00,analyst40@example.com,South,financial_services,Mid-Market,data_platform,proposal,5000.0,66,53,1,True,0.101,True,Customer is still comparing alternatives and gathering internal feedback.,won,4626.26,Good product fit and timely stakeholder engagement.
OPP-02407,2025-05-28T14:40:00,analyst13@example.com,West,retail,SMB,security,qualification,58712.58,25,78,10,True,0.024,False,Discovery is ongoing and the team requested additional product information.,won,57314.21,Good product fit and timely stakeholder engagement.
OPP-02015,2025-09-17T03:06:00,analyst20@example.com,South,manufacturing,Enterprise,security,qualification,19517.26,167,15,4,True,0.21,True,A strong competitor is already deployed and switching costs are a concern.,lost,0.0,Competitor preference and switching costs reduced win likelihood.
OPP-00608,2025-07-18T21:25:00,analyst38@example.com,Midwest,manufacturing,Mid-Market,automation,proposal,7943.91,60,70,4,False,0.218,True,Customer is still comparing alternatives and gathering internal feedback.,won,7901.04,Strong executive sponsorship and clear ROI case.
OPP-02752,2025-11-26T11:40:00,analyst16@example.com,Midwest,technology,Enterprise,data_platform,qualification,23286.5,88,52,1,False,0.187,True,Customer is still comparing alternatives and gathering internal feedback. Primary contact: buyer009@example.com.,lost,0.0,Insufficient stakeholder engagement and unclear business case.
OPP-00152,2025-11-03T00:48:00,analyst38@example.com,South,manufacturing,Mid-Market,automation,qualification,32436.5,7,57,0,False,0.105,False,Discovery is ongoing and the team requested additional product information.,lost,0.0,Budget or timing constraints prevented the purchase.
OPP-02017,2025-06-27T09:29:00,analyst22@example.com,Midwest,manufacturing,Mid-Market,data_platform,discovery,40486.14,172,61,7,True,0.032,False,Engagement has slowed and the proposal has not received internal sponsorship. Primary contact: buyer118@example.com.,lost,0.0,Competitor preference and switching costs reduced win likelihood.
OPP-02148,2025-09-25T13:13:00,analyst39@example.com,West,manufacturing,Mid-Market,data_platform,discovery,30659.35,56,20,9,False,0.189,True,Budget is uncertain and the main decision maker has not joined recent meetings.,lost,0.0,Budget or timing constraints prevented the purchase.
OPP-00732,2025-10-24T08:39:00,analyst48@example.com,South,healthcare,SMB,security,qualification,19809.22,54,100,5,True,0.17,False,Discovery is ongoing and the team requested additional product information.,lost,0.0,Insufficient stakeholder engagement and unclear business case.
OPP-02541,2025-04-28T17:05:00,analyst33@example.com,South,healthcare,Mid-Market,automation,qualification,63234.42,42,20,7,True,0.019,False,Budget is uncertain and the main decision maker has not joined recent meetings.,lost,0.0,Budget or timing constraints prevented the purchase.
OPP-01612,2025-12-29T10:48:00,analyst16@example.com,West,retail,Mid-Market,automation,qualification,27956.34,71,31,2,False,0.099,False,A strong competitor is already deployed and switching costs are a concern.,lost,0.0,Budget or timing constraints prevented the purchase.
OPP-02970,2025-08-09T14:11:00,analyst06@example.com,Northeast,financial_services,Mid-Market,security,qualification,23779.91,144,17,7,True,0.113,True,The customer delayed the project and has not confirmed a decision timeline.,lost,0.0,Competitor preference and switching costs reduced win likelihood.
OPP-00024,2026-01-13T11:58:00,analyst24@example.com,Northeast,retail,SMB,automation,proposal,22424.81,42,98,0,False,0.241,True,Decision makers attended the latest meeting and asked for a final proposal. Primary contact: buyer024@example.com.,lost,0.0,Insufficient stakeholder engagement and unclear business case.
OPP-01675,2025-05-31T07:40:00,analyst22@example.com,West,financial_services,Mid-Market,analytics,negotiation,5000.0,70,18,5,True,0.225,True,Engagement has slowed and the proposal has not received internal sponsorship.,lost,0.0,Competitor preference and switching costs reduced win likelihood.
OPP-00159,2026-01-21T20:29:00,analyst45@example.com,Northeast,retail,Mid-Market,data_platform,discovery,47345.17,149,79,5,True,0.05,False,Budget is uncertain and the main decision maker has not joined recent meetings.,lost,0.0,Competitor preference and switching costs reduced win likelihood.
OPP-00862,2025-06-06T05:28:00,analyst07@example.com,Northeast,technology,Mid-Market,analytics,qualification,24162.11,51,20,1,False,0.009,True,Engagement has slowed and the proposal has not received internal sponsorship.,lost,0.0,Budget or timing constraints prevented the purchase.
OPP-00903,2026-01-23T12:46:00,analyst48@example.com,South,healthcare,SMB,analytics,discovery,43391.16,126,79,4,False,0.019,False,The opportunity remains active but timing depends on the next planning cycle.,won,40175.16,Successful technical evaluation with approved budget.
OPP-01443,2025-11-08T08:17:00,analyst18@example.com,South,manufacturing,Enterprise,security,qualification,71010.16,24,47,2,False,0.159,False,Stakeholders are interested but the business case is still being refined.,lost,0.0,Budget or timing constraints prevented the purchase.
OPP-02259,2026-02-04T22:37:00,analyst36@example.com,West,retail,Enterprise,analytics,proposal,119453.71,168,23,3,True,0.159,True,The customer delayed the project and has not confirmed a decision timeline. Primary contact: buyer149@example.com.,lost,0.0,Competitor preference and switching costs reduced win likelihood.
OPP-00445,2025-08-19T09:12:00,analyst46@example.com,Midwest,financial_services,Enterprise,security,proposal,37408.7,113,55,5,False,0.261,True,Customer is still comparing alternatives and gathering internal feedback.,won,37923.44,Good product fit and timely stakeholder engagement.
OPP-02944,2025-07-25T06:45:00,analyst37@example.com,West,healthcare,Mid-Market,security,qualification,35010.75,38,95,9,True,0.115,False,The opportunity remains active but timing depends on the next planning cycle.,won,35112.48,Strong executive sponsorship and clear ROI case.
OPP-00755,2025-05-01T22:08:00,analyst14@example.com,West,healthcare,SMB,analytics,qualification,25045.21,43,69,8,False,0.277,True,Stakeholders are interested but the business case is still being refined.,won,24331.77,Strong executive sponsorship and clear ROI case.
OPP-00924,2025-05-23T11:55:00,analyst12@example.com,Midwest,financial_services,SMB,analytics,discovery,15522.16,14,69,7,True,0.153,False,The opportunity remains active but timing depends on the next planning cycle.,lost,0.0,Insufficient stakeholder engagement and unclear business case.
OPP-02977,2025-04-26T14:39:00,analyst13@example.com,South,manufacturing,SMB,automation,qualification,49676.6,153,58,10,False,0.163,False,Customer is still comparing alternatives and gathering internal feedback.,lost,0.0,Competitor preference and switching costs reduced win likelihood.
OPP-02108,2025-04-09T11:15:00,analyst56@example.com,West,retail,SMB,data_platform,negotiation,54458.98,128,29,4,True,0.225,True,Engagement has slowed and the proposal has not received internal sponsorship.,lost,0.0,Budget or timing constraints prevented the purchase.
OPP-00312,2025-01-30T12:04:00,analyst27@example.com,South,manufacturing,Mid-Market,security,discovery,80579.71,68,46,5,True,0.062,False,Customer is still comparing alternatives and gathering internal feedback.,lost,0.0,Budget or timing constraints prevented the purchase.
OPP-00549,2025-06-28T04:28:00,analyst36@example.com,Midwest,financial_services,SMB,analytics,qualification,18547.24,142,87,0,False,0.004,False,Discovery is ongoing and the team requested additional product information.,won,17776.85,Successful technical evaluation with approved budget.
OPP-01961,2026-03-06T00:06:00,analyst23@example.com,Northeast,financial_services,SMB,analytics,qualification,32963.31,110,82,2,True,0.157,False,A strong competitor is already deployed and switching costs are a concern.,lost,0.0,Competitor preference and switching costs reduced win likelihood.
OPP-01469,2025-11-03T03:35:00,analyst44@example.com,West,healthcare,Enterprise,automation,discovery,27456.44,129,35,0,False,0.275,True,A strong competitor is already deployed and switching costs are a concern.,lost,0.0,Competitor preference and switching costs reduced win likelihood.
OPP-00307,2025-09-21T20:41:00,analyst22@example.com,Midwest,manufacturing,Mid-Market,automation,negotiation,32465.42,51,78,9,False,0.176,True,Technical evaluation is progressing well and the customer requested implementation details. Primary contact: buyer096@example.com.,won,33356.5,Good product fit and timely stakeholder engagement.
OPP-00288,2025-10-31T03:36:00,analyst03@example.com,West,financial_services,SMB,security,negotiation,21207.35,78,100,2,True,0.02,True,Stakeholders are interested but the business case is still being refined.,won,19708.27,Strong executive sponsorship and clear ROI case.
OPP-00695,2025-08-05T09:32:00,analyst11@example.com,West,financial_services,Mid-Market,analytics,qualification,18508.58,143,88,3,False,0.197,True,Technical evaluation is progressing well and the customer requested implementation details.,lost,0.0,Insufficient stakeholder engagement and unclear business case.
OPP-00309,2025-05-26T22:28:00,analyst24@example.com,South,financial_services,Mid-Market,security,discovery,14415.89,118,90,9,True,0.056,False,Budget is uncertain and the main decision maker has not joined recent meetings. Primary contact: buyer098@example.com.,lost,0.0,Competitor preference and switching costs reduced win likelihood.
OPP-02326,2025-02-21T16:26:00,analyst46@example.com,Northeast,manufacturing,Mid-Market,analytics,qualification,72718.04,44,84,6,False,0.206,False,Discovery is ongoing and the team requested additional product information. Primary contact: buyer005@example.com.,won,66981.23,Strong executive sponsorship and clear ROI case.
OPP-00750,2025-05-26T00:35:00,analyst09@example.com,South,manufacturing,Enterprise,automation,proposal,11736.81,99,53,1,False,0.115,True,The opportunity remains active but timing depends on the next planning cycle. Primary contact: buyer117@example.com.,lost,0.0,Competitor preference and switching costs reduced win likelihood.
OPP-01447,2025-02-02T13:55:00,analyst22@example.com,South,financial_services,Mid-Market,automation,discovery,16805.58,157,34,3,True,0.136,True,Engagement has slowed and the proposal has not received internal sponsorship. Primary contact: buyer181@example.com.,lost,0.0,Competitor preference and switching costs reduced win likelihood.
OPP-01477,2025-01-10T01:13:00,analyst52@example.com,West,technology,SMB,automation,qualification,18815.93,124,72,1,True,0.022,False,A strong competitor is already deployed and switching costs are a concern.,lost,0.0,Insufficient stakeholder engagement and unclear business case.
OPP-00909,2025-05-23T07:39:00,analyst54@example.com,Northeast,healthcare,SMB,security,proposal,13886.14,86,98,3,False,0.024,True,Decision makers attended the latest meeting and asked for a final proposal.,won,13755.15,Good product fit and timely stakeholder engagement.
OPP-02329,2026-01-11T16:18:00,analyst49@example.com,South,manufacturing,Mid-Market,security,proposal,18776.27,160,26,0,False,0.216,True,The customer delayed the project and has not confirmed a decision timeline.,lost,0.0,Budget or timing constraints prevented the purchase.
OPP-02759,2025-04-29T13:40:00,analyst23@example.com,Midwest,manufacturing,Mid-Market,automation,discovery,57745.74,126,59,0,False,0.137,True,Customer is still comparing alternatives and gathering internal feedback. Primary contact: buyer016@example.com.,won,58088.58,Good product fit and timely stakeholder engagement.
OPP-02212,2025-08-31T15:35:00,analyst46@example.com,West,retail,Enterprise,security,negotiation,33772.31,112,42,7,True,0.276,True,Engagement has slowed and the proposal has not received internal sponsorship. Primary contact: buyer102@example.com.,lost,0.0,Budget or timing constraints prevented the purchase.
OPP-02500,2025-12-18T00:16:00,analyst49@example.com,Northeast,technology,SMB,data_platform,qualification,41152.15,117,47,10,False,0.125,False,The opportunity remains active but timing depends on the next planning cycle.,won,38432.83,Successful technical evaluation with approved budget.
OPP-00971,2025-05-18T12:06:00,analyst02@example.com,Northeast,retail,Enterprise,security,proposal,24949.6,168,41,10,False,0.252,True,Budget is uncertain and the main decision maker has not joined recent meetings.,won,23856.05,Successful technical evaluation with approved budget.
OPP-00014,2025-04-07T18:50:00,analyst14@example.com,Midwest,financial_services,Mid-Market,data_platform,qualification,19318.38,81,73,5,False,0.262,True,Executive sponsor is engaged and the buying team confirmed a clear business need. Primary contact: buyer014@example.com.,won,18847.93,Strong executive sponsorship and clear ROI case.
OPP-00874,2025-07-16T14:50:00,analyst19@example.com,Northeast,technology,Mid-Market,analytics,discovery,27382.39,69,19,0,False,0.074,True,Budget is uncertain and the main decision maker has not joined recent meetings.,lost,0.0,Insufficient stakeholder engagement and unclear business case.
OPP-00809,2026-01-17T19:17:00,analyst11@example.com,Midwest,retail,SMB,security,proposal,49330.58,7,16,2,True,0.007,True,Engagement has slowed and the proposal has not received internal sponsorship. Primary contact: buyer176@example.com.,lost,0.0,Budget or timing constraints prevented the purchase.
OPP-02584,2025-07-24T01:15:00,analyst19@example.com,South,financial_services,Enterprise,data_platform,discovery,36391.08,36,17,0,True,0.178,False,Engagement has slowed and the proposal has not received internal sponsorship.,lost,0.0,Competitor preference and switching costs reduced win likelihood.
OPP-00515,2025-01-29T19:40:00,analyst02@example.com,Northeast,healthcare,SMB,analytics,discovery,38098.74,65,88,0,True,0.18,False,Stakeholders are interested but the business case is still being refined. Primary contact: buyer093@example.com.,won,38898.2,Good product fit and timely stakeholder engagement.
OPP-02419,2025-11-13T22:24:00,analyst25@example.com,Midwest,retail,Enterprise,analytics,negotiation,21588.23,52,38,1,False,0.231,True,Budget is uncertain and the main decision maker has not joined recent meetings.,lost,0.0,Budget or timing constraints prevented the purchase.
OPP-00410,2025-11-06T19:48:00,analyst11@example.com,Midwest,healthcare,Mid-Market,security,proposal,28041.82,107,96,9,False,0.058,True,Decision makers attended the latest meeting and asked for a final proposal.,won,26472.75,Successful technical evaluation with approved budget.
OPP-01375,2025-02-19T16:52:00,analyst07@example.com,Midwest,retail,Mid-Market,security,discovery,64934.51,103,85,2,False,0.004,False,The opportunity remains active but timing depends on the next planning cycle. Primary contact: buyer109@example.com.,lost,0.0,Insufficient stakeholder engagement and unclear business case.
OPP-02493,2025-07-16T18:31:00,analyst42@example.com,South,healthcare,Mid-Market,data_platform,proposal,8552.73,124,67,3,False,0.143,True,Discovery is ongoing and the team requested additional product information.,lost,0.0,Insufficient stakeholder engagement and unclear business case.
OPP-01318,2025-03-01T04:27:00,analyst07@example.com,West,retail,Enterprise,data_platform,qualification,12126.21,62,82,3,False,0.19,False,Customer is still comparing alternatives and gathering internal feedback.,won,12459.05,Successful technical evaluation with approved budget.
OPP-01236,2025-05-01T01:55:00,analyst39@example.com,Midwest,manufacturing,SMB,automation,negotiation,73568.23,55,90,4,False,0.124,True,Budget is approved and procurement has provided a target decision date.,won,72361.47,Good product fit and timely stakeholder engagement.
OPP-01353,2025-02-10T23:13:00,analyst42@example.com,Midwest,technology,Mid-Market,data_platform,qualification,28072.74,143,94,1,False,0.131,False,Customer is still comparing alternatives and gathering internal feedback.,lost,0.0,Insufficient stakeholder engagement and unclear business case.
OPP-02804,2026-02-10T08:31:00,analyst11@example.com,Northeast,financial_services,Mid-Market,data_platform,proposal,48305.97,64,33,2,True,0.039,True,A strong competitor is already deployed and switching costs are a concern.,won,46848.56,Strong executive sponsorship and clear ROI case.
OPP-00383,2026-01-04T15:14:00,analyst41@example.com,West,financial_services,Mid-Market,security,qualification,40357.51,148,81,6,False,0.164,False,Stakeholders are interested but the business case is still being refined.,lost,0.0,Budget or timing constraints prevented the purchase.
OPP-01584,2025-01-17T20:53:00,analyst45@example.com,Northeast,financial_services,Mid-Market,analytics,qualification,80669.24,117,18,3,False,0.161,False,Budget is uncertain and the main decision maker has not joined recent meetings.,lost,0.0,Competitor preference and switching costs reduced win likelihood.
OPP-02721,2025-11-05T04:18:00,analyst42@example.com,Midwest,retail,Mid-Market,analytics,negotiation,44358.57,131,17,1,False,0.184,True,A strong competitor is already deployed and switching costs are a concern.,lost,0.0,Insufficient stakeholder engagement and unclear business case.
OPP-01337,2025-07-11T01:35:00,analyst26@example.com,Midwest,technology,SMB,security,discovery,14186.11,165,100,1,True,0.083,True,A strong competitor is already deployed and switching costs are a concern.,lost,0.0,Competitor preference and switching costs reduced win likelihood.
OPP-02442,2026-03-01T20:47:00,analyst48@example.com,South,manufacturing,Mid-Market,security,discovery,23516.74,119,77,2,True,0.196,False,Budget is uncertain and the main decision maker has not joined recent meetings.,lost,0.0,Competitor preference and switching costs reduced win likelihood.
OPP-00553,2025-11-13T10:01:00,analyst40@example.com,South,retail,SMB,security,discovery,34504.59,94,18,9,False,0.094,False,Budget is uncertain and the main decision maker has not joined recent meetings.,lost,0.0,Insufficient stakeholder engagement and unclear business case.
OPP-00223,2025-01-01T13:01:00,analyst52@example.com,Midwest,manufacturing,SMB,automation,proposal,25801.7,173,81,4,True,0.22,True,Budget is uncertain and the main decision maker has not joined recent meetings.,lost,0.0,Insufficient stakeholder engagement and unclear business case.
OPP-01097,2025-04-27T21:20:00,analyst14@example.com,West,healthcare,SMB,automation,negotiation,40499.35,145,56,1,False,0.061,True,Stakeholders are interested but the business case is still being refined. Primary contact: buyer042@example.com.,lost,0.0,Budget or timing constraints prevented the purchase.
OPP-02604,2025-10-04T11:47:00,analyst39@example.com,South,technology,Mid-Market,data_platform,negotiation,34555.49,125,50,0,False,0.098,True,Customer is still comparing alternatives and gathering internal feedback.,won,32970.69,Strong executive sponsorship and clear ROI case.
OPP-00009,2025-04-07T16:19:00,analyst09@example.com,West,manufacturing,Mid-Market,automation,qualification,17636.2,63,90,3,True,0.198,True,Discovery is ongoing and the team requested additional product information.,won,16640.92,Successful technical evaluation with approved budget.
OPP-01489,2025-07-22T18:57:00,analyst07@example.com,West,financial_services,Mid-Market,data_platform,proposal,21283.28,56,19,7,False,0.031,True,Engagement has slowed and the proposal has not received internal sponsorship.,lost,0.0,Budget or timing constraints prevented the purchase.
OPP-00317,2025-05-30T01:38:00,analyst32@example.com,Northeast,retail,Mid-Market,data_platform,discovery,17419.17,21,39,7,True,0.109,True,Budget is uncertain and the main decision maker has not joined recent meetings.,won,16314.01,Successful technical evaluation with approved budget.
OPP-00428,2025-04-09T02:29:00,analyst29@example.com,Midwest,financial_services,Mid-Market,automation,proposal,12149.99,80,40,2,True,0.18,True,Engagement has slowed and the proposal has not received internal sponsorship.,lost,0.0,Competitor preference and switching costs reduced win likelihood.
OPP-01344,2025-08-29T05:04:00,analyst33@example.com,West,technology,SMB,security,discovery,90687.4,34,64,3,False,0.193,False,Discovery is ongoing and the team requested additional product information. Primary contact: buyer078@example.com.,won,92021.24,Good product fit and timely stakeholder engagement.
OPP-00106,2025-04-07T09:53:00,analyst49@example.com,Northeast,manufacturing,SMB,automation,proposal,15126.05,138,71,1,False,0.201,True,Stakeholders are interested but the business case is still being refined.,lost,0.0,Competitor preference and switching costs reduced win likelihood.
OPP-01738,2025-09-27T13:10:00,analyst28@example.com,Midwest,manufacturing,SMB,data_platform,negotiation,58510.41,168,93,6,False,0.263,True,Technical evaluation is progressing well and the customer requested implementation details.,won,57602.6,Good product fit and timely stakeholder engagement.
OPP-00143,2025-11-19T11:13:00,analyst29@example.com,Northeast,technology,SMB,data_platform,negotiation,40163.12,178,33,1,False,0.002,True,A strong competitor is already deployed and switching costs are a concern.,lost,0.0,Insufficient stakeholder engagement and unclear business case.
OPP-00122,2025-08-04T10:07:00,analyst08@example.com,Midwest,manufacturing,Mid-Market,security,negotiation,15996.72,120,77,3,True,0.264,True,Engagement has slowed and the proposal has not received internal sponsorship. Primary contact: buyer122@example.com.,lost,0.0,Insufficient stakeholder engagement and unclear business case.
OPP-02377,2025-12-30T15:02:00,analyst40@example.com,West,technology,SMB,data_platform,qualification,6820.07,29,47,3,False,0.173,True,The opportunity remains active but timing depends on the next planning cycle. Primary contact: buyer056@example.com.,lost,0.0,Competitor preference and switching costs reduced win likelihood.
OPP-02871,2025-11-03T02:15:00,analyst21@example.com,Midwest,financial_services,Mid-Market,data_platform,negotiation,13522.71,87,64,9,False,0.268,True,Discovery is ongoing and the team requested additional product information.,lost,0.0,Budget or timing constraints prevented the purchase.
OPP-01190,2025-10-25T13:58:00,analyst50@example.com,West,healthcare,SMB,automation,qualification,22224.11,114,17,8,False,0.234,False,Budget is uncertain and the main decision maker has not joined recent meetings.,lost,0.0,Budget or timing constraints prevented the purchase.
OPP-02005,2025-12-14T06:01:00,analyst10@example.com,Midwest,technology,SMB,analytics,discovery,23749.56,170,22,4,False,0.14,True,A strong competitor is already deployed and switching costs are a concern.,lost,0.0,Insufficient stakeholder engagement and unclear business case.
OPP-02606,2025-02-06T04:50:00,analyst41@example.com,Midwest,technology,SMB,data_platform,proposal,44540.87,163,72,6,False,0.103,True,Executive sponsor is engaged and the buying team confirmed a clear business need.,lost,0.0,Competitor preference and switching costs reduced win likelihood.
OPP-01379,2025-09-23T21:14:00,analyst11@example.com,Midwest,technology,SMB,automation,negotiation,11324.65,100,40,4,False,0.272,True,A strong competitor is already deployed and switching costs are a concern.,won,11385.13,Good product fit and timely stakeholder engagement.
OPP-00116,2026-01-31T02:31:00,analyst02@example.com,South,retail,Mid-Market,automation,discovery,50976.63,70,77,10,False,0.129,False,Discovery is ongoing and the team requested additional product information.,won,47930.53,Successful technical evaluation with approved budget.
OPP-02770,2025-08-22T02:52:00,analyst34@example.com,Midwest,technology,Enterprise,automation,qualification,54902.17,146,32,3,False,0.186,False,Engagement has slowed and the proposal has not received internal sponsorship.,lost,0.0,Insufficient stakeholder engagement and unclear business case.
OPP-02234,2025-10-28T22:44:00,analyst11@example.com,Northeast,financial_services,Mid-Market,analytics,negotiation,42381.68,125,40,5,True,0.257,True,Engagement has slowed and the proposal has not received internal sponsorship.,won,40176.25,Good product fit and timely stakeholder engagement.
OPP-02149,2025-11-10T22:39:00,analyst40@example.com,West,financial_services,SMB,analytics,discovery,47772.79,57,93,4,False,0.038,False,Stakeholders are interested but the business case is still being refined.,won,48520.9,Successful technical evaluation with approved budget.
OPP-02803,2025-12-22T20:02:00,analyst10@example.com,Midwest,technology,SMB,security,proposal,32203.4,161,83,2,True,0.182,True,Budget is uncertain and the main decision maker has not joined recent meetings.,won,30088.25,Successful technical evaluation with approved budget.
OPP-02955,2025-09-12T01:12:00,analyst48@example.com,Northeast,retail,SMB,data_platform,negotiation,24658.75,51,69,7,False,0.225,True,Stakeholders are interested but the business case is still being refined.,lost,0.0,Budget or timing constraints prevented the purchase.
OPP-01610,2025-07-08T03:18:00,analyst14@example.com,Northeast,financial_services,SMB,security,proposal,59343.38,100,71,3,True,0.171,True,Budget is uncertain and the main decision maker has not joined recent meetings.,lost,0.0,Competitor preference and switching costs reduced win likelihood.
OPP-02298,2025-12-19T08:18:00,analyst18@example.com,South,retail,Mid-Market,automation,proposal,14772.13,69,31,6,True,0.179,True,Engagement has slowed and the proposal has not received internal sponsorship.,lost,0.0,Competitor preference and switching costs reduced win likelihood.
OPP-00673,2025-05-31T08:37:00,analyst46@example.com,West,manufacturing,Mid-Market,automation,discovery,35514.65,59,27,7,False,0.25,False,Budget is uncertain and the main decision maker has not joined recent meetings. Primary contact: buyer040@example.com.,lost,0.0,Competitor preference and switching costs reduced win likelihood.
OPP-02728,2025-01-27T03:28:00,analyst49@example.com,Northeast,healthcare,Enterprise,security,negotiation,29977.02,167,48,1,False,0.072,True,Stakeholders are interested but the business case is still being refined.,lost,0.0,Competitor preference and switching costs reduced win likelihood.
OPP-02840,2025-11-26T05:19:00,analyst47@example.com,South,financial_services,SMB,automation,qualification,78576.07,108,64,4,True,0.061,False,The customer delayed the project and has not confirmed a decision timeline.,lost,0.0,Insufficient stakeholder engagement and unclear business case.
OPP-00592,2025-10-01T01:22:00,analyst22@example.com,Midwest,retail,Mid-Market,analytics,proposal,26895.92,28,38,1,True,0.166,True,A strong competitor is already deployed and switching costs are a concern.,lost,0.0,Budget or timing constraints prevented the purchase.
OPP-01414,2025-04-24T23:58:00,analyst46@example.com,West,technology,Enterprise,security,proposal,42734.01,130,84,6,False,0.05,True,Budget is approved and procurement has provided a target decision date.,won,43564.13,Successful technical evaluation with approved budget.
OPP-00889,2025-04-17T06:06:00,analyst34@example.com,West,technology,Mid-Market,security,negotiation,30128.76,157,83,9,False,0.177,True,Decision makers attended the latest meeting and asked for a final proposal.,lost,0.0,Insufficient stakeholder engagement and unclear business case.
OPP-01768,2025-08-26T04:50:00,analyst01@example.com,Northeast,retail,Enterprise,security,proposal,59374.03,94,77,5,False,0.174,True,Executive sponsor is engaged and the buying team confirmed a clear business need.,lost,0.0,Insufficient stakeholder engagement and unclear business case.
OPP-01378,2025-12-16T04:17:00,analyst10@example.com,South,technology,SMB,data_platform,discovery,48459.7,62,79,7,False,0.235,False,Stakeholders are interested but the business case is still being refined.,lost,0.0,Competitor preference and switching costs reduced win likelihood.
OPP-01867,2025-05-30T02:21:00,analyst43@example.com,West,financial_services,Mid-Market,data_platform,qualification,33518.43,109,49,7,False,0.049,True,Stakeholders are interested but the business case is still being refined. Primary contact: buyer179@example.com.,lost,0.0,Competitor preference and switching costs reduced win likelihood.
OPP-00214,2025-06-12T15:26:00,analyst43@example.com,Northeast,healthcare,SMB,data_platform,negotiation,15156.99,49,63,10,True,0.165,True,Customer is still comparing alternatives and gathering internal feedback.,lost,0.0,Competitor preference and switching costs reduced win likelihood.
OPP-02023,2025-01-21T03:23:00,analyst28@example.com,Northeast,manufacturing,Mid-Market,security,discovery,20653.16,7,22,10,False,0.078,False,A strong competitor is already deployed and switching costs are a concern.,lost,0.0,Insufficient stakeholder engagement and unclear business case.
OPP-01682,2025-09-14T02:52:00,analyst29@example.com,Northeast,technology,Enterprise,data_platform,qualification,10168.67,57,83,10,False,0.124,False,Discovery is ongoing and the team requested additional product information.,won,9639.63,Strong executive sponsorship and clear ROI case.
OPP-00801,2026-01-19T05:24:00,analyst03@example.com,South,healthcare,SMB,analytics,discovery,24191.08,15,95,7,True,0.058,False,Customer is still comparing alternatives and gathering internal feedback.,won,24792.03,Good product fit and timely stakeholder engagement.
OPP-02870,2025-07-21T18:39:00,analyst20@example.com,South,manufacturing,Mid-Market,automation,proposal,84870.41,138,97,7,False,0.142,True,Technical evaluation is progressing well and the customer requested implementation details. Primary contact: buyer127@example.com.,won,85128.38,Successful technical evaluation with approved budget.
OPP-01533,2026-02-15T03:44:00,analyst51@example.com,West,retail,Enterprise,automation,proposal,33319.4,110,19,0,False,0.194,True,A strong competitor is already deployed and switching costs are a concern.,lost,0.0,Competitor preference and switching costs reduced win likelihood.
OPP-02289,2025-03-28T20:45:00,analyst09@example.com,Midwest,healthcare,SMB,data_platform,qualification,48877.86,32,27,9,False,0.202,False,A strong competitor is already deployed and switching costs are a concern.,lost,0.0,Budget or timing constraints prevented the purchase.
OPP-02668,2025-08-21T18:17:00,analyst46@example.com,South,healthcare,Enterprise,automation,discovery,57738.57,51,36,3,False,0.057,False,A strong competitor is already deployed and switching costs are a concern.,lost,0.0,Insufficient stakeholder engagement and unclear business case.
OPP-02717,2025-05-05T22:42:00,analyst38@example.com,West,financial_services,Mid-Market,analytics,discovery,31176.67,159,32,3,False,0.071,True,The customer delayed the project and has not confirmed a decision timeline.,lost,0.0,Competitor preference and switching costs reduced win likelihood.
OPP-00274,2025-01-05T19:09:00,analyst46@example.com,Northeast,financial_services,Mid-Market,security,discovery,17960.84,168,42,0,False,0.193,True,The customer delayed the project and has not confirmed a decision timeline.,lost,0.0,Competitor preference and switching costs reduced win likelihood.
OPP-00072,2026-01-06T14:28:00,analyst15@example.com,Midwest,healthcare,Enterprise,security,qualification,37197.43,148,63,10,False,0.228,False,Customer is still comparing alternatives and gathering internal feedback.,lost,0.0,Competitor preference and switching costs reduced win likelihood.
OPP-01804,2025-05-13T14:11:00,analyst37@example.com,West,technology,SMB,security,negotiation,16270.21,11,85,5,True,0.142,True,Customer is still comparing alternatives and gathering internal feedback.,won,16231.49,Strong executive sponsorship and clear ROI case.
OPP-01088,2025-07-02T20:48:00,analyst05@example.com,Midwest,retail,Mid-Market,security,qualification,31654.41,105,82,6,False,0.25,True,Budget is approved and procurement has provided a target decision date.,won,30572.72,Successful technical evaluation with approved budget.
OPP-00395,2025-10-02T09:39:00,analyst53@example.com,Northeast,financial_services,Mid-Market,analytics,proposal,11701.14,130,65,8,True,0.245,True,Engagement has slowed and the proposal has not received internal sponsorship.,lost,0.0,Competitor preference and switching costs reduced win likelihood.
OPP-00584,2025-07-22T05:04:00,analyst14@example.com,West,healthcare,Mid-Market,automation,qualification,6004.78,76,37,4,False,0.035,False,Engagement has slowed and the proposal has not received internal sponsorship.,lost,0.0,Insufficient stakeholder engagement and unclear business case.
OPP-01986,2025-07-25T14:06:00,analyst48@example.com,West,retail,SMB,analytics,discovery,31910.12,9,32,6,False,0.16,True,The customer delayed the project and has not confirmed a decision timeline.,won,29692.46,Successful technical evaluation with approved budget.
OPP-01996,2025-07-13T10:09:00,analyst01@example.com,Northeast,retail,SMB,analytics,discovery,20506.85,69,89,0,False,0.111,True,Executive sponsor is engaged and the buying team confirmed a clear business need.,won,18869.83,Strong executive sponsorship and clear ROI case.
OPP-00501,2026-02-07T20:04:00,analyst45@example.com,Midwest,healthcare,Mid-Market,analytics,proposal,39289.72,110,60,5,False,0.119,True,Stakeholders are interested but the business case is still being refined.,lost,0.0,Budget or timing constraints prevented the purchase.
OPP-02030,2026-01-02T00:27:00,analyst35@example.com,Midwest,technology,Enterprise,data_platform,negotiation,71928.44,118,76,10,True,0.274,True,A strong competitor is already deployed and switching costs are a concern.,won,70392.86,Good product fit and timely stakeholder engagement.
OPP-02229,2025-07-31T20:02:00,analyst06@example.com,Midwest,technology,SMB,data_platform,discovery,19856.34,105,61,0,False,0.219,True,The opportunity remains active but timing depends on the next planning cycle.,lost,0.0,Insufficient stakeholder engagement and unclear business case.
OPP-02986,2025-11-15T06:51:00,analyst22@example.com,Midwest,manufacturing,Mid-Market,automation,proposal,14727.99,127,16,0,True,0.231,True,A strong competitor is already deployed and switching costs are a concern. Primary contact: buyer032@example.com.,lost,0.0,Budget or timing constraints prevented the purchase.
OPP-02746,2025-08-18T17:48:00,analyst10@example.com,South,financial_services,Mid-Market,security,proposal,28300.12,26,50,9,False,0.009,True,The opportunity remains active but timing depends on the next planning cycle.,lost,0.0,Insufficient stakeholder engagement and unclear business case.
OPP-01898,2025-09-28T19:33:00,analyst17@example.com,Midwest,retail,Mid-Market,data_platform,proposal,23703.84,110,29,1,True,0.164,True,A strong competitor is already deployed and switching costs are a concern. Primary contact: buyer210@example.com.,lost,0.0,Competitor preference and switching costs reduced win likelihood.
OPP-01260,2025-09-04T09:52:00,analyst06@example.com,West,healthcare,Enterprise,analytics,discovery,70848.64,101,16,2,True,0.103,True,A strong competitor is already deployed and switching costs are a concern. Primary contact: buyer205@example.com.,lost,0.0,Budget or timing constraints prevented the purchase.
OPP-01621,2025-05-30T05:59:00,analyst25@example.com,South,technology,SMB,analytics,qualification,26939.11,176,63,3,False,0.272,False,Discovery is ongoing and the team requested additional product information. Primary contact: buyer144@example.com.,lost,0.0,Insufficient stakeholder engagement and unclear business case.
OPP-02168,2025-02-11T11:23:00,analyst02@example.com,Midwest,financial_services,Enterprise,analytics,negotiation,8144.37,38,58,10,False,0.16,True,Stakeholders are interested but the business case is still being refined.,lost,0.0,Budget or timing constraints prevented the purchase.
OPP-00206,2025-10-06T01:41:00,analyst35@example.com,West,healthcare,SMB,analytics,discovery,44134.13,154,20,1,True,0.141,False,Budget is uncertain and the main decision maker has not joined recent meetings.,lost,0.0,Competitor preference and switching costs reduced win likelihood.
OPP-00734,2026-01-24T06:17:00,analyst50@example.com,Midwest,healthcare,Enterprise,security,discovery,9782.31,155,86,10,False,0.185,False,Customer is still comparing alternatives and gathering internal feedback.,lost,0.0,Competitor preference and switching costs reduced win likelihood.
OPP-01816,2025-07-04T12:38:00,analyst49@example.com,Midwest,technology,SMB,data_platform,discovery,18129.47,86,62,2,False,0.1,False,Customer is still comparing alternatives and gathering internal feedback.,won,17892.83,Successful technical evaluation with approved budget.
OPP-00527,2025-01-23T20:05:00,analyst14@example.com,Midwest,retail,SMB,security,qualification,15358.21,137,99,9,False,0.076,False,Discovery is ongoing and the team requested additional product information.,won,14733.0,Strong executive sponsorship and clear ROI case.
OPP-01743,2025-08-21T23:34:00,analyst33@example.com,West,healthcare,Mid-Market,analytics,discovery,64298.17,36,39,3,False,0.122,False,Budget is uncertain and the main decision maker has not joined recent meetings.,lost,0.0,Competitor preference and switching costs reduced win likelihood.
OPP-00899,2026-02-11T06:52:00,analyst44@example.com,South,retail,SMB,security,discovery,33641.86,141,21,7,False,0.273,False,The customer delayed the project and has not confirmed a decision timeline. Primary contact: buyer055@example.com.,lost,0.0,Insufficient stakeholder engagement and unclear business case.
OPP-00378,2026-02-23T17:06:00,analyst36@example.com,Northeast,retail,SMB,analytics,proposal,28922.98,91,55,6,False,0.046,True,Customer is still comparing alternatives and gathering internal feedback.,won,27089.4,Good product fit and timely stakeholder engagement.
OPP-01740,2025-06-29T13:15:00,analyst30@example.com,South,technology,Enterprise,analytics,negotiation,21944.79,104,94,2,True,0.07,True,Engagement has slowed and the proposal has not received internal sponsorship.,won,22001.46,Strong executive sponsorship and clear ROI case.
OPP-02688,2025-06-05T14:22:00,analyst09@example.com,West,technology,SMB,security,proposal,10089.3,68,60,1,False,0.192,True,Customer is still comparing alternatives and gathering internal feedback.,lost,0.0,Insufficient stakeholder engagement and unclear business case.
OPP-01456,2025-12-14T10:20:00,analyst31@example.com,South,healthcare,Mid-Market,data_platform,discovery,21452.41,142,96,3,False,0.27,False,Stakeholders are interested but the business case is still being refined.,won,20871.97,Good product fit and timely stakeholder engagement.
OPP-00387,2026-02-12T15:23:00,analyst45@example.com,Northeast,manufacturing,Mid-Market,security,discovery,58520.96,16,100,7,False,0.181,False,The opportunity remains active but timing depends on the next planning cycle.,lost,0.0,Budget or timing constraints prevented the purchase.
OPP-00199,2025-03-16T22:58:00,analyst28@example.com,Northeast,technology,SMB,analytics,proposal,6683.66,46,51,10,True,0.235,True,Customer is still comparing alternatives and gathering internal feedback.,lost,0.0,Competitor preference and switching costs reduced win likelihood.
OPP-01051,2025-05-12T14:52:00,analyst25@example.com,South,healthcare,SMB,security,qualification,22223.11,155,49,1,True,0.205,False,Engagement has slowed and the proposal has not received internal sponsorship.,lost,0.0,Competitor preference and switching costs reduced win likelihood.
OPP-00591,2025-03-28T01:12:00,analyst21@example.com,West,technology,SMB,automation,proposal,11526.58,75,92,3,False,0.115,True,Budget is approved and procurement has provided a target decision date.,lost,0.0,Competitor preference and switching costs reduced win likelihood.
OPP-00520,2025-03-19T06:33:00,analyst07@example.com,Northeast,financial_services,SMB,automation,discovery,21603.3,92,41,9,False,0.144,False,Engagement has slowed and the proposal has not received internal sponsorship.,lost,0.0,Insufficient stakeholder engagement and unclear business case.
OPP-02744,2025-08-13T18:55:00,analyst08@example.com,Northeast,healthcare,SMB,security,proposal,41319.9,8,59,9,True,0.116,True,The opportunity remains active but timing depends on the next planning cycle.,won,38850.52,Strong executive sponsorship and clear ROI case.
OPP-00430,2025-07-01T15:03:00,analyst31@example.com,Northeast,technology,Enterprise,analytics,negotiation,11865.58,57,45,8,True,0.203,True,Discovery is ongoing and the team requested additional product information. Primary contact: buyer008@example.com.,lost,0.0,Budget or timing constraints prevented the purchase.
OPP-01084,2025-08-23T01:02:00,analyst01@example.com,Midwest,technology,Enterprise,data_platform,negotiation,18728.72,44,77,8,False,0.164,True,Executive sponsor is engaged and the buying team confirmed a clear business need.,won,18367.24,Strong executive sponsorship and clear ROI case.
OPP-00208,2026-02-18T10:09:00,analyst37@example.com,Northeast,technology,SMB,security,discovery,61204.69,93,42,6,False,0.238,True,The customer delayed the project and has not confirmed a decision timeline. Primary contact: buyer208@example.com.,lost,0.0,Budget or timing constraints prevented the purchase.
OPP-00492,2025-08-17T18:37:00,analyst36@example.com,West,technology,Enterprise,security,qualification,100705.57,132,27,0,True,0.244,False,Budget is uncertain and the main decision maker has not joined recent meetings.,lost,0.0,Competitor preference and switching costs reduced win likelihood.
OPP-01345,2026-02-04T11:46:00,analyst34@example.com,Midwest,manufacturing,SMB,analytics,discovery,32204.42,126,35,9,True,0.083,False,A strong competitor is already deployed and switching costs are a concern.,lost,0.0,Insufficient stakeholder engagement and unclear business case.
OPP-02918,2025-01-08T06:33:00,analyst11@example.com,West,technology,SMB,security,proposal,57300.01,10,84,3,True,0.157,True,Customer is still comparing alternatives and gathering internal feedback.,lost,0.0,Competitor preference and switching costs reduced win likelihood.
OPP-00793,2025-07-14T03:08:00,analyst52@example.com,South,technology,Enterprise,automation,discovery,10989.03,141,37,10,False,0.118,True,Engagement has slowed and the proposal has not received internal sponsorship. Primary contact: buyer160@example.com.,lost,0.0,Budget or timing constraints prevented the purchase.
OPP-02035,2025-10-24T16:20:00,analyst40@example.com,South,manufacturing,SMB,data_platform,discovery,53647.52,88,80,1,False,0.147,True,Technical evaluation is progressing well and the customer requested implementation details.,lost,0.0,Insufficient stakeholder engagement and unclear business case.
OPP-01187,2026-01-05T04:54:00,analyst47@example.com,South,technology,Enterprise,security,qualification,24508.73,144,22,9,False,0.117,False,The customer delayed the project and has not confirmed a decision timeline.,lost,0.0,Insufficient stakeholder engagement and unclear business case.
OPP-01186,2025-05-21T17:23:00,analyst46@example.com,Midwest,manufacturing,Mid-Market,security,discovery,56926.64,142,49,6,True,0.19,False,The customer delayed the project and has not confirmed a decision timeline.,lost,0.0,Competitor preference and switching costs reduced win likelihood.
OPP-02216,2025-10-30T15:34:00,analyst50@example.com,South,manufacturing,Mid-Market,security,qualification,44452.65,100,78,1,False,0.069,False,The opportunity remains active but timing depends on the next planning cycle.,lost,0.0,Competitor preference and switching costs reduced win likelihood.
OPP-01352,2025-10-31T15:21:00,analyst41@example.com,South,technology,SMB,data_platform,qualification,53625.53,158,54,7,True,0.196,False,Engagement has slowed and the proposal has not received internal sponsorship.,lost,0.0,Competitor preference and switching costs reduced win likelihood.
OPP-02832,2026-02-19T12:51:00,analyst39@example.com,West,healthcare,Mid-Market,analytics,qualification,14015.7,19,75,7,False,0.122,False,Stakeholders are interested but the business case is still being refined.,won,14242.52,Strong executive sponsorship and clear ROI case.
OPP-00084,2025-05-16T19:25:00,analyst27@example.com,Northeast,financial_services,SMB,data_platform,discovery,13272.16,99,62,7,False,0.161,False,The opportunity remains active but timing depends on the next planning cycle. Primary contact: buyer084@example.com.,won,12248.22,Strong executive sponsorship and clear ROI case.
OPP-02375,2025-03-26T15:05:00,analyst38@example.com,Northeast,retail,SMB,data_platform,proposal,12061.19,60,26,5,False,0.144,True,Engagement has slowed and the proposal has not received internal sponsorship.,lost,0.0,Competitor preference and switching costs reduced win likelihood.
OPP-02280,2025-08-17T02:36:00,analyst00@example.com,Northeast,financial_services,SMB,automation,qualification,42750.83,180,93,8,True,0.008,True,The customer delayed the project and has not confirmed a decision timeline.,won,39473.32,Successful technical evaluation with approved budget.
OPP-00021,2025-10-25T17:11:00,analyst21@example.com,Midwest,technology,Mid-Market,analytics,discovery,91622.9,176,40,5,True,0.266,False,The customer delayed the project and has not confirmed a decision timeline.,lost,0.0,Insufficient stakeholder engagement and unclear business case.
OPP-02902,2025-09-03T05:43:00,analyst52@example.com,Northeast,technology,SMB,security,discovery,13847.82,160,94,7,True,0.242,False,The customer delayed the project and has not confirmed a decision timeline. Primary contact: buyer159@example.com.,lost,0.0,Budget or timing constraints prevented the purchase.
OPP-01715,2025-08-30T21:52:00,analyst05@example.com,West,healthcare,SMB,analytics,qualification,24615.06,16,37,3,True,0.024,False,A strong competitor is already deployed and switching costs are a concern.,lost,0.0,Competitor preference and switching costs reduced win likelihood.
OPP-01954,2025-06-20T00:13:00,analyst16@example.com,West,financial_services,Mid-Market,security,negotiation,82587.76,22,92,4,True,0.222,True,The opportunity remains active but timing depends on the next planning cycle.,lost,0.0,Competitor preference and switching costs reduced win likelihood.
OPP-02699,2025-05-04T22:07:00,analyst20@example.com,Northeast,financial_services,Mid-Market,data_platform,negotiation,12483.14,45,79,7,False,0.199,True,Decision makers attended the latest meeting and asked for a final proposal.,won,12769.25,Good product fit and timely stakeholder engagement.
OPP-01953,2025-07-18T15:23:00,analyst15@example.com,Northeast,manufacturing,Mid-Market,data_platform,qualification,37140.22,124,45,4,False,0.008,True,The opportunity remains active but timing depends on the next planning cycle.,lost,0.0,Competitor preference and switching costs reduced win likelihood.
OPP-00974,2025-08-23T03:33:00,analyst05@example.com,Midwest,healthcare,Mid-Market,security,qualification,33652.22,74,87,6,False,0.27,False,The opportunity remains active but timing depends on the next planning cycle. Primary contact: buyer130@example.com.,won,32367.29,Good product fit and timely stakeholder engagement.
OPP-02795,2025-07-09T09:41:00,analyst02@example.com,South,manufacturing,SMB,data_platform,discovery,22870.59,80,48,3,True,0.252,False,Stakeholders are interested but the business case is still being refined.,lost,0.0,Competitor preference and switching costs reduced win likelihood.
OPP-00884,2025-11-20T14:31:00,analyst29@example.com,West,financial_services,SMB,analytics,negotiation,14504.98,103,84,3,False,0.262,True,Budget is approved and procurement has provided a target decision date.,won,13586.61,Successful technical evaluation with approved budget.
OPP-01099,2025-05-04T20:46:00,analyst16@example.com,Midwest,financial_services,Mid-Market,data_platform,proposal,36052.14,120,15,8,False,0.122,True,The customer delayed the project and has not confirmed a decision timeline.,lost,0.0,Budget or timing constraints prevented the purchase.
OPP-00157,2025-05-07T04:01:00,analyst43@example.com,Midwest,technology,SMB,analytics,qualification,70919.25,28,57,1,True,0.129,True,Customer is still comparing alternatives and gathering internal feedback.,lost,0.0,Competitor preference and switching costs reduced win likelihood.
OPP-02282,2025-02-28T07:39:00,analyst02@example.com,Northeast,technology,Mid-Market,automation,negotiation,8287.21,87,18,4,False,0.112,True,Engagement has slowed and the proposal has not received internal sponsorship.,lost,0.0,Budget or timing constraints prevented the purchase.
OPP-00887,2025-01-17T07:16:00,analyst32@example.com,Midwest,manufacturing,Mid-Market,automation,negotiation,15545.59,109,15,5,True,0.07,True,Engagement has slowed and the proposal has not received internal sponsorship.,lost,0.0,Insufficient stakeholder engagement and unclear business case.
OPP-02499,2025-06-03T16:38:00,analyst48@example.com,Midwest,technology,Mid-Market,automation,discovery,42521.94,15,49,1,False,0.018,True,Discovery is ongoing and the team requested additional product information.,won,42661.28,Strong executive sponsorship and clear ROI case.
OPP-02119,2025-04-26T08:12:00,analyst10@example.com,South,healthcare,Mid-Market,data_platform,qualification,5293.31,50,72,7,False,0.191,True,Technical evaluation is progressing well and the customer requested implementation details.,won,5075.09,Successful technical evaluation with approved budget.
OPP-02484,2025-11-22T06:36:00,analyst33@example.com,Northeast,financial_services,SMB,security,proposal,26139.65,177,95,1,False,0.107,True,Technical evaluation is progressing well and the customer requested implementation details.,lost,0.0,Competitor preference and switching costs reduced win likelihood.
OPP-01663,2025-12-25T20:48:00,analyst10@example.com,Midwest,manufacturing,Enterprise,automation,qualification,13855.08,55,28,3,False,0.115,False,Engagement has slowed and the proposal has not received internal sponsorship.,lost,0.0,Insufficient stakeholder engagement and unclear business case.
OPP-02540,2025-03-13T15:38:00,analyst32@example.com,Midwest,healthcare,Mid-Market,automation,discovery,19891.67,70,29,2,False,0.272,False,A strong competitor is already deployed and switching costs are a concern.,won,18761.07,Good product fit and timely stakeholder engagement.
OPP-01841,2025-05-04T16:39:00,analyst17@example.com,West,retail,SMB,data_platform,qualification,38966.01,17,63,8,True,0.141,False,Stakeholders are interested but the business case is still being refined.,lost,0.0,Insufficient stakeholder engagement and unclear business case.
OPP-02923,2025-01-05T19:34:00,analyst16@example.com,Northeast,healthcare,SMB,analytics,qualification,28732.19,5,95,7,True,0.234,False,Discovery is ongoing and the team requested additional product information.,won,28976.24,Strong executive sponsorship and clear ROI case.
OPP-02654,2025-03-05T11:14:00,analyst32@example.com,Midwest,manufacturing,Enterprise,analytics,discovery,23426.33,46,85,8,True,0.061,False,The opportunity remains active but timing depends on the next planning cycle.,lost,0.0,Budget or timing constraints prevented the purchase.
OPP-00459,2025-03-10T12:21:00,analyst03@example.com,West,financial_services,SMB,data_platform,proposal,28387.29,114,81,3,True,0.24,True,Budget is uncertain and the main decision maker has not joined recent meetings.,won,28395.66,Strong executive sponsorship and clear ROI case.
OPP-01908,2026-01-04T07:18:00,analyst27@example.com,Northeast,healthcare,SMB,security,proposal,26728.04,106,57,2,True,0.239,True,Budget is uncertain and the main decision maker has not joined recent meetings.,lost,0.0,Budget or timing constraints prevented the purchase.
OPP-00079,2025-03-17T19:39:00,analyst22@example.com,West,financial_services,Mid-Market,analytics,discovery,36237.33,134,85,0,True,0.132,False,Budget is uncertain and the main decision maker has not joined recent meetings.,won,35957.63,Good product fit and timely stakeholder engagement.
OPP-02995,2025-12-22T21:04:00,analyst31@example.com,South,retail,Enterprise,data_platform,negotiation,14799.56,14,96,0,True,0.157,True,Stakeholders are interested but the business case is still being refined.,lost,0.0,Insufficient stakeholder engagement and unclear business case.
OPP-01057,2025-03-23T07:52:00,analyst31@example.com,Northeast,financial_services,SMB,security,proposal,21987.11,58,42,0,True,0.005,True,Engagement has slowed and the proposal has not received internal sponsorship.,lost,0.0,Insufficient stakeholder engagement and unclear business case.
OPP-00907,2025-03-27T12:15:00,analyst52@example.com,West,financial_services,Mid-Market,automation,proposal,28280.82,45,87,3,False,0.145,True,Technical evaluation is progressing well and the customer requested implementation details. Primary contact: buyer063@example.com.,won,26157.67,Strong executive sponsorship and clear ROI case.
OPP-01577,2025-03-06T19:21:00,analyst38@example.com,Midwest,technology,SMB,analytics,negotiation,60159.58,173,36,5,True,0.089,True,Engagement has slowed and the proposal has not received internal sponsorship.,lost,0.0,Competitor preference and switching costs reduced win likelihood.
OPP-02220,2025-12-11T09:57:00,analyst54@example.com,South,technology,Mid-Market,security,proposal,20099.54,101,80,4,True,0.155,True,Budget is uncertain and the main decision maker has not joined recent meetings. Primary contact: buyer110@example.com.,lost,0.0,Insufficient stakeholder engagement and unclear business case.
OPP-02702,2025-06-27T18:01:00,analyst23@example.com,South,technology,Mid-Market,automation,discovery,30716.74,152,84,9,False,0.019,False,Stakeholders are interested but the business case is still being refined.,lost,0.0,Competitor preference and switching costs reduced win likelihood.
OPP-00381,2026-02-28T20:05:00,analyst39@example.com,South,healthcare,Mid-Market,analytics,proposal,49224.07,134,60,1,True,0.182,True,Engagement has slowed and the proposal has not received internal sponsorship.,lost,0.0,Budget or timing constraints prevented the purchase.
OPP-00948,2025-10-08T22:18:00,analyst36@example.com,Midwest,healthcare,SMB,analytics,discovery,49588.57,53,43,9,True,0.002,False,Stakeholders are interested but the business case is still being refined. Primary contact: buyer104@example.com.,lost,0.0,Budget or timing constraints prevented the purchase.
OPP-01726,2025-05-24T06:40:00,analyst16@example.com,West,manufacturing,Enterprise,analytics,proposal,55634.82,5,90,10,True,0.078,True,Customer is still comparing alternatives and gathering internal feedback.,won,51483.84,Strong executive sponsorship and clear ROI case.
OPP-02589,2026-02-05T09:18:00,analyst24@example.com,Northeast,technology,Enterprise,data_platform,discovery,22211.8,128,42,9,True,0.079,False,A strong competitor is already deployed and switching costs are a concern. Primary contact: buyer057@example.com.,won,21940.87,Good product fit and timely stakeholder engagement.
OPP-00716,2025-02-16T05:11:00,analyst32@example.com,Midwest,healthcare,SMB,security,qualification,37933.51,106,63,0,True,0.121,False,Budget is uncertain and the main decision maker has not joined recent meetings.,lost,0.0,Budget or timing constraints prevented the purchase.
OPP-02031,2025-07-28T18:43:00,analyst36@example.com,Northeast,technology,Mid-Market,data_platform,proposal,29450.41,92,77,8,True,0.101,True,Discovery is ongoing and the team requested additional product information.,won,27147.56,Strong executive sponsorship and clear ROI case.
OPP-00687,2025-03-24T21:07:00,analyst03@example.com,West,healthcare,Mid-Market,data_platform,discovery,43570.03,43,35,6,True,0.255,False,The customer delayed the project and has not confirmed a decision timeline.,lost,0.0,Budget or timing constraints prevented the purchase.
OPP-02571,2025-08-07T06:22:00,analyst06@example.com,Northeast,financial_services,Mid-Market,automation,qualification,10463.46,120,69,7,True,0.145,True,A strong competitor is already deployed and switching costs are a concern.,won,10686.64,Strong executive sponsorship and clear ROI case.
OPP-01294,2026-01-05T22:57:00,analyst40@example.com,Northeast,technology,SMB,automation,discovery,21598.34,58,100,4,False,0.255,False,Discovery is ongoing and the team requested additional product information. Primary contact: buyer028@example.com.,lost,0.0,Competitor preference and switching costs reduced win likelihood.
OPP-00306,2025-04-15T12:38:00,analyst21@example.com,Northeast,manufacturing,SMB,automation,qualification,27840.57,50,26,10,False,0.079,False,Engagement has slowed and the proposal has not received internal sponsorship.,lost,0.0,Budget or timing constraints prevented the purchase.
OPP-00210,2025-08-11T18:30:00,analyst39@example.com,South,manufacturing,Mid-Market,data_platform,negotiation,15844.91,61,97,6,True,0.101,True,The opportunity remains active but timing depends on the next planning cycle.,won,15353.55,Successful technical evaluation with approved budget.
OPP-01498,2025-12-26T21:36:00,analyst16@example.com,Midwest,retail,Enterprise,analytics,proposal,215509.82,148,66,7,True,0.189,True,Budget is uncertain and the main decision maker has not joined recent meetings.,won,210814.89,Successful technical evaluation with approved budget.
OPP-02227,2025-02-06T15:51:00,analyst04@example.com,Northeast,manufacturing,SMB,automation,qualification,81585.9,43,52,0,True,0.026,False,The opportunity remains active but timing depends on the next planning cycle. Primary contact: buyer117@example.com.,lost,0.0,Insufficient stakeholder engagement and unclear business case.
OPP-02982,2026-02-02T23:12:00,analyst18@example.com,West,retail,Enterprise,security,qualification,26503.14,141,71,2,False,0.117,False,Discovery is ongoing and the team requested additional product information.,won,25452.71,Successful technical evaluation with approved budget.
OPP-02754,2025-09-07T23:48:00,analyst18@example.com,Midwest,retail,SMB,automation,qualification,18083.63,64,84,10,False,0.227,True,Decision makers attended the latest meeting and asked for a final proposal. Primary contact: buyer011@example.com.,won,17344.15,Good product fit and timely stakeholder engagement.
OPP-00886,2025-07-01T03:05:00,analyst31@example.com,Northeast,retail,SMB,data_platform,discovery,30702.08,22,69,0,False,0.018,False,Customer is still comparing alternatives and gathering internal feedback.,lost,0.0,Insufficient stakeholder engagement and unclear business case.
OPP-02016,2025-11-18T14:53:00,analyst21@example.com,West,retail,SMB,security,discovery,40055.48,86,89,1,False,0.026,False,Discovery is ongoing and the team requested additional product information.,won,37754.23,Successful technical evaluation with approved budget.
OPP-00918,2026-01-02T16:17:00,analyst06@example.com,West,technology,Mid-Market,analytics,negotiation,9061.22,92,67,4,False,0.129,True,Discovery is ongoing and the team requested additional product information.,won,9324.96,Successful technical evaluation with approved budget.
OPP-02827,2025-03-14T01:25:00,analyst34@example.com,West,financial_services,SMB,analytics,proposal,29928.8,113,31,3,False,0.048,True,Budget is uncertain and the main decision maker has not joined recent meetings. Primary contact: buyer084@example.com.,won,29059.97,Successful technical evaluation with approved budget.
OPP-02130,2026-02-04T16:01:00,analyst21@example.com,Northeast,technology,SMB,analytics,discovery,19844.33,24,87,7,False,0.242,False,Discovery is ongoing and the team requested additional product information.,lost,0.0,Insufficient stakeholder engagement and unclear business case.
OPP-00192,2025-10-04T01:10:00,analyst21@example.com,South,manufacturing,Enterprise,analytics,qualification,81226.29,125,78,2,True,0.138,True,Budget is uncertain and the main decision maker has not joined recent meetings.,lost,0.0,Insufficient stakeholder engagement and unclear business case.
OPP-01761,2025-09-29T09:04:00,analyst51@example.com,Northeast,technology,SMB,automation,qualification,16570.33,115,57,9,False,0.189,True,Customer is still comparing alternatives and gathering internal feedback. Primary contact: buyer073@example.com.,won,15787.59,Successful technical evaluation with approved budget.
OPP-02954,2025-07-10T03:16:00,analyst47@example.com,Northeast,manufacturing,SMB,data_platform,qualification,10925.44,80,92,7,True,0.212,False,Customer is still comparing alternatives and gathering internal feedback. Primary contact: buyer000@example.com.,won,11171.52,Good product fit and timely stakeholder engagement.
OPP-01266,2025-03-28T10:54:00,analyst12@example.com,South,financial_services,Mid-Market,analytics,negotiation,39777.73,141,24,4,True,0.081,True,A strong competitor is already deployed and switching costs are a concern.,lost,0.0,Insufficient stakeholder engagement and unclear business case.
OPP-00484,2025-02-13T17:11:00,analyst28@example.com,West,technology,Mid-Market,security,discovery,164412.83,61,26,3,True,0.057,False,Engagement has slowed and the proposal has not received internal sponsorship.,lost,0.0,Budget or timing constraints prevented the purchase.
OPP-00916,2025-12-15T01:24:00,analyst04@example.com,West,healthcare,SMB,automation,proposal,69303.34,76,26,9,False,0.113,True,The customer delayed the project and has not confirmed a decision timeline. Primary contact: buyer072@example.com.,won,68357.17,Strong executive sponsorship and clear ROI case.
OPP-02845,2025-07-14T10:36:00,analyst52@example.com,Midwest,healthcare,Mid-Market,data_platform,discovery,38484.27,21,24,6,True,0.143,False,A strong competitor is already deployed and switching costs are a concern. Primary contact: buyer102@example.com.,lost,0.0,Budget or timing constraints prevented the purchase.
OPP-00278,2025-03-17T09:51:00,analyst50@example.com,Midwest,healthcare,SMB,analytics,negotiation,23851.12,138,29,0,True,0.012,True,Budget is uncertain and the main decision maker has not joined recent meetings.,lost,0.0,Budget or timing constraints prevented the purchase.
OPP-00989,2026-01-05T14:47:00,analyst20@example.com,Midwest,manufacturing,SMB,security,qualification,50255.09,91,79,1,True,0.089,True,Stakeholders are interested but the business case is still being refined.,won,50174.04,Successful technical evaluation with approved budget.
OPP-01624,2026-02-05T04:15:00,analyst28@example.com,Midwest,manufacturing,SMB,data_platform,discovery,27872.54,74,68,6,False,0.234,True,Discovery is ongoing and the team requested additional product information.,won,27297.02,Strong executive sponsorship and clear ROI case.
OPP-01910,2025-07-06T18:21:00,analyst29@example.com,South,financial_services,Mid-Market,security,qualification,31906.97,73,87,10,False,0.249,False,The opportunity remains active but timing depends on the next planning cycle.,won,30020.26,Successful technical evaluation with approved budget.
OPP-01641,2025-10-01T15:16:00,analyst45@example.com,South,manufacturing,SMB,security,proposal,79453.11,93,39,0,True,0.263,True,Engagement has slowed and the proposal has not received internal sponsorship. Primary contact: buyer164@example.com.,lost,0.0,Competitor preference and switching costs reduced win likelihood.
OPP-00572,2025-08-24T16:11:00,analyst02@example.com,Northeast,financial_services,Mid-Market,data_platform,proposal,20866.59,37,76,7,False,0.192,True,Budget is approved and procurement has provided a target decision date.,won,19336.83,Successful technical evaluation with approved budget.
OPP-00994,2025-07-07T18:01:00,analyst25@example.com,Midwest,technology,SMB,analytics,proposal,11051.9,179,63,8,False,0.02,True,The opportunity remains active but timing depends on the next planning cycle. Primary contact: buyer150@example.com.,won,10712.62,Good product fit and timely stakeholder engagement.
OPP-01890,2025-02-09T10:07:00,analyst09@example.com,Midwest,healthcare,Enterprise,security,discovery,31236.65,70,99,2,True,0.246,False,Customer is still comparing alternatives and gathering internal feedback. Primary contact: buyer202@example.com.,lost,0.0,Competitor preference and switching costs reduced win likelihood.
OPP-01412,2025-06-29T03:25:00,analyst44@example.com,South,financial_services,Mid-Market,data_platform,discovery,18076.6,69,66,9,False,0.124,False,Stakeholders are interested but the business case is still being refined.,won,18062.86,Successful technical evaluation with approved budget.
OPP-00586,2025-07-02T18:29:00,analyst16@example.com,West,retail,Mid-Market,security,discovery,51297.55,25,92,3,False,0.265,False,Stakeholders are interested but the business case is still being refined.,lost,0.0,Competitor preference and switching costs reduced win likelihood.
OPP-01585,2026-01-17T02:36:00,analyst46@example.com,Northeast,healthcare,Mid-Market,data_platform,discovery,57952.62,106,65,10,False,0.241,True,Customer is still comparing alternatives and gathering internal feedback.,won,57658.83,Good product fit and timely stakeholder engagement.
OPP-03000,2026-02-11T21:18:00,analyst36@example.com,Midwest,healthcare,SMB,analytics,discovery,20475.22,167,76,5,False,0.006,False,Discovery is ongoing and the team requested additional product information.,lost,0.0,Insufficient stakeholder engagement and unclear business case.
OPP-01350,2025-05-06T07:48:00,analyst39@example.com,Northeast,financial_services,SMB,security,qualification,25898.87,39,30,7,False,0.198,False,A strong competitor is already deployed and switching costs are a concern.,lost,0.0,Insufficient stakeholder engagement and unclear business case.
OPP-02043,2025-07-25T23:33:00,analyst48@example.com,Midwest,financial_services,SMB,automation,proposal,46818.47,178,30,4,True,0.237,True,Budget is uncertain and the main decision maker has not joined recent meetings. Primary contact: buyer144@example.com.,lost,0.0,Budget or timing constraints prevented the purchase.
OPP-00675,2025-03-26T06:38:00,analyst48@example.com,Midwest,financial_services,Enterprise,data_platform,discovery,11074.31,53,77,4,False,0.175,False,Discovery is ongoing and the team requested additional product information. Primary contact: buyer042@example.com.,lost,0.0,Budget or timing constraints prevented the purchase.
OPP-01707,2025-02-09T17:40:00,analyst54@example.com,West,manufacturing,SMB,data_platform,proposal,20208.26,88,72,10,True,0.229,True,Stakeholders are interested but the business case is still being refined.,won,20096.51,Good product fit and timely stakeholder engagement.
OPP-00856,2026-02-25T22:26:00,analyst01@example.com,Midwest,healthcare,SMB,security,proposal,23784.65,131,43,2,False,0.081,True,The opportunity remains active but timing depends on the next planning cycle.,lost,0.0,Competitor preference and switching costs reduced win likelihood.
OPP-00448,2025-02-09T17:52:00,analyst49@example.com,Midwest,retail,Mid-Market,data_platform,proposal,21438.26,77,51,3,False,0.153,True,The opportunity remains active but timing depends on the next planning cycle.,won,21765.07,Good product fit and timely stakeholder engagement.
OPP-01432,2026-02-27T18:45:00,analyst07@example.com,Northeast,technology,SMB,automation,discovery,52765.26,121,96,10,False,0.236,False,Discovery is ongoing and the team requested additional product information. Primary contact: buyer166@example.com.,won,49571.65,Strong executive sponsorship and clear ROI case.
OPP-02440,2025-06-25T17:04:00,analyst46@example.com,South,financial_services,Enterprise,analytics,qualification,20712.27,91,62,10,False,0.182,False,Discovery is ongoing and the team requested additional product information.,won,19281.85,Successful technical evaluation with approved budget.
OPP-02162,2025-11-08T13:57:00,analyst53@example.com,Midwest,technology,Enterprise,security,discovery,43520.01,8,29,5,True,0.082,False,Engagement has slowed and the proposal has not received internal sponsorship.,lost,0.0,Competitor preference and switching costs reduced win likelihood.
OPP-02264,2025-02-18T08:43:00,analyst41@example.com,West,technology,Enterprise,automation,proposal,19283.93,37,94,4,True,0.189,True,The opportunity remains active but timing depends on the next planning cycle. Primary contact: buyer154@example.com.,lost,0.0,Budget or timing constraints prevented the purchase.
OPP-02828,2025-04-12T12:10:00,analyst35@example.com,Midwest,technology,Mid-Market,security,negotiation,52939.76,72,64,7,True,0.196,True,Customer is still comparing alternatives and gathering internal feedback.,lost,0.0,Insufficient stakeholder engagement and unclear business case.
OPP-02391,2025-05-05T16:36:00,analyst54@example.com,West,retail,Enterprise,security,discovery,23152.22,88,24,5,True,0.185,False,Engagement has slowed and the proposal has not received internal sponsorship. Primary contact: buyer070@example.com.,lost,0.0,Budget or timing constraints prevented the purchase.
OPP-01730,2025-08-31T21:12:00,analyst20@example.com,West,retail,SMB,analytics,proposal,48706.84,132,48,8,True,0.275,True,A strong competitor is already deployed and switching costs are a concern.,lost,0.0,Insufficient stakeholder engagement and unclear business case.
OPP-02677,2025-01-06T03:17:00,analyst55@example.com,South,technology,SMB,data_platform,discovery,31502.17,56,85,1,True,0.095,True,Stakeholders are interested but the business case is still being refined.,won,31165.11,Strong executive sponsorship and clear ROI case.
OPP-01248,2025-02-01T12:34:00,analyst51@example.com,Midwest,financial_services,Enterprise,automation,discovery,46401.91,104,66,2,False,0.101,False,Customer is still comparing alternatives and gathering internal feedback.,lost,0.0,Insufficient stakeholder engagement and unclear business case.
OPP-00295,2025-03-13T21:30:00,analyst10@example.com,West,healthcare,SMB,security,qualification,71739.82,178,55,8,False,0.011,False,The opportunity remains active but timing depends on the next planning cycle.,lost,0.0,Competitor preference and switching costs reduced win likelihood.
OPP-00589,2025-02-11T03:30:00,analyst19@example.com,West,manufacturing,Mid-Market,security,qualification,66275.76,144,28,0,True,0.172,False,Budget is uncertain and the main decision maker has not joined recent meetings.,lost,0.0,Budget or timing constraints prevented the purchase.
OPP-01282,2025-06-05T20:31:00,analyst28@example.com,West,healthcare,Mid-Market,analytics,discovery,54924.64,14,51,4,False,0.017,True,The opportunity remains active but timing depends on the next planning cycle.,won,52584.43,Good product fit and timely stakeholder engagement.
OPP-02821,2025-12-31T20:21:00,analyst28@example.com,Northeast,retail,SMB,automation,qualification,48065.56,103,59,4,False,0.159,False,Customer is still comparing alternatives and gathering internal feedback.,lost,0.0,Competitor preference and switching costs reduced win likelihood.
OPP-02616,2025-08-03T15:44:00,analyst51@example.com,South,financial_services,SMB,data_platform,proposal,64481.89,136,88,7,False,0.11,True,Decision makers attended the latest meeting and asked for a final proposal.,won,63618.46,Successful technical evaluation with approved budget.
OPP-02753,2026-01-23T16:16:00,analyst17@example.com,West,retail,SMB,analytics,proposal,18582.44,115,18,7,True,0.213,True,Engagement has slowed and the proposal has not received internal sponsorship.,lost,0.0,Competitor preference and switching costs reduced win likelihood.
OPP-02258,2025-04-05T22:45:00,analyst35@example.com,Northeast,financial_services,SMB,automation,proposal,10519.73,83,79,5,True,0.06,True,Stakeholders are interested but the business case is still being refined.,won,10750.46,Successful technical evaluation with approved budget.
OPP-01418,2026-01-17T05:39:00,analyst50@example.com,Midwest,retail,Enterprise,automation,discovery,47249.5,176,68,3,False,0.132,False,Customer is still comparing alternatives and gathering internal feedback. Primary contact: buyer152@example.com.,won,47960.05,Good product fit and timely stakeholder engagement.
OPP-00426,2025-08-25T12:30:00,analyst27@example.com,Midwest,manufacturing,SMB,analytics,negotiation,17867.23,132,28,8,False,0.258,True,The customer delayed the project and has not confirmed a decision timeline.,lost,0.0,Insufficient stakeholder engagement and unclear business case.
OPP-00535,2025-12-28T00:04:00,analyst22@example.com,West,manufacturing,Mid-Market,analytics,qualification,8837.45,79,87,7,False,0.242,True,Technical evaluation is progressing well and the customer requested implementation details.,won,8850.23,Good product fit and timely stakeholder engagement.
OPP-01055,2025-04-04T10:28:00,analyst29@example.com,West,manufacturing,Enterprise,analytics,proposal,27463.66,150,31,1,True,0.012,True,A strong competitor is already deployed and switching costs are a concern.,lost,0.0,Insufficient stakeholder engagement and unclear business case.
OPP-01879,2025-11-01T05:49:00,analyst55@example.com,Midwest,manufacturing,SMB,data_platform,negotiation,33424.99,108,62,3,True,0.224,True,The customer delayed the project and has not confirmed a decision timeline. Primary contact: buyer191@example.com.,lost,0.0,Competitor preference and switching costs reduced win likelihood.
OPP-02510,2025-04-08T20:54:00,analyst02@example.com,Midwest,retail,Mid-Market,analytics,discovery,68624.05,124,16,3,False,0.048,False,The customer delayed the project and has not confirmed a decision timeline.,lost,0.0,Budget or timing constraints prevented the purchase.
OPP-01438,2025-06-07T09:11:00,analyst13@example.com,Midwest,technology,SMB,security,qualification,34525.2,143,98,2,True,0.046,True,A strong competitor is already deployed and switching costs are a concern. Primary contact: buyer172@example.com.,lost,0.0,Budget or timing constraints prevented the purchase.
OPP-00133,2025-04-14T06:25:00,analyst19@example.com,Midwest,manufacturing,SMB,security,proposal,8671.87,163,37,10,False,0.083,True,Budget is uncertain and the main decision maker has not joined recent meetings. Primary contact: buyer133@example.com.,won,8152.73,Strong executive sponsorship and clear ROI case.
OPP-02405,2025-06-13T08:50:00,analyst11@example.com,South,healthcare,Mid-Market,security,proposal,38217.87,120,41,3,False,0.019,True,The customer delayed the project and has not confirmed a decision timeline.,won,38653.83,Strong executive sponsorship and clear ROI case.
OPP-01840,2025-11-10T18:11:00,analyst16@example.com,West,financial_services,Mid-Market,data_platform,proposal,74966.24,47,75,0,False,0.076,True,Technical evaluation is progressing well and the customer requested implementation details.,won,76186.41,Successful technical evaluation with approved budget.
OPP-00422,2025-01-09T11:55:00,analyst23@example.com,West,technology,SMB,automation,proposal,24555.34,76,35,2,False,0.17,True,Budget is uncertain and the main decision maker has not joined recent meetings.,won,23045.92,Successful technical evaluation with approved budget.
OPP-02664,2025-08-25T05:53:00,analyst42@example.com,Northeast,manufacturing,Mid-Market,automation,qualification,9693.65,101,45,2,False,0.128,True,Discovery is ongoing and the team requested additional product information.,lost,0.0,Insufficient stakeholder engagement and unclear business case.
OPP-02044,2025-07-19T05:59:00,analyst49@example.com,South,healthcare,SMB,security,qualification,25620.91,27,41,8,True,0.034,False,Budget is uncertain and the main decision maker has not joined recent meetings.,lost,0.0,Competitor preference and switching costs reduced win likelihood.
OPP-01587,2025-08-19T16:52:00,analyst48@example.com,South,manufacturing,Enterprise,automation,qualification,13498.37,152,78,2,True,0.238,False,The customer delayed the project and has not confirmed a decision timeline.,lost,0.0,Competitor preference and switching costs reduced win likelihood.
OPP-01369,2025-07-05T02:36:00,analyst01@example.com,West,retail,SMB,security,negotiation,86147.57,180,51,10,True,0.08,True,A strong competitor is already deployed and switching costs are a concern.,lost,0.0,Competitor preference and switching costs reduced win likelihood.
OPP-00557,2025-09-15T14:58:00,analyst44@example.com,Midwest,retail,SMB,automation,qualification,32827.79,34,98,0,True,0.142,False,The opportunity remains active but timing depends on the next planning cycle.,won,32651.26,Strong executive sponsorship and clear ROI case.
OPP-02051,2025-10-17T13:11:00,analyst56@example.com,West,manufacturing,Enterprise,data_platform,discovery,20631.82,86,89,1,True,0.106,False,Stakeholders are interested but the business case is still being refined.,lost,0.0,Competitor preference and switching costs reduced win likelihood.
OPP-01499,2025-07-29T15:09:00,analyst17@example.com,West,financial_services,Mid-Market,security,negotiation,37802.55,40,31,1,False,0.148,True,  Budget is uncertain and the main decision maker has not joined recent meetings.  ,lost,0.0,Competitor preference and switching costs reduced win likelihood.
OPP-02685,2025-04-10T02:46:00,analyst06@example.com,Midwest,technology,SMB,analytics,proposal,18545.48,166,49,2,False,0.193,True,Discovery is ongoing and the team requested additional product information. Primary contact: buyer153@example.com.,won,17680.39,Successful technical evaluation with approved budget.
OPP-00571,2025-11-06T17:03:00,analyst01@example.com,South,healthcare,Enterprise,data_platform,proposal,27399.01,158,60,8,False,0.027,True,The opportunity remains active but timing depends on the next planning cycle.,won,26187.8,Successful technical evaluation with approved budget.
OPP-00353,2025-11-26T02:21:00,analyst11@example.com,South,retail,Mid-Market,automation,qualification,16837.45,152,25,1,True,0.145,False,Engagement has slowed and the proposal has not received internal sponsorship.,lost,0.0,Competitor preference and switching costs reduced win likelihood.
OPP-00092,2025-03-20T14:38:00,analyst35@example.com,West,retail,Enterprise,security,qualification,83375.1,66,42,9,True,0.014,False,Engagement has slowed and the proposal has not received internal sponsorship.,lost,0.0,Budget or timing constraints prevented the purchase.
OPP-02128,2025-01-07T07:49:00,analyst19@example.com,West,manufacturing,Mid-Market,data_platform,proposal,88683.5,129,92,6,True,0.237,True,The customer delayed the project and has not confirmed a decision timeline.,won,86195.17,Successful technical evaluation with approved budget.
OPP-02539,2025-12-30T21:01:00,analyst31@example.com,South,healthcare,SMB,security,discovery,31066.88,11,47,3,False,0.133,False,Discovery is ongoing and the team requested additional product information.,lost,0.0,Insufficient stakeholder engagement and unclear business case.
OPP-01171,2025-10-22T23:10:00,analyst31@example.com,Midwest,technology,Mid-Market,data_platform,proposal,23645.81,86,74,9,True,0.202,True,Stakeholders are interested but the business case is still being refined.,won,24190.62,Good product fit and timely stakeholder engagement.
OPP-02974,2025-08-16T15:07:00,analyst10@example.com,Midwest,technology,Enterprise,security,proposal,32299.12,25,43,9,True,0.038,True,Stakeholders are interested but the business case is still being refined.,lost,0.0,Insufficient stakeholder engagement and unclear business case.
OPP-01286,2026-01-07T02:33:00,analyst32@example.com,South,healthcare,SMB,data_platform,proposal,12742.7,88,71,2,False,0.069,True,Discovery is ongoing and the team requested additional product information.,lost,0.0,Insufficient stakeholder engagement and unclear business case.
OPP-02233,2025-02-07T09:56:00,analyst10@example.com,West,retail,Mid-Market,analytics,qualification,97200.88,125,29,10,False,0.262,False,The customer delayed the project and has not confirmed a decision timeline.,lost,0.0,Insufficient stakeholder engagement and unclear business case.
OPP-01481,2025-12-21T08:59:00,analyst56@example.com,West,technology,SMB,analytics,discovery,79819.38,36,28,9,False,0.172,False,A strong competitor is already deployed and switching costs are a concern.,lost,0.0,Insufficient stakeholder engagement and unclear business case.
OPP-02088,2025-05-30T05:16:00,analyst36@example.com,Northeast,healthcare,Mid-Market,security,qualification,51456.94,12,71,7,False,0.004,False,The opportunity remains active but timing depends on the next planning cycle.,won,50276.84,Good product fit and timely stakeholder engagement.
OPP-02943,2025-11-24T16:56:00,analyst36@example.com,Midwest,healthcare,SMB,automation,qualification,15580.3,118,15,9,False,0.054,False,The customer delayed the project and has not confirmed a decision timeline.,lost,0.0,Budget or timing constraints prevented the purchase.
OPP-00698,2025-10-09T02:13:00,analyst14@example.com,Midwest,manufacturing,Enterprise,automation,qualification,7865.39,109,74,7,True,0.223,False,Engagement has slowed and the proposal has not received internal sponsorship.,lost,0.0,Budget or timing constraints prevented the purchase.
OPP-02881,2025-09-15T12:09:00,analyst31@example.com,West,manufacturing,Mid-Market,security,discovery,8324.45,123,82,1,True,0.189,True,Budget is uncertain and the main decision maker has not joined recent meetings.,lost,0.0,Insufficient stakeholder engagement and unclear business case.
OPP-00349,2025-12-13T02:40:00,analyst07@example.com,Midwest,manufacturing,Mid-Market,automation,negotiation,19358.14,59,50,7,True,0.242,True,Customer is still comparing alternatives and gathering internal feedback.,lost,0.0,Competitor preference and switching costs reduced win likelihood.
OPP-02141,2026-01-11T13:04:00,analyst32@example.com,West,manufacturing,Enterprise,security,proposal,67253.18,29,83,3,False,0.081,True,Executive sponsor is engaged and the buying team confirmed a clear business need.,won,65867.12,Successful technical evaluation with approved budget.
OPP-02352,2025-05-01T13:51:00,analyst15@example.com,Midwest,technology,Enterprise,data_platform,proposal,25014.42,34,43,9,True,0.075,True,Discovery is ongoing and the team requested additional product information.,lost,0.0,Insufficient stakeholder engagement and unclear business case.
OPP-02437,2026-02-16T00:18:00,analyst43@example.com,South,healthcare,Mid-Market,analytics,qualification,41267.01,88,36,5,True,0.07,False,The customer delayed the project and has not confirmed a decision timeline.,lost,0.0,Budget or timing constraints prevented the purchase.
OPP-02273,2026-02-12T23:31:00,analyst50@example.com,South,retail,SMB,security,discovery,19425.61,35,31,0,False,0.086,True,The customer delayed the project and has not confirmed a decision timeline.,lost,0.0,Budget or timing constraints prevented the purchase.
OPP-01138,2025-06-12T14:13:00,analyst55@example.com,West,technology,SMB,analytics,proposal,13665.93,173,33,4,True,0.246,True,Budget is uncertain and the main decision maker has not joined recent meetings.,lost,0.0,Budget or timing constraints prevented the purchase.
OPP-01812,2025-05-16T01:54:00,analyst45@example.com,Midwest,retail,Mid-Market,security,discovery,12200.56,7,79,10,False,0.096,False,The opportunity remains active but timing depends on the next planning cycle.,lost,0.0,Competitor preference and switching costs reduced win likelihood.
OPP-02615,2025-12-24T19:28:00,analyst50@example.com,Midwest,financial_services,Enterprise,analytics,qualification,29307.21,15,54,0,False,0.008,True,Stakeholders are interested but the business case is still being refined.,won,29813.93,Strong executive sponsorship and clear ROI case.
OPP-02842,2025-10-19T23:19:00,analyst49@example.com,South,technology,SMB,analytics,proposal,47841.73,17,57,2,False,0.013,True,Stakeholders are interested but the business case is still being refined.,lost,0.0,Insufficient stakeholder engagement and unclear business case.
OPP-02826,2026-02-11T14:23:00,analyst33@example.com,Midwest,retail,SMB,data_platform,qualification,31351.37,123,80,1,False,0.215,False,Customer is still comparing alternatives and gathering internal feedback. Primary contact: buyer083@example.com.,lost,0.0,Insufficient stakeholder engagement and unclear business case.
OPP-01340,2025-11-23T16:51:00,analyst29@example.com,West,financial_services,Mid-Market,analytics,discovery,12533.55,76,76,1,False,0.006,False,Stakeholders are interested but the business case is still being refined.,won,11992.27,Successful technical evaluation with approved budget.
OPP-02496,2025-01-25T11:46:00,analyst45@example.com,South,manufacturing,SMB,data_platform,qualification,39052.08,162,53,3,True,0.251,False,Budget is uncertain and the main decision maker has not joined recent meetings.,lost,0.0,Competitor preference and switching costs reduced win likelihood.
OPP-00454,2025-06-07T01:07:00,analyst55@example.com,South,healthcare,SMB,data_platform,proposal,24187.85,85,81,5,False,0.143,True,Executive sponsor is engaged and the buying team confirmed a clear business need. Primary contact: buyer032@example.com.,won,22629.75,Strong executive sponsorship and clear ROI case.
OPP-00914,2026-01-16T10:12:00,analyst02@example.com,Northeast,healthcare,Enterprise,security,qualification,26622.47,121,63,0,False,0.066,True,Stakeholders are interested but the business case is still being refined.,won,25823.82,Successful technical evaluation with approved budget.
OPP-01200,2025-06-03T08:18:00,analyst03@example.com,West,retail,Mid-Market,data_platform,qualification,51708.69,85,55,3,False,0.022,False,Customer is still comparing alternatives and gathering internal feedback.,lost,0.0,Insufficient stakeholder engagement and unclear business case.
OPP-01275,2025-01-04T12:22:00,analyst21@example.com,West,financial_services,Mid-Market,security,proposal,74340.54,162,71,9,False,0.072,True,Customer is still comparing alternatives and gathering internal feedback.,won,71429.16,Good product fit and timely stakeholder engagement.
OPP-01881,2025-12-28T18:21:00,analyst00@example.com,Northeast,retail,Enterprise,automation,negotiation,79079.84,167,37,9,True,0.192,True,A strong competitor is already deployed and switching costs are a concern.,lost,0.0,Competitor preference and switching costs reduced win likelihood.
OPP-00038,2025-12-09T12:18:00,analyst38@example.com,West,healthcare,Enterprise,security,discovery,41040.28,30,41,10,True,0.185,True,Budget is uncertain and the main decision maker has not joined recent meetings. Primary contact: buyer038@example.com.,won,39790.83,Successful technical evaluation with approved budget.
OPP-00975,2026-02-12T19:33:00,analyst06@example.com,South,technology,Mid-Market,security,proposal,15640.59,46,82,2,True,0.189,True,The opportunity remains active but timing depends on the next planning cycle.,won,15457.35,Good product fit and timely stakeholder engagement.
OPP-02776,2026-01-05T11:43:00,analyst40@example.com,South,healthcare,Mid-Market,automation,qualification,32015.5,146,73,5,True,0.276,True,Budget is uncertain and the main decision maker has not joined recent meetings.,lost,0.0,Budget or timing constraints prevented the purchase.
OPP-00984,2025-04-27T11:10:00,analyst15@example.com,South,technology,SMB,data_platform,qualification,5808.48,98,21,2,True,0.157,False,The customer delayed the project and has not confirmed a decision timeline. Primary contact: buyer140@example.com.,lost,0.0,Competitor preference and switching costs reduced win likelihood.
OPP-02477,2025-10-15T16:41:00,analyst26@example.com,South,financial_services,SMB,data_platform,negotiation,17808.88,29,65,9,False,0.053,True,The opportunity remains active but timing depends on the next planning cycle.,won,17764.51,Strong executive sponsorship and clear ROI case.
OPP-02207,2026-01-03T12:14:00,analyst41@example.com,Northeast,technology,SMB,data_platform,discovery,49195.07,177,62,1,True,0.153,False,A strong competitor is already deployed and switching costs are a concern.,lost,0.0,Budget or timing constraints prevented the purchase.
OPP-01419,2026-02-18T15:40:00,analyst51@example.com,West,retail,Enterprise,analytics,qualification,16899.7,55,36,1,True,0.184,False,Engagement has slowed and the proposal has not received internal sponsorship.,lost,0.0,Insufficient stakeholder engagement and unclear business case.
OPP-01285,2026-01-26T20:41:00,analyst31@example.com,West,manufacturing,Enterprise,analytics,qualification,46336.85,103,71,5,False,0.2,True,Customer is still comparing alternatives and gathering internal feedback.,won,44326.4,Strong executive sponsorship and clear ROI case.
OPP-00040,2026-02-24T04:19:00,analyst40@example.com,Midwest,retail,SMB,data_platform,proposal,81977.3,131,71,1,False,0.249,True,The opportunity remains active but timing depends on the next planning cycle. Primary contact: buyer040@example.com.,lost,0.0,Budget or timing constraints prevented the purchase.
OPP-02693,2025-09-17T01:04:00,analyst14@example.com,Midwest,financial_services,SMB,automation,qualification,122129.04,84,80,10,True,0.052,False,The opportunity remains active but timing depends on the next planning cycle.,lost,0.0,Competitor preference and switching costs reduced win likelihood.
OPP-00170,2025-05-07T05:16:00,analyst56@example.com,West,manufacturing,Enterprise,security,discovery,11909.7,13,79,9,False,0.224,False,Customer is still comparing alternatives and gathering internal feedback.,lost,0.0,Competitor preference and switching costs reduced win likelihood.
OPP-01356,2025-06-02T07:04:00,analyst45@example.com,Midwest,financial_services,SMB,automation,discovery,18097.02,136,39,4,True,0.056,False,A strong competitor is already deployed and switching costs are a concern.,lost,0.0,Competitor preference and switching costs reduced win likelihood.
OPP-00738,2025-02-21T12:13:00,analyst54@example.com,West,manufacturing,Mid-Market,data_platform,discovery,24834.15,114,95,7,False,0.133,False,Discovery is ongoing and the team requested additional product information. Primary contact: buyer105@example.com.,won,22959.51,Strong executive sponsorship and clear ROI case.
OPP-01564,2025-12-19T03:05:00,analyst25@example.com,West,manufacturing,SMB,security,negotiation,84454.49,52,75,2,False,0.207,True,Technical evaluation is progressing well and the customer requested implementation details. Primary contact: buyer087@example.com.,lost,0.0,Insufficient stakeholder engagement and unclear business case.
OPP-02705,2025-09-04T04:07:00,analyst26@example.com,West,financial_services,SMB,analytics,qualification,19263.13,79,25,9,False,0.033,False,A strong competitor is already deployed and switching costs are a concern.,lost,0.0,Budget or timing constraints prevented the purchase.
OPP-01913,2025-06-06T15:31:00,analyst32@example.com,West,technology,Mid-Market,data_platform,proposal,19576.33,131,83,0,False,0.123,True,Technical evaluation is progressing well and the customer requested implementation details.,lost,0.0,Insufficient stakeholder engagement and unclear business case.
OPP-00635,2026-02-24T04:45:00,analyst08@example.com,Northeast,manufacturing,SMB,analytics,proposal,25379.2,53,24,10,True,0.078,True,The customer delayed the project and has not confirmed a decision timeline. Primary contact: buyer002@example.com.,lost,0.0,Insufficient stakeholder engagement and unclear business case.
OPP-02653,2025-11-09T18:01:00,analyst31@example.com,South,retail,Enterprise,security,discovery,18188.82,95,94,9,True,0.186,True,Customer is still comparing alternatives and gathering internal feedback.,won,17102.95,Strong executive sponsorship and clear ROI case.
OPP-01934,2025-06-03T11:43:00,analyst53@example.com,West,technology,SMB,security,proposal,44509.53,139,68,2,False,0.114,True,Stakeholders are interested but the business case is still being refined.,lost,0.0,Insufficient stakeholder engagement and unclear business case.
OPP-01291,2025-10-03T07:31:00,analyst37@example.com,West,technology,Mid-Market,security,negotiation,47176.5,126,28,6,True,0.171,True,Engagement has slowed and the proposal has not received internal sponsorship.,lost,0.0,Insufficient stakeholder engagement and unclear business case.
OPP-01381,2025-05-07T08:15:00,analyst13@example.com,West,retail,SMB,automation,qualification,32947.96,151,26,8,False,0.214,False,The customer delayed the project and has not confirmed a decision timeline.,won,31251.23,Strong executive sponsorship and clear ROI case.
OPP-00580,2025-03-25T02:25:00,analyst10@example.com,West,healthcare,Enterprise,automation,discovery,47408.45,25,28,6,False,0.105,False,Budget is uncertain and the main decision maker has not joined recent meetings. Primary contact: buyer158@example.com.,lost,0.0,Competitor preference and switching costs reduced win likelihood.
OPP-00329,2025-03-27T05:07:00,analyst44@example.com,Midwest,healthcare,SMB,data_platform,negotiation,21035.24,92,35,1,True,0.141,True,Budget is uncertain and the main decision maker has not joined recent meetings.,lost,0.0,Budget or timing constraints prevented the purchase.
OPP-01656,2026-02-22T08:26:00,analyst03@example.com,West,healthcare,Mid-Market,data_platform,proposal,56854.49,140,82,8,True,0.261,True,Budget is uncertain and the main decision maker has not joined recent meetings.,won,53029.12,Strong executive sponsorship and clear ROI case.
OPP-00893,2025-10-01T10:22:00,analyst38@example.com,South,technology,Mid-Market,data_platform,discovery,34282.58,6,21,0,False,0.182,False,A strong competitor is already deployed and switching costs are a concern. Primary contact: buyer049@example.com.,lost,0.0,Competitor preference and switching costs reduced win likelihood.
OPP-02038,2025-03-23T16:08:00,analyst43@example.com,South,technology,SMB,data_platform,discovery,15935.99,29,61,0,True,0.071,True,Discovery is ongoing and the team requested additional product information.,lost,0.0,Budget or timing constraints prevented the purchase.
OPP-00781,2025-04-04T16:18:00,analyst40@example.com,South,manufacturing,SMB,automation,discovery,95920.16,78,49,3,False,0.249,False,Customer is still comparing alternatives and gathering internal feedback.,won,96126.04,Strong executive sponsorship and clear ROI case.
OPP-00160,2025-08-20T21:31:00,analyst46@example.com,Midwest,manufacturing,Enterprise,automation,qualification,36564.18,19,43,9,False,0.223,False,Discovery is ongoing and the team requested additional product information. Primary contact: buyer160@example.com.,lost,0.0,Insufficient stakeholder engagement and unclear business case.
OPP-01559,2025-04-29T06:18:00,analyst20@example.com,Midwest,manufacturing,SMB,data_platform,negotiation,44381.89,81,45,3,True,0.234,True,Stakeholders are interested but the business case is still being refined. Primary contact: buyer082@example.com.,lost,0.0,Competitor preference and switching costs reduced win likelihood.
OPP-02911,2025-10-29T22:28:00,analyst04@example.com,Midwest,healthcare,SMB,data_platform,negotiation,72833.36,106,20,8,False,0.223,True,A strong competitor is already deployed and switching costs are a concern.,lost,0.0,Competitor preference and switching costs reduced win likelihood.
OPP-02330,2025-04-20T06:12:00,analyst50@example.com,South,healthcare,SMB,automation,proposal,43066.49,116,25,10,False,0.098,True,Engagement has slowed and the proposal has not received internal sponsorship.,lost,0.0,Budget or timing constraints prevented the purchase.
OPP-00062,2025-07-15T01:59:00,analyst05@example.com,South,financial_services,Mid-Market,automation,negotiation,18851.86,34,50,9,True,0.12,True,Customer is still comparing alternatives and gathering internal feedback.,lost,0.0,Insufficient stakeholder engagement and unclear business case.
OPP-00850,2026-01-19T05:30:00,analyst52@example.com,West,retail,Enterprise,security,proposal,18502.18,6,31,5,False,0.276,True,The customer delayed the project and has not confirmed a decision timeline.,lost,0.0,Budget or timing constraints prevented the purchase.
OPP-02135,2025-01-09T02:31:00,analyst26@example.com,West,technology,Mid-Market,security,negotiation,27656.7,114,77,2,False,0.169,True,Technical evaluation is progressing well and the customer requested implementation details.,won,26231.94,Strong executive sponsorship and clear ROI case.
OPP-02898,2025-02-04T05:49:00,analyst48@example.com,South,healthcare,SMB,data_platform,discovery,27758.3,143,38,8,True,0.203,True,A strong competitor is already deployed and switching costs are a concern. Primary contact: buyer155@example.com.,won,26287.46,Successful technical evaluation with approved budget.
OPP-01044,2025-12-27T14:20:00,analyst18@example.com,South,healthcare,SMB,automation,negotiation,19912.79,13,98,5,True,0.038,True,The opportunity remains active but timing depends on the next planning cycle. Primary contact: buyer200@example.com.,won,19868.99,Strong executive sponsorship and clear ROI case.
OPP-02502,2025-07-11T19:18:00,analyst51@example.com,Northeast,manufacturing,Enterprise,automation,proposal,40326.67,148,32,4,True,0.012,True,Budget is uncertain and the main decision maker has not joined recent meetings.,lost,0.0,Competitor preference and switching costs reduced win likelihood.
OPP-01951,2025-07-10T20:13:00,analyst13@example.com,Northeast,financial_services,SMB,data_platform,discovery,26070.35,115,68,8,True,0.156,True,Engagement has slowed and the proposal has not received internal sponsorship.,won,24888.34,Successful technical evaluation with approved budget.
OPP-01874,2026-02-26T19:31:00,analyst50@example.com,Northeast,technology,Mid-Market,data_platform,qualification,45261.66,105,16,10,True,0.236,True,Engagement has slowed and the proposal has not received internal sponsorship. Primary contact: buyer186@example.com.,lost,0.0,Competitor preference and switching costs reduced win likelihood.
OPP-01071,2025-11-09T17:55:00,analyst45@example.com,South,technology,Enterprise,data_platform,proposal,34133.77,36,27,10,False,0.138,True,Engagement has slowed and the proposal has not received internal sponsorship. Primary contact: buyer016@example.com.,lost,0.0,Insufficient stakeholder engagement and unclear business case.
OPP-00054,2025-03-13T02:33:00,analyst54@example.com,South,retail,SMB,data_platform,negotiation,19787.75,123,53,10,True,0.039,True,The customer delayed the project and has not confirmed a decision timeline.,lost,0.0,Budget or timing constraints prevented the purchase.
OPP-00259,2025-08-19T00:59:00,analyst31@example.com,South,manufacturing,SMB,security,proposal,10766.91,74,99,10,True,0.03,True,Stakeholders are interested but the business case is still being refined.,won,10023.52,Good product fit and timely stakeholder engagement.
OPP-00506,2025-02-27T16:38:00,analyst50@example.com,Northeast,manufacturing,Mid-Market,data_platform,negotiation,15456.06,28,26,0,True,0.176,True,Budget is uncertain and the main decision maker has not joined recent meetings.,lost,0.0,Insufficient stakeholder engagement and unclear business case.
OPP-00753,2026-03-03T18:28:00,analyst12@example.com,South,healthcare,Enterprise,automation,qualification,30597.49,135,42,10,False,0.007,False,The customer delayed the project and has not confirmed a decision timeline.,lost,0.0,Insufficient stakeholder engagement and unclear business case.
OPP-01994,2025-08-02T00:06:00,analyst56@example.com,South,financial_services,Enterprise,data_platform,negotiation,25757.86,151,69,2,True,0.055,True,Engagement has slowed and the proposal has not received internal sponsorship.,lost,0.0,Competitor preference and switching costs reduced win likelihood.
OPP-00218,2026-01-29T00:42:00,analyst47@example.com,South,manufacturing,Enterprise,security,negotiation,32992.45,162,91,0,False,0.149,True,Executive sponsor is engaged and the buying team confirmed a clear business need.,lost,0.0,Budget or timing constraints prevented the purchase.
OPP-02012,2026-02-14T13:52:00,analyst17@example.com,Midwest,technology,Mid-Market,analytics,negotiation,27177.1,84,59,0,False,0.095,True,Customer is still comparing alternatives and gathering internal feedback.,won,25328.4,Strong executive sponsorship and clear ROI case.
OPP-02793,2025-08-27T22:18:00,analyst00@example.com,West,technology,SMB,automation,negotiation,9912.15,167,26,7,True,0.025,True,Budget is uncertain and the main decision maker has not joined recent meetings.,won,9516.29,Successful technical evaluation with approved budget.
OPP-01898,2025-09-28T19:33:00,analyst17@example.com,Midwest,retail,Mid-Market,data_platform,proposal,23703.84,110,29,1,True,0.164,True,A strong competitor is already deployed and switching costs are a concern. Primary contact: buyer210@example.com.,lost,0.0,Competitor preference and switching costs reduced win likelihood.
OPP-02856,2025-06-03T15:16:00,analyst06@example.com,South,technology,SMB,data_platform,qualification,37292.66,71,64,6,False,0.13,False,Stakeholders are interested but the business case is still being refined.,lost,0.0,Budget or timing constraints prevented the purchase.
OPP-01390,2025-06-10T22:31:00,analyst22@example.com,West,manufacturing,Enterprise,analytics,proposal,32906.49,105,48,3,True,0.252,True,The customer delayed the project and has not confirmed a decision timeline.,lost,0.0,Budget or timing constraints prevented the purchase.
OPP-02508,2025-05-10T22:51:00,analyst00@example.com,Midwest,financial_services,Mid-Market,analytics,qualification,63571.59,61,42,8,True,0.108,False,The customer delayed the project and has not confirmed a decision timeline.,lost,0.0,Budget or timing constraints prevented the purchase.
OPP-01267,2025-08-23T04:32:00,analyst13@example.com,Midwest,healthcare,SMB,analytics,negotiation,24356.42,114,58,0,True,0.184,True,Budget is uncertain and the main decision maker has not joined recent meetings.,won,23891.58,Strong executive sponsorship and clear ROI case.
OPP-02472,2025-01-12T19:21:00,analyst21@example.com,Northeast,manufacturing,Enterprise,security,proposal,24815.47,11,21,2,False,0.136,True,A strong competitor is already deployed and switching costs are a concern.,lost,0.0,Insufficient stakeholder engagement and unclear business case.
OPP-02361,2025-12-24T01:19:00,analyst24@example.com,West,technology,Enterprise,analytics,proposal,34284.22,65,63,0,True,0.266,True,Stakeholders are interested but the business case is still being refined.,won,33130.68,Strong executive sponsorship and clear ROI case.
OPP-00772,2025-07-22T23:39:00,analyst31@example.com,Northeast,technology,Enterprise,analytics,negotiation,144038.67,74,37,1,False,0.095,True,Engagement has slowed and the proposal has not received internal sponsorship.,lost,0.0,Competitor preference and switching costs reduced win likelihood.
OPP-02808,2025-06-23T09:36:00,analyst15@example.com,South,technology,SMB,security,discovery,8841.41,78,85,7,True,0.145,False,Customer is still comparing alternatives and gathering internal feedback.,won,8981.68,Good product fit and timely stakeholder engagement.
OPP-01771,2025-04-13T03:50:00,analyst04@example.com,Midwest,technology,Mid-Market,security,discovery,45709.09,139,83,9,False,0.046,False,Customer is still comparing alternatives and gathering internal feedback.,lost,0.0,Competitor preference and switching costs reduced win likelihood.
OPP-02876,2025-03-23T02:35:00,analyst26@example.com,South,financial_services,Mid-Market,automation,qualification,28546.83,113,65,1,False,0.159,True,Customer is still comparing alternatives and gathering internal feedback.,won,26881.09,Successful technical evaluation with approved budget.
OPP-01086,2025-12-31T10:50:00,analyst03@example.com,West,financial_services,SMB,security,qualification,19990.59,99,50,6,False,0.131,True,Customer is still comparing alternatives and gathering internal feedback. Primary contact: buyer031@example.com.,won,18525.8,Strong executive sponsorship and clear ROI case.
OPP-01733,2026-03-06T09:36:00,analyst23@example.com,West,healthcare,SMB,data_platform,negotiation,8137.37,18,32,9,False,0.217,True,Budget is uncertain and the main decision maker has not joined recent meetings. Primary contact: buyer045@example.com.,won,7847.32,Strong executive sponsorship and clear ROI case.
OPP-01546,2025-11-25T23:07:00,analyst07@example.com,South,technology,SMB,automation,proposal,58618.12,164,92,7,True,0.129,True,The customer delayed the project and has not confirmed a decision timeline.,won,56651.41,Good product fit and timely stakeholder engagement.
OPP-01326,2025-11-19T15:55:00,analyst15@example.com,South,manufacturing,SMB,security,qualification,48329.97,133,77,3,False,0.044,True,Decision makers attended the latest meeting and asked for a final proposal.,won,48646.68,Strong executive sponsorship and clear ROI case.
OPP-02125,2025-07-10T10:39:00,analyst16@example.com,Midwest,manufacturing,SMB,security,discovery,26581.42,16,25,0,True,0.247,False,A strong competitor is already deployed and switching costs are a concern.,lost,0.0,Budget or timing constraints prevented the purchase.
OPP-02529,2025-07-13T23:48:00,analyst21@example.com,Northeast,technology,Mid-Market,analytics,proposal,108543.6,179,26,1,False,0.065,True,A strong competitor is already deployed and switching costs are a concern. Primary contact: buyer208@example.com.,lost,0.0,Budget or timing constraints prevented the purchase.
OPP-01728,2025-03-23T22:32:00,analyst18@example.com,South,technology,SMB,data_platform,discovery,57397.98,107,54,6,True,0.137,True,The customer delayed the project and has not confirmed a decision timeline.,lost,0.0,Insufficient stakeholder engagement and unclear business case.
OPP-01660,2025-06-18T23:43:00,analyst07@example.com,Midwest,financial_services,Mid-Market,automation,negotiation,18847.36,115,87,2,False,0.01,True,Decision makers attended the latest meeting and asked for a final proposal. Primary contact: buyer183@example.com.,won,18465.49,Successful technical evaluation with approved budget.
OPP-02652,2025-10-18T21:48:00,analyst30@example.com,Midwest,healthcare,SMB,analytics,qualification,59525.72,98,68,2,False,0.109,False,The opportunity remains active but timing depends on the next planning cycle.,lost,0.0,Budget or timing constraints prevented the purchase.
OPP-02596,2025-03-20T11:07:00,analyst31@example.com,Midwest,technology,Mid-Market,data_platform,proposal,5087.87,112,80,9,True,0.097,True,A strong competitor is already deployed and switching costs are a concern. Primary contact: buyer064@example.com.,won,4958.69,Successful technical evaluation with approved budget.
OPP-01695,2025-02-06T07:46:00,analyst42@example.com,West,healthcare,SMB,automation,negotiation,88926.19,178,76,6,True,0.225,True,A strong competitor is already deployed and switching costs are a concern.,lost,0.0,Competitor preference and switching costs reduced win likelihood.
OPP-01742,2025-09-04T01:06:00,analyst32@example.com,West,financial_services,SMB,analytics,qualification,39923.65,50,15,2,True,0.177,False,Engagement has slowed and the proposal has not received internal sponsorship.,lost,0.0,Insufficient stakeholder engagement and unclear business case.
OPP-01164,2026-03-04T12:18:00,analyst24@example.com,West,financial_services,SMB,analytics,discovery,10948.28,169,26,10,False,0.074,True,Budget is uncertain and the main decision maker has not joined recent meetings. Primary contact: buyer109@example.com.,lost,0.0,Budget or timing constraints prevented the purchase.
OPP-00964,2025-09-10T08:38:00,analyst52@example.com,Midwest,retail,Mid-Market,data_platform,discovery,20263.69,60,34,2,False,0.257,False,The customer delayed the project and has not confirmed a decision timeline.,lost,0.0,Budget or timing constraints prevented the purchase.
OPP-02908,2025-02-25T23:14:00,analyst01@example.com,South,healthcare,Mid-Market,analytics,discovery,32491.11,46,69,1,False,0.009,False,Stakeholders are interested but the business case is still being refined. Primary contact: buyer165@example.com.,lost,0.0,Insufficient stakeholder engagement and unclear business case.
OPP-01676,2025-12-12T21:08:00,analyst23@example.com,South,healthcare,Enterprise,security,discovery,21287.08,105,70,0,True,0.238,False,A strong competitor is already deployed and switching costs are a concern.,lost,0.0,Insufficient stakeholder engagement and unclear business case.
OPP-00399,2025-05-01T02:31:00,analyst00@example.com,Northeast,manufacturing,Mid-Market,data_platform,discovery,29939.13,105,39,5,True,0.16,True,Budget is uncertain and the main decision maker has not joined recent meetings.,lost,0.0,Budget or timing constraints prevented the purchase.
OPP-00585,2025-06-25T15:48:00,analyst15@example.com,West,financial_services,SMB,automation,negotiation,17012.55,5,56,1,False,0.015,True,The opportunity remains active but timing depends on the next planning cycle.,lost,0.0,Budget or timing constraints prevented the purchase.
OPP-00949,2025-01-29T22:39:00,analyst37@example.com,South,retail,Enterprise,analytics,qualification,60244.63,110,100,2,False,0.207,False,Customer is still comparing alternatives and gathering internal feedback.,lost,0.0,Insufficient stakeholder engagement and unclear business case.
OPP-00705,2025-11-22T14:23:00,analyst21@example.com,Northeast,healthcare,Mid-Market,automation,discovery,28469.71,101,69,0,True,0.057,False,The customer delayed the project and has not confirmed a decision timeline.,lost,0.0,Budget or timing constraints prevented the purchase.
OPP-00432,2025-05-19T09:57:00,analyst33@example.com,Northeast,healthcare,Mid-Market,automation,proposal,15084.3,83,73,4,True,0.17,True,Discovery is ongoing and the team requested additional product information.,won,14134.29,Strong executive sponsorship and clear ROI case.
OPP-00293,2025-10-29T00:47:00,analyst08@example.com,Midwest,healthcare,SMB,analytics,proposal,38302.14,49,48,3,False,0.224,True,Discovery is ongoing and the team requested additional product information.,won,38767.03,Strong executive sponsorship and clear ROI case.
OPP-00146,2025-05-29T07:08:00,analyst32@example.com,West,healthcare,Mid-Market,automation,proposal,28893.52,133,68,6,False,0.023,True,Discovery is ongoing and the team requested additional product information.,won,26833.19,Successful technical evaluation with approved budget.
OPP-00324,2025-10-01T23:05:00,analyst39@example.com,West,retail,SMB,security,proposal,15116.78,158,26,2,True,0.133,True,The customer delayed the project and has not confirmed a decision timeline. Primary contact: buyer113@example.com.,lost,0.0,Insufficient stakeholder engagement and unclear business case.
OPP-02114,2025-04-14T16:17:00,analyst05@example.com,Midwest,technology,Enterprise,security,proposal,22502.21,14,27,6,False,0.098,True,Budget is uncertain and the main decision maker has not joined recent meetings.,lost,0.0,Insufficient stakeholder engagement and unclear business case.
OPP-01166,2025-02-02T06:14:00,analyst26@example.com,Northeast,manufacturing,Mid-Market,automation,negotiation,29494.79,123,59,7,False,0.185,True,The opportunity remains active but timing depends on the next planning cycle.,won,30223.31,Good product fit and timely stakeholder engagement.
OPP-01453,2025-10-06T10:56:00,analyst28@example.com,Midwest,financial_services,SMB,security,negotiation,48747.17,150,51,0,False,0.117,True,The opportunity remains active but timing depends on the next planning cycle.,lost,0.0,Competitor preference and switching costs reduced win likelihood.
OPP-00003,2025-07-14T17:46:00,analyst03@example.com,Midwest,manufacturing,Enterprise,data_platform,proposal,36587.51,63,52,1,False,0.243,True,Discovery is ongoing and the team requested additional product information.,lost,0.0,Budget or timing constraints prevented the purchase.
OPP-00577,2025-09-29T18:03:00,analyst07@example.com,Midwest,retail,Mid-Market,analytics,discovery,26774.02,172,88,7,True,0.12,True,A strong competitor is already deployed and switching costs are a concern.,won,26774.86,Successful technical evaluation with approved budget.
OPP-02537,2025-03-20T19:15:00,analyst29@example.com,Northeast,manufacturing,SMB,data_platform,discovery,58508.6,76,91,7,True,0.083,False,The opportunity remains active but timing depends on the next planning cycle.,won,60209.99,Successful technical evaluation with approved budget.
OPP-00340,2026-03-02T13:33:00,analyst55@example.com,West,retail,Mid-Market,automation,discovery,21848.23,101,93,10,True,0.274,False,Budget is uncertain and the main decision maker has not joined recent meetings. Primary contact: buyer129@example.com.,won,20938.83,Successful technical evaluation with approved budget.
OPP-01796,2025-07-26T09:56:00,analyst29@example.com,South,technology,Enterprise,security,negotiation,13721.23,163,18,3,True,0.004,True,Budget is uncertain and the main decision maker has not joined recent meetings.,lost,0.0,Budget or timing constraints prevented the purchase.
OPP-01599,2026-02-17T16:26:00,analyst03@example.com,West,technology,Mid-Market,analytics,qualification,24994.7,31,31,10,False,0.079,False,A strong competitor is already deployed and switching costs are a concern. Primary contact: buyer122@example.com.,lost,0.0,Competitor preference and switching costs reduced win likelihood.
OPP-00926,2025-03-03T00:22:00,analyst14@example.com,South,financial_services,Mid-Market,analytics,proposal,30441.62,88,28,0,False,0.196,True,Budget is uncertain and the main decision maker has not joined recent meetings.,lost,0.0,Budget or timing constraints prevented the purchase.
OPP-00266,2025-10-18T04:15:00,analyst38@example.com,Midwest,retail,Mid-Market,analytics,discovery,20213.0,15,46,8,False,0.275,True,Customer is still comparing alternatives and gathering internal feedback. Primary contact: buyer055@example.com.,lost,0.0,Competitor preference and switching costs reduced win likelihood.
OPP-00377,2025-09-21T18:27:00,analyst35@example.com,West,healthcare,SMB,automation,qualification,15140.68,97,95,10,True,0.211,False,Engagement has slowed and the proposal has not received internal sponsorship.,won,15252.82,Good product fit and timely stakeholder engagement.
OPP-01878,2025-07-22T08:19:00,analyst54@example.com,Northeast,retail,SMB,analytics,proposal,18748.6,174,32,6,True,0.184,True,Budget is uncertain and the main decision maker has not joined recent meetings.,lost,0.0,Budget or timing constraints prevented the purchase.
OPP-01464,2025-04-07T01:26:00,analyst39@example.com,Midwest,manufacturing,Enterprise,analytics,proposal,143983.03,85,60,7,False,0.25,True,Discovery is ongoing and the team requested additional product information. Primary contact: buyer198@example.com.,won,142470.98,Good product fit and timely stakeholder engagement.
OPP-00272,2025-07-29T10:57:00,analyst44@example.com,Northeast,healthcare,Mid-Market,analytics,proposal,15950.12,139,41,3,False,0.031,True,Budget is uncertain and the main decision maker has not joined recent meetings.,lost,0.0,Insufficient stakeholder engagement and unclear business case.
OPP-00697,2025-12-23T11:25:00,analyst13@example.com,West,technology,Mid-Market,security,qualification,39015.75,155,61,10,False,0.269,False,Stakeholders are interested but the business case is still being refined.,lost,0.0,Competitor preference and switching costs reduced win likelihood.
OPP-02980,2025-08-15T06:18:00,analyst16@example.com,South,technology,SMB,analytics,discovery,96810.17,28,16,4,False,0.207,False,A strong competitor is already deployed and switching costs are a concern.,lost,0.0,Budget or timing constraints prevented the purchase.
OPP-00245,2025-11-24T13:33:00,analyst17@example.com,West,financial_services,SMB,security,discovery,27408.87,80,84,7,True,0.052,False,Discovery is ongoing and the team requested additional product information. Primary contact: buyer034@example.com.,lost,0.0,Budget or timing constraints prevented the purchase.
OPP-02819,2025-12-13T20:17:00,analyst26@example.com,Northeast,technology,SMB,automation,negotiation,77235.31,133,94,5,False,0.167,True,Decision makers attended the latest meeting and asked for a final proposal.,won,73909.42,Good product fit and timely stakeholder engagement.
OPP-00477,2025-02-22T19:08:00,analyst21@example.com,Midwest,financial_services,Enterprise,analytics,discovery,21710.23,50,39,9,False,0.204,False,Engagement has slowed and the proposal has not received internal sponsorship.,won,20139.28,Strong executive sponsorship and clear ROI case.
OPP-02247,2025-02-17T02:10:00,analyst24@example.com,West,financial_services,SMB,security,negotiation,87103.67,84,30,4,False,0.091,True,Engagement has slowed and the proposal has not received internal sponsorship.,lost,0.0,Budget or timing constraints prevented the purchase.
OPP-01736,2025-07-07T04:05:00,analyst26@example.com,Northeast,healthcare,Mid-Market,analytics,negotiation,9624.68,136,19,3,True,0.197,True,The customer delayed the project and has not confirmed a decision timeline.,lost,0.0,Budget or timing constraints prevented the purchase.
OPP-01863,2025-02-11T11:46:00,analyst39@example.com,Midwest,financial_services,Mid-Market,analytics,proposal,34116.08,108,36,2,True,0.093,True,The customer delayed the project and has not confirmed a decision timeline.,won,33753.92,Successful technical evaluation with approved budget.
OPP-02300,2025-06-21T13:23:00,analyst20@example.com,South,financial_services,SMB,automation,negotiation,61379.94,103,63,4,True,0.011,True,The customer delayed the project and has not confirmed a decision timeline. Primary contact: buyer190@example.com.,lost,0.0,Insufficient stakeholder engagement and unclear business case.
OPP-02789,2026-03-03T20:36:00,analyst53@example.com,Midwest,healthcare,SMB,data_platform,discovery,6189.14,5,96,8,False,0.08,False,Discovery is ongoing and the team requested additional product information.,won,6123.76,Good product fit and timely stakeholder engagement.
OPP-02960,2025-03-31T06:48:00,analyst53@example.com,Northeast,healthcare,SMB,security,discovery,50963.86,74,24,9,True,0.226,False,The customer delayed the project and has not confirmed a decision timeline.,lost,0.0,Budget or timing constraints prevented the purchase.
OPP-01939,2025-03-19T11:39:00,analyst01@example.com,Midwest,manufacturing,SMB,analytics,discovery,76083.82,16,99,0,True,0.109,True,The opportunity remains active but timing depends on the next planning cycle.,won,71664.7,Successful technical evaluation with approved budget.
OPP-02720,2025-03-11T14:28:00,analyst41@example.com,Midwest,retail,SMB,data_platform,proposal,14017.2,104,59,6,False,0.194,True,Stakeholders are interested but the business case is still being refined.,won,13542.79,Successful technical evaluation with approved budget.
OPP-00251,2025-07-21T06:42:00,analyst23@example.com,South,retail,Mid-Market,data_platform,discovery,6817.95,5,19,4,False,0.145,False,The customer delayed the project and has not confirmed a decision timeline. Primary contact: buyer040@example.com.,lost,0.0,Insufficient stakeholder engagement and unclear business case.
OPP-00414,2025-01-08T09:11:00,analyst15@example.com,West,retail,SMB,analytics,discovery,5537.31,111,41,7,True,0.156,False,A strong competitor is already deployed and switching costs are a concern.,lost,0.0,Insufficient stakeholder engagement and unclear business case.
OPP-00546,2026-02-15T22:06:00,analyst33@example.com,Northeast,manufacturing,Mid-Market,data_platform,proposal,10713.27,56,57,0,True,0.153,True,Customer is still comparing alternatives and gathering internal feedback. Primary contact: buyer124@example.com.,lost,0.0,Budget or timing constraints prevented the purchase.
OPP-01194,2025-01-14T02:55:00,analyst54@example.com,Northeast,financial_services,Mid-Market,security,qualification,40065.37,42,98,0,False,0.271,False,Discovery is ongoing and the team requested additional product information.,lost,0.0,Competitor preference and switching costs reduced win likelihood.
OPP-00739,2025-06-22T10:43:00,analyst55@example.com,Midwest,technology,Mid-Market,data_platform,qualification,25694.1,174,87,0,True,0.095,False,The customer delayed the project and has not confirmed a decision timeline.,lost,0.0,Competitor preference and switching costs reduced win likelihood.
OPP-00311,2025-12-23T13:37:00,analyst26@example.com,Northeast,healthcare,SMB,security,discovery,15498.4,80,92,2,False,0.179,False,Customer is still comparing alternatives and gathering internal feedback.,lost,0.0,Insufficient stakeholder engagement and unclear business case.
OPP-01703,2025-06-08T12:18:00,analyst50@example.com,West,financial_services,SMB,data_platform,discovery,46085.63,118,53,4,False,0.047,False,The opportunity remains active but timing depends on the next planning cycle.,lost,0.0,Insufficient stakeholder engagement and unclear business case.
OPP-00894,2026-01-05T02:21:00,analyst39@example.com,Midwest,manufacturing,Mid-Market,security,discovery,46916.89,113,61,7,False,0.095,False,The opportunity remains active but timing depends on the next planning cycle.,won,44155.91,Strong executive sponsorship and clear ROI case.
OPP-01132,2025-02-25T04:44:00,analyst49@example.com,West,financial_services,SMB,data_platform,negotiation,68496.73,74,44,8,False,0.208,True,Discovery is ongoing and the team requested additional product information.,won,64122.31,Good product fit and timely stakeholder engagement.
OPP-01450,2025-08-08T01:30:00,analyst25@example.com,Midwest,retail,SMB,analytics,negotiation,7903.49,65,89,6,True,0.036,True,Discovery is ongoing and the team requested additional product information.,lost,0.0,Budget or timing constraints prevented the purchase.
OPP-02913,2025-08-28T20:43:00,analyst06@example.com,Northeast,manufacturing,SMB,data_platform,qualification,19217.25,31,69,4,False,0.259,True,Discovery is ongoing and the team requested additional product information.,won,18704.8,Strong executive sponsorship and clear ROI case.
OPP-00016,2025-04-06T14:14:00,analyst16@example.com,South,healthcare,SMB,automation,proposal,10687.72,72,79,7,True,0.254,True,Stakeholders are interested but the business case is still being refined.,won,9836.87,Strong executive sponsorship and clear ROI case.
OPP-01966,2026-02-23T17:03:00,analyst28@example.com,Midwest,financial_services,Mid-Market,analytics,discovery,46135.79,39,36,7,True,0.207,False,Engagement has slowed and the proposal has not received internal sponsorship.,lost,0.0,Budget or timing constraints prevented the purchase.
OPP-00722,2025-07-04T21:04:00,analyst38@example.com,West,financial_services,Enterprise,data_platform,qualification,14837.74,143,96,1,False,0.053,True,Technical evaluation is progressing well and the customer requested implementation details. Primary contact: buyer089@example.com.,won,13767.15,Good product fit and timely stakeholder engagement.
OPP-01421,2025-02-28T18:50:00,analyst53@example.com,Midwest,technology,SMB,security,qualification,16516.31,170,97,8,True,0.166,False,Budget is uncertain and the main decision maker has not joined recent meetings.,won,16761.0,Successful technical evaluation with approved budget.
OPP-02639,2025-01-31T14:52:00,analyst17@example.com,South,technology,SMB,data_platform,discovery,7543.97,151,88,5,False,0.255,False,Customer is still comparing alternatives and gathering internal feedback.,won,7211.93,Good product fit and timely stakeholder engagement.
OPP-00982,2025-10-16T20:53:00,analyst13@example.com,South,financial_services,SMB,automation,qualification,26570.35,109,41,10,True,0.084,False,Engagement has slowed and the proposal has not received internal sponsorship.,lost,0.0,Insufficient stakeholder engagement and unclear business case.
OPP-02094,2026-01-27T10:40:00,analyst42@example.com,West,manufacturing,Mid-Market,automation,qualification,26345.05,13,94,5,True,0.228,False,Discovery is ongoing and the team requested additional product information.,won,25167.17,Good product fit and timely stakeholder engagement.
OPP-01540,2025-04-10T14:33:00,analyst01@example.com,West,healthcare,Mid-Market,security,proposal,10952.77,41,93,8,False,0.127,True,Budget is approved and procurement has provided a target decision date. Primary contact: buyer063@example.com.,won,10150.4,Good product fit and timely stakeholder engagement.
OPP-02536,2026-02-15T14:28:00,analyst28@example.com,South,retail,SMB,automation,qualification,16359.75,30,28,3,True,0.259,False,The customer delayed the project and has not confirmed a decision timeline. Primary contact: buyer004@example.com.,lost,0.0,Budget or timing constraints prevented the purchase.
OPP-01551,2025-02-25T22:44:00,analyst12@example.com,Northeast,technology,Enterprise,analytics,proposal,17139.24,23,83,4,True,0.119,True,The opportunity remains active but timing depends on the next planning cycle.,lost,0.0,Budget or timing constraints prevented the purchase.
OPP-02530,2025-01-31T03:23:00,analyst22@example.com,South,financial_services,SMB,security,qualification,23802.55,30,33,7,False,0.216,False,Engagement has slowed and the proposal has not received internal sponsorship.,lost,0.0,Insufficient stakeholder engagement and unclear business case.
OPP-00364,2025-09-25T21:46:00,analyst22@example.com,Northeast,technology,Enterprise,automation,discovery,20288.39,172,34,1,True,0.224,False,A strong competitor is already deployed and switching costs are a concern.,lost,0.0,Budget or timing constraints prevented the purchase.
OPP-02013,2025-08-08T00:58:00,analyst18@example.com,West,retail,Mid-Market,data_platform,qualification,23414.77,119,83,8,False,0.106,False,Discovery is ongoing and the team requested additional product information.,lost,0.0,Budget or timing constraints prevented the purchase.
OPP-00183,2025-03-17T02:57:00,analyst12@example.com,West,technology,SMB,security,proposal,24449.98,56,62,0,False,0.212,True,Discovery is ongoing and the team requested additional product information. Primary contact: buyer183@example.com.,won,23333.35,Successful technical evaluation with approved budget.
OPP-00986,2025-05-07T08:07:00,analyst17@example.com,West,retail,SMB,analytics,discovery,19112.61,161,93,5,False,0.088,False,The opportunity remains active but timing depends on the next planning cycle.,won,17701.44,Strong executive sponsorship and clear ROI case.
OPP-02006,2026-03-03T03:36:00,analyst11@example.com,South,manufacturing,SMB,automation,discovery,34015.12,157,55,9,False,0.11,False,The opportunity remains active but timing depends on the next planning cycle.,lost,0.0,Insufficient stakeholder engagement and unclear business case.
OPP-01195,2026-01-16T22:30:00,analyst55@example.com,West,financial_services,Enterprise,automation,qualification,41136.52,141,70,7,True,0.102,False,The customer delayed the project and has not confirmed a decision timeline.,lost,0.0,Insufficient stakeholder engagement and unclear business case.
OPP-02648,2025-10-09T07:41:00,analyst26@example.com,South,financial_services,Mid-Market,automation,negotiation,13017.15,142,46,1,False,0.104,True,Stakeholders are interested but the business case is still being refined.,won,12272.59,Strong executive sponsorship and clear ROI case.
OPP-01689,2025-04-01T13:53:00,analyst36@example.com,Midwest,financial_services,Mid-Market,analytics,discovery,15617.58,170,74,10,True,0.148,False,Budget is uncertain and the main decision maker has not joined recent meetings. Primary contact: buyer001@example.com.,lost,0.0,Insufficient stakeholder engagement and unclear business case.
OPP-01122,2025-08-11T05:27:00,analyst39@example.com,West,healthcare,SMB,security,proposal,6627.69,159,17,0,False,0.062,True,The customer delayed the project and has not confirmed a decision timeline.,lost,0.0,Budget or timing constraints prevented the purchase.
OPP-00188,2025-01-30T01:20:00,analyst17@example.com,Northeast,manufacturing,Mid-Market,automation,negotiation,40656.35,30,47,10,True,0.277,True,Stakeholders are interested but the business case is still being refined. Primary contact: buyer188@example.com.,lost,0.0,Budget or timing constraints prevented the purchase.
OPP-00620,2026-01-06T16:16:00,analyst50@example.com,West,retail,Mid-Market,automation,proposal,37215.79,79,64,4,False,0.008,True,The opportunity remains active but timing depends on the next planning cycle. Primary contact: buyer198@example.com.,won,35300.53,Strong executive sponsorship and clear ROI case.
OPP-01989,2025-11-22T00:41:00,analyst51@example.com,West,retail,Mid-Market,data_platform,proposal,16884.03,162,31,2,True,0.101,True,Engagement has slowed and the proposal has not received internal sponsorship.,lost,0.0,Competitor preference and switching costs reduced win likelihood.
OPP-01176,2025-02-20T21:33:00,analyst36@example.com,West,technology,Mid-Market,automation,negotiation,20989.54,26,57,4,False,0.036,True,Stakeholders are interested but the business case is still being refined.,won,20902.85,Good product fit and timely stakeholder engagement.
OPP-01183,2025-02-23T15:51:00,analyst43@example.com,West,technology,SMB,automation,proposal,136366.39,141,98,1,False,0.255,True,Technical evaluation is progressing well and the customer requested implementation details.,lost,0.0,Budget or timing constraints prevented the purchase.
OPP-02390,2025-08-01T07:59:00,analyst53@example.com,South,technology,SMB,security,discovery,98221.05,18,83,3,False,0.11,False,Customer is still comparing alternatives and gathering internal feedback. Primary contact: buyer069@example.com.,lost,0.0,Competitor preference and switching costs reduced win likelihood.
OPP-02679,2025-05-07T13:04:00,analyst00@example.com,West,retail,Enterprise,security,proposal,33313.44,139,28,9,False,0.035,True,Engagement has slowed and the proposal has not received internal sponsorship.,lost,0.0,Budget or timing constraints prevented the purchase.
OPP-00615,2025-06-28T18:30:00,analyst45@example.com,Midwest,technology,Mid-Market,security,proposal,14846.18,66,37,7,False,0.258,True,A strong competitor is already deployed and switching costs are a concern.,lost,0.0,Competitor preference and switching costs reduced win likelihood.
OPP-01514,2025-03-31T07:03:00,analyst32@example.com,West,retail,SMB,security,negotiation,22052.7,9,98,9,False,0.114,True,Decision makers attended the latest meeting and asked for a final proposal. Primary contact: buyer037@example.com.,won,22163.23,Good product fit and timely stakeholder engagement.
OPP-01467,2025-03-25T18:26:00,analyst42@example.com,Northeast,technology,SMB,data_platform,proposal,25349.94,17,42,9,True,0.233,True,A strong competitor is already deployed and switching costs are a concern. Primary contact: buyer201@example.com.,lost,0.0,Competitor preference and switching costs reduced win likelihood.
OPP-00402,2025-01-20T05:53:00,analyst03@example.com,Northeast,manufacturing,Mid-Market,automation,negotiation,70838.47,121,64,7,False,0.246,True,The opportunity remains active but timing depends on the next planning cycle.,lost,0.0,Insufficient stakeholder engagement and unclear business case.
OPP-00995,2025-04-08T18:41:00,analyst26@example.com,South,retail,SMB,automation,qualification,24565.57,120,78,7,True,0.048,False,Engagement has slowed and the proposal has not received internal sponsorship.,won,22983.39,Strong executive sponsorship and clear ROI case.
OPP-00935,2025-04-10T10:11:00,analyst23@example.com,South,financial_services,SMB,analytics,qualification,21148.09,96,46,0,False,0.269,False,Customer is still comparing alternatives and gathering internal feedback. Primary contact: buyer091@example.com.,won,20489.28,Successful technical evaluation with approved budget.
OPP-00372,2025-10-12T14:13:00,analyst30@example.com,Midwest,retail,Mid-Market,analytics,qualification,47183.96,117,44,8,True,0.255,False,Engagement has slowed and the proposal has not received internal sponsorship. Primary contact: buyer161@example.com.,lost,0.0,Competitor preference and switching costs reduced win likelihood.
OPP-01938,2026-01-08T18:14:00,analyst00@example.com,Midwest,healthcare,Enterprise,data_platform,qualification,53840.47,89,73,9,False,0.239,False,The opportunity remains active but timing depends on the next planning cycle. Primary contact: buyer039@example.com.,won,53287.21,Strong executive sponsorship and clear ROI case.
OPP-02171,2025-12-30T08:29:00,analyst05@example.com,South,retail,Mid-Market,data_platform,qualification,21636.75,132,77,10,False,0.022,False,The opportunity remains active but timing depends on the next planning cycle. Primary contact: buyer061@example.com.,won,21185.05,Good product fit and timely stakeholder engagement.
OPP-00594,2025-07-30T13:12:00,analyst24@example.com,Northeast,retail,SMB,data_platform,discovery,38541.03,166,36,0,False,0.164,True,Engagement has slowed and the proposal has not received internal sponsorship.,lost,0.0,Insufficient stakeholder engagement and unclear business case.
OPP-01926,2025-02-05T16:08:00,analyst45@example.com,Midwest,healthcare,SMB,data_platform,proposal,15242.53,81,81,8,True,0.24,True,Stakeholders are interested but the business case is still being refined.,won,14984.61,Good product fit and timely stakeholder engagement.
OPP-00727,2025-03-16T06:30:00,analyst43@example.com,West,technology,Mid-Market,analytics,qualification,27816.66,172,37,6,True,0.051,False,Engagement has slowed and the proposal has not received internal sponsorship.,lost,0.0,Budget or timing constraints prevented the purchase.
OPP-00827,2025-03-16T08:34:00,analyst29@example.com,West,financial_services,SMB,automation,negotiation,12930.46,48,40,5,False,0.112,True,A strong competitor is already deployed and switching costs are a concern.,lost,0.0,Budget or timing constraints prevented the purchase.
OPP-02497,2025-11-11T04:22:00,analyst46@example.com,West,retail,Enterprise,automation,discovery,22549.55,84,17,5,True,0.188,False,A strong competitor is already deployed and switching costs are a concern.,lost,0.0,Competitor preference and switching costs reduced win likelihood.
OPP-00688,2025-12-25T10:15:00,analyst04@example.com,South,retail,SMB,analytics,qualification,22463.48,48,17,9,False,0.229,False,A strong competitor is already deployed and switching costs are a concern.,lost,0.0,Budget or timing constraints prevented the purchase.
OPP-02403,2025-01-18T13:03:00,analyst09@example.com,Midwest,technology,SMB,automation,proposal,35723.97,74,26,8,True,0.218,True,The customer delayed the project and has not confirmed a decision timeline. Primary contact: buyer082@example.com.,lost,0.0,Competitor preference and switching costs reduced win likelihood.
OPP-00137,2025-08-25T00:15:00,analyst23@example.com,Midwest,healthcare,Enterprise,analytics,discovery,5330.66,155,59,9,False,0.046,True,The opportunity remains active but timing depends on the next planning cycle.,won,5220.13,Good product fit and timely stakeholder engagement.
OPP-02638,2025-05-13T11:54:00,analyst16@example.com,Midwest,manufacturing,Enterprise,data_platform,negotiation,12533.75,174,35,2,False,0.072,True,Engagement has slowed and the proposal has not received internal sponsorship.,lost,0.0,Budget or timing constraints prevented the purchase.
OPP-00629,2025-02-10T14:34:00,analyst02@example.com,West,healthcare,SMB,data_platform,discovery,52276.94,42,54,5,False,0.232,False,Customer is still comparing alternatives and gathering internal feedback.,lost,0.0,Competitor preference and switching costs reduced win likelihood.
OPP-00335,2025-12-25T08:10:00,analyst50@example.com,Midwest,retail,SMB,data_platform,discovery,70000.1,118,43,8,True,0.276,False,The customer delayed the project and has not confirmed a decision timeline. Primary contact: buyer124@example.com.,lost,0.0,Insufficient stakeholder engagement and unclear business case.
OPP-00391,2025-04-02T18:31:00,analyst49@example.com,South,retail,Mid-Market,security,negotiation,18836.65,146,67,1,False,0.114,True,Customer is still comparing alternatives and gathering internal feedback. Primary contact: buyer180@example.com.,won,18679.75,Good product fit and timely stakeholder engagement.
OPP-02315,2025-10-24T18:10:00,analyst35@example.com,South,retail,SMB,security,discovery,28174.48,68,51,7,True,0.253,True,Stakeholders are interested but the business case is still being refined.,won,25984.34,Strong executive sponsorship and clear ROI case.
OPP-01110,2026-01-14T19:33:00,analyst27@example.com,South,financial_services,Enterprise,automation,proposal,78768.61,29,60,9,False,0.046,True,The opportunity remains active but timing depends on the next planning cycle.,won,72963.86,Successful technical evaluation with approved budget.
OPP-01784,2025-07-05T09:49:00,analyst17@example.com,South,retail,SMB,data_platform,proposal,28019.55,148,60,10,False,0.183,True,Customer is still comparing alternatives and gathering internal feedback. Primary contact: buyer096@example.com.,won,28508.63,Strong executive sponsorship and clear ROI case.
OPP-02704,2025-04-01T03:53:00,analyst25@example.com,Midwest,manufacturing,SMB,security,discovery,10849.8,10,63,8,True,0.189,False,The opportunity remains active but timing depends on the next planning cycle.,lost,0.0,Insufficient stakeholder engagement and unclear business case.
OPP-00711,2025-08-27T11:45:00,analyst27@example.com,Northeast,healthcare,Mid-Market,data_platform,discovery,54473.58,43,83,0,False,0.208,False,Discovery is ongoing and the team requested additional product information.,won,52119.96,Successful technical evaluation with approved budget.
OPP-01040,2026-01-04T12:59:00,analyst14@example.com,West,technology,Mid-Market,automation,proposal,34994.91,16,68,7,True,0.195,True,Customer is still comparing alternatives and gathering internal feedback.,lost,0.0,Budget or timing constraints prevented the purchase.
OPP-01899,2026-02-21T14:22:00,analyst18@example.com,Northeast,manufacturing,SMB,security,proposal,23264.47,84,86,6,False,0.155,True,Decision makers attended the latest meeting and asked for a final proposal.,lost,0.0,Budget or timing constraints prevented the purchase.
OPP-01865,2025-04-18T14:13:00,analyst41@example.com,West,financial_services,Mid-Market,security,qualification,16573.58,13,51,4,True,0.102,False,Discovery is ongoing and the team requested additional product information.,lost,0.0,Competitor preference and switching costs reduced win likelihood.
OPP-02601,2025-09-04T03:18:00,analyst36@example.com,Midwest,financial_services,Mid-Market,security,proposal,25396.88,93,58,9,True,0.138,True,Discovery is ongoing and the team requested additional product information.,lost,0.0,Competitor preference and switching costs reduced win likelihood.
OPP-01562,2025-02-02T16:55:00,analyst23@example.com,West,retail,Mid-Market,data_platform,negotiation,35361.85,160,82,4,True,0.14,True,The customer delayed the project and has not confirmed a decision timeline.,won,33810.07,Strong executive sponsorship and clear ROI case.
OPP-02763,2025-05-14T10:49:00,analyst27@example.com,South,healthcare,Enterprise,data_platform,negotiation,32920.32,36,77,3,False,0.221,True,Budget is approved and procurement has provided a target decision date.,won,33107.06,Successful technical evaluation with approved budget.
OPP-01595,2025-07-03T17:52:00,analyst56@example.com,Northeast,manufacturing,SMB,analytics,proposal,32442.72,179,61,0,False,0.019,True,Customer is still comparing alternatives and gathering internal feedback. Primary contact: buyer118@example.com.,lost,0.0,Insufficient stakeholder engagement and unclear business case.
OPP-02526,2025-05-11T00:31:00,analyst18@example.com,West,manufacturing,Mid-Market,automation,negotiation,15110.72,33,62,6,False,0.188,True,Customer is still comparing alternatives and gathering internal feedback.,won,15316.24,Strong executive sponsorship and clear ROI case.
OPP-01113,2025-11-01T08:26:00,analyst30@example.com,West,financial_services,Mid-Market,data_platform,discovery,30566.69,69,38,10,True,0.238,True,A strong competitor is already deployed and switching costs are a concern.,won,30157.2,Strong executive sponsorship and clear ROI case.
OPP-00466,2025-12-21T04:13:00,analyst10@example.com,Midwest,retail,Mid-Market,security,qualification,14263.49,8,45,0,False,0.096,False,Stakeholders are interested but the business case is still being refined.,lost,0.0,Competitor preference and switching costs reduced win likelihood.
OPP-01561,2026-01-17T09:31:00,analyst22@example.com,Midwest,healthcare,SMB,data_platform,discovery,22492.53,88,52,1,False,0.008,False,Customer is still comparing alternatives and gathering internal feedback.,lost,0.0,Insufficient stakeholder engagement and unclear business case.
OPP-01224,2025-02-22T20:04:00,analyst27@example.com,Midwest,retail,SMB,data_platform,proposal,56155.13,145,98,0,True,0.12,True,A strong competitor is already deployed and switching costs are a concern. Primary contact: buyer169@example.com.,lost,0.0,Insufficient stakeholder engagement and unclear business case.
OPP-02249,2025-04-05T21:27:00,analyst26@example.com,Northeast,healthcare,Mid-Market,data_platform,discovery,8789.53,7,81,8,False,0.249,False,Customer is still comparing alternatives and gathering internal feedback.,lost,0.0,Insufficient stakeholder engagement and unclear business case.
OPP-02973,2025-01-06T11:05:00,analyst09@example.com,South,retail,Mid-Market,data_platform,proposal,8025.73,155,94,2,False,0.249,True,Budget is approved and procurement has provided a target decision date.,won,8162.63,Successful technical evaluation with approved budget.
OPP-02354,2025-01-02T00:56:00,analyst17@example.com,West,healthcare,Mid-Market,security,proposal,47017.93,58,40,8,True,0.175,True,A strong competitor is already deployed and switching costs are a concern.,lost,0.0,Competitor preference and switching costs reduced win likelihood.
OPP-01509,2025-08-26T21:34:00,analyst27@example.com,Midwest,financial_services,SMB,security,qualification,10933.16,10,85,4,True,0.132,False,Stakeholders are interested but the business case is still being refined.,won,10815.25,Strong executive sponsorship and clear ROI case.
OPP-01105,2025-03-15T01:26:00,analyst22@example.com,Midwest,healthcare,SMB,analytics,discovery,66850.84,169,26,9,True,0.125,False,Engagement has slowed and the proposal has not received internal sponsorship. Primary contact: buyer050@example.com.,lost,0.0,Budget or timing constraints prevented the purchase.
OPP-02004,2025-02-09T12:31:00,analyst09@example.com,South,manufacturing,Enterprise,analytics,proposal,7501.4,91,65,6,True,0.005,True,Discovery is ongoing and the team requested additional product information.,won,7665.03,Good product fit and timely stakeholder engagement.
OPP-00339,2025-12-24T13:02:00,analyst54@example.com,West,technology,SMB,data_platform,negotiation,26329.43,50,86,10,False,0.085,True,Decision makers attended the latest meeting and asked for a final proposal.,won,25870.62,Strong executive sponsorship and clear ROI case.
OPP-00216,2025-01-14T21:24:00,analyst45@example.com,Northeast,retail,Mid-Market,security,qualification,31419.95,166,80,0,False,0.041,True,Decision makers attended the latest meeting and asked for a final proposal.,lost,0.0,Insufficient stakeholder engagement and unclear business case.
OPP-01616,2026-02-21T23:19:00,analyst20@example.com,West,healthcare,SMB,automation,proposal,37508.97,170,92,6,False,0.102,True,Technical evaluation is progressing well and the customer requested implementation details.,won,35388.67,Good product fit and timely stakeholder engagement.
OPP-02531,2025-03-13T18:18:00,analyst23@example.com,Northeast,financial_services,Mid-Market,automation,qualification,9452.44,41,38,0,True,0.145,False,Engagement has slowed and the proposal has not received internal sponsorship.,lost,0.0,Insufficient stakeholder engagement and unclear business case.
OPP-02520,2025-12-12T02:40:00,analyst12@example.com,South,financial_services,SMB,data_platform,proposal,41566.81,162,23,6,False,0.062,True,The customer delayed the project and has not confirmed a decision timeline. Primary contact: buyer199@example.com.,lost,0.0,Insufficient stakeholder engagement and unclear business case.
OPP-02810,2025-12-24T01:33:00,analyst17@example.com,Midwest,financial_services,Mid-Market,analytics,proposal,46564.22,41,40,10,True,0.073,True,A strong competitor is already deployed and switching costs are a concern. Primary contact: buyer067@example.com.,lost,0.0,Budget or timing constraints prevented the purchase.
OPP-01593,2025-06-10T22:19:00,analyst54@example.com,Midwest,technology,SMB,data_platform,proposal,53978.23,110,69,0,True,0.278,True,A strong competitor is already deployed and switching costs are a concern. Primary contact: buyer116@example.com.,lost,0.0,Budget or timing constraints prevented the purchase.
OPP-01851,2025-08-31T21:13:00,analyst27@example.com,South,retail,Mid-Market,analytics,qualification,47384.73,134,29,1,False,0.276,False,Budget is uncertain and the main decision maker has not joined recent meetings. Primary contact: buyer163@example.com.,lost,0.0,Budget or timing constraints prevented the purchase.
OPP-01698,2025-06-26T23:12:00,analyst45@example.com,Midwest,financial_services,SMB,analytics,discovery,19203.41,87,35,1,False,0.162,False,Engagement has slowed and the proposal has not received internal sponsorship.,lost,0.0,Insufficient stakeholder engagement and unclear business case.
OPP-02528,2025-12-29T23:23:00,analyst20@example.com,Midwest,manufacturing,SMB,automation,proposal,14223.11,150,80,4,False,0.024,True,Decision makers attended the latest meeting and asked for a final proposal.,lost,0.0,Insufficient stakeholder engagement and unclear business case.
OPP-00817,2026-01-26T02:25:00,analyst19@example.com,Midwest,manufacturing,Enterprise,security,proposal,54614.06,165,68,9,False,0.105,True,Stakeholders are interested but the business case is still being refined. Primary contact: buyer184@example.com.,won,52020.45,Good product fit and timely stakeholder engagement.
OPP-01068,2025-11-19T04:28:00,analyst42@example.com,South,retail,Mid-Market,automation,discovery,115505.3,104,59,6,False,0.24,True,Stakeholders are interested but the business case is still being refined.,won,117093.86,Successful technical evaluation with approved budget.
OPP-02019,2026-02-18T09:51:00,analyst24@example.com,West,healthcare,SMB,automation,qualification,11202.67,168,18,0,True,0.003,False,The customer delayed the project and has not confirmed a decision timeline.,lost,0.0,Competitor preference and switching costs reduced win likelihood.
OPP-00275,2025-02-11T03:03:00,analyst47@example.com,Northeast,healthcare,SMB,analytics,negotiation,74871.48,126,19,10,True,0.044,True,Engagement has slowed and the proposal has not received internal sponsorship.,lost,0.0,Competitor preference and switching costs reduced win likelihood.
OPP-02250,2025-05-28T03:30:00,analyst27@example.com,Midwest,healthcare,Enterprise,automation,proposal,51324.13,124,41,4,False,0.01,True,Engagement has slowed and the proposal has not received internal sponsorship. Primary contact: buyer140@example.com.,lost,0.0,Competitor preference and switching costs reduced win likelihood.
OPP-00866,2026-03-07T13:11:00,analyst11@example.com,Northeast,healthcare,Enterprise,automation,qualification,24442.81,46,76,3,False,0.078,True,Decision makers attended the latest meeting and asked for a final proposal.,won,23646.82,Strong executive sponsorship and clear ROI case.
OPP-00102,2025-08-30T03:07:00,analyst45@example.com,Northeast,technology,SMB,analytics,negotiation,19672.17,169,84,8,False,0.263,True,Decision makers attended the latest meeting and asked for a final proposal.,lost,0.0,Budget or timing constraints prevented the purchase.
OPP-01502,2025-11-09T20:53:00,analyst20@example.com,West,manufacturing,SMB,data_platform,negotiation,17259.1,52,93,6,False,0.072,True,Budget is approved and procurement has provided a target decision date.,won,17399.9,Strong executive sponsorship and clear ROI case.
OPP-02155,2025-12-21T11:28:00,analyst46@example.com,South,retail,Mid-Market,automation,discovery,126098.8,144,88,6,True,0.106,False,Budget is uncertain and the main decision maker has not joined recent meetings.,lost,0.0,Budget or timing constraints prevented the purchase.
OPP-00172,2025-01-29T13:46:00,analyst01@example.com,Northeast,technology,Mid-Market,analytics,proposal,52401.56,172,77,9,False,0.01,True,Technical evaluation is progressing well and the customer requested implementation details.,won,52207.82,Good product fit and timely stakeholder engagement.
OPP-00108,2025-01-03T20:42:00,analyst51@example.com,Midwest,retail,SMB,security,discovery,54112.4,143,32,10,False,0.033,False,A strong competitor is already deployed and switching costs are a concern.,lost,0.0,Budget or timing constraints prevented the purchase.
OPP-01877,2025-10-14T08:36:00,analyst53@example.com,Northeast,financial_services,SMB,security,proposal,73758.81,146,95,6,False,0.27,True,Technical evaluation is progressing well and the customer requested implementation details.,won,71655.23,Good product fit and timely stakeholder engagement.
OPP-01522,2026-02-13T17:03:00,analyst40@example.com,South,retail,SMB,data_platform,proposal,48961.13,138,77,8,False,0.189,True,Technical evaluation is progressing well and the customer requested implementation details.,lost,0.0,Insufficient stakeholder engagement and unclear business case.
OPP-02994,2026-02-23T05:08:00,analyst30@example.com,Northeast,retail,Enterprise,automation,proposal,89567.44,30,38,10,True,0.28,True,Budget is uncertain and the main decision maker has not joined recent meetings. Primary contact: buyer040@example.com.,lost,0.0,Competitor preference and switching costs reduced win likelihood.
OPP-02534,2025-09-26T07:34:00,analyst26@example.com,West,financial_services,SMB,data_platform,discovery,14865.59,46,21,1,False,0.094,True,Engagement has slowed and the proposal has not received internal sponsorship.,lost,0.0,Insufficient stakeholder engagement and unclear business case.
OPP-02697,2025-01-02T04:23:00,analyst18@example.com,Midwest,retail,Mid-Market,automation,discovery,29944.17,6,26,3,True,0.037,False,A strong competitor is already deployed and switching costs are a concern.,lost,0.0,Competitor preference and switching costs reduced win likelihood.
OPP-01778,2025-08-14T13:16:00,analyst11@example.com,Northeast,healthcare,SMB,analytics,qualification,33624.81,7,77,1,True,0.113,False,Customer is still comparing alternatives and gathering internal feedback.,won,31587.78,Strong executive sponsorship and clear ROI case.
OPP-02145,2025-03-27T13:52:00,analyst36@example.com,Midwest,financial_services,Mid-Market,analytics,discovery,29008.34,5,71,2,True,0.063,True,The opportunity remains active but timing depends on the next planning cycle.,lost,0.0,Budget or timing constraints prevented the purchase.
OPP-01978,2025-04-16T07:50:00,analyst40@example.com,West,manufacturing,Mid-Market,automation,negotiation,32569.41,40,96,1,True,0.268,True,Stakeholders are interested but the business case is still being refined.,won,32743.19,Successful technical evaluation with approved budget.
OPP-02737,2026-02-02T09:38:00,analyst01@example.com,West,financial_services,SMB,automation,qualification,50478.07,160,39,2,True,0.13,False,The customer delayed the project and has not confirmed a decision timeline.,lost,0.0,Competitor preference and switching costs reduced win likelihood.
OPP-02346,2025-06-26T09:13:00,analyst09@example.com,West,retail,Mid-Market,data_platform,proposal,88016.54,111,81,1,True,0.139,True,A strong competitor is already deployed and switching costs are a concern. Primary contact: buyer025@example.com.,won,87703.34,Good product fit and timely stakeholder engagement.
OPP-02581,2025-05-16T17:42:00,analyst16@example.com,South,retail,Enterprise,automation,negotiation,53553.47,62,97,1,True,0.069,True,Stakeholders are interested but the business case is still being refined.,won,49909.99,Successful technical evaluation with approved budget.
OPP-02099,2025-09-29T20:17:00,analyst47@example.com,South,healthcare,SMB,automation,discovery,25537.54,54,82,0,False,0.169,False,Customer is still comparing alternatives and gathering internal feedback.,won,24485.89,Successful technical evaluation with approved budget.
OPP-00296,2025-03-17T23:54:00,analyst11@example.com,Midwest,manufacturing,SMB,automation,proposal,32284.53,91,38,5,False,0.188,True,Budget is uncertain and the main decision maker has not joined recent meetings.,lost,0.0,Insufficient stakeholder engagement and unclear business case.
OPP-00713,2025-10-12T20:55:00,analyst29@example.com,South,manufacturing,Enterprise,data_platform,discovery,35614.02,69,42,8,True,0.003,False,Engagement has slowed and the proposal has not received internal sponsorship.,lost,0.0,Competitor preference and switching costs reduced win likelihood.
OPP-00073,2025-04-06T18:14:00,analyst16@example.com,Midwest,technology,SMB,automation,negotiation,12547.04,54,43,2,True,0.083,True,Customer is still comparing alternatives and gathering internal feedback.,lost,0.0,Insufficient stakeholder engagement and unclear business case.
OPP-01968,2025-05-11T12:03:00,analyst30@example.com,Northeast,financial_services,SMB,analytics,qualification,47512.48,177,22,6,True,0.122,False,Budget is uncertain and the main decision maker has not joined recent meetings.,lost,0.0,Insufficient stakeholder engagement and unclear business case.
OPP-02275,2025-05-16T23:05:00,analyst52@example.com,West,manufacturing,SMB,analytics,negotiation,16663.61,66,56,9,True,0.203,True,The opportunity remains active but timing depends on the next planning cycle.,lost,0.0,Competitor preference and switching costs reduced win likelihood.
OPP-02567,2025-03-30T20:06:00,analyst02@example.com,Northeast,technology,Enterprise,analytics,discovery,21914.95,113,44,2,False,0.208,False,The opportunity remains active but timing depends on the next planning cycle.,lost,0.0,Competitor preference and switching costs reduced win likelihood.
OPP-02891,2025-10-05T18:12:00,analyst41@example.com,West,healthcare,Mid-Market,security,qualification,26110.45,151,80,4,True,0.099,False,Engagement has slowed and the proposal has not received internal sponsorship.,lost,0.0,Budget or timing constraints prevented the purchase.
OPP-00482,2025-07-23T02:43:00,analyst26@example.com,West,healthcare,Enterprise,analytics,proposal,41809.6,42,64,7,False,0.22,True,Customer is still comparing alternatives and gathering internal feedback. Primary contact: buyer060@example.com.,won,42878.02,Successful technical evaluation with approved budget.
OPP-02224,2025-10-21T18:38:00,analyst01@example.com,South,financial_services,Mid-Market,analytics,qualification,42903.5,28,91,4,True,0.242,False,Stakeholders are interested but the business case is still being refined. Primary contact: buyer114@example.com.,won,40586.04,Good product fit and timely stakeholder engagement.
OPP-01531,2025-09-28T11:19:00,analyst49@example.com,Northeast,retail,SMB,security,proposal,16108.66,43,84,10,True,0.199,True,The opportunity remains active but timing depends on the next planning cycle. Primary contact: buyer054@example.com.,won,16479.95,Strong executive sponsorship and clear ROI case.
OPP-02976,2025-07-30T09:09:00,analyst12@example.com,Midwest,technology,SMB,security,qualification,18963.0,112,26,10,False,0.15,False,Budget is uncertain and the main decision maker has not joined recent meetings.,lost,0.0,Insufficient stakeholder engagement and unclear business case.
OPP-01515,2025-02-12T00:47:00,analyst33@example.com,Midwest,financial_services,Mid-Market,data_platform,qualification,19607.01,174,85,0,True,0.234,True,The customer delayed the project and has not confirmed a decision timeline.,lost,0.0,Insufficient stakeholder engagement and unclear business case.
OPP-02967,2025-03-31T10:46:00,analyst03@example.com,West,technology,Mid-Market,analytics,proposal,20260.79,101,88,9,True,0.069,True,The customer delayed the project and has not confirmed a decision timeline.,lost,0.0,Budget or timing constraints prevented the purchase.
OPP-01491,2025-09-11T17:27:00,analyst09@example.com,South,financial_services,Mid-Market,analytics,discovery,92900.56,64,61,3,False,0.245,False,Discovery is ongoing and the team requested additional product information.,lost,0.0,Competitor preference and switching costs reduced win likelihood.
OPP-01172,2025-05-16T13:57:00,analyst32@example.com,South,retail,SMB,analytics,proposal,16468.94,160,78,4,False,0.157,True,Executive sponsor is engaged and the buying team confirmed a clear business need.,won,15240.51,Successful technical evaluation with approved budget.
OPP-02458,2025-10-02T02:55:00,analyst07@example.com,South,healthcare,SMB,data_platform,qualification,108773.54,11,38,2,True,0.02,False,Engagement has slowed and the proposal has not received internal sponsorship. Primary contact: buyer137@example.com.,lost,0.0,Budget or timing constraints prevented the purchase.
OPP-02640,2026-01-02T05:39:00,analyst18@example.com,West,technology,SMB,security,proposal,18017.88,110,29,10,False,0.226,True,Engagement has slowed and the proposal has not received internal sponsorship.,lost,0.0,Insufficient stakeholder engagement and unclear business case.
OPP-02079,2025-11-09T15:53:00,analyst27@example.com,Northeast,financial_services,Enterprise,analytics,discovery,36299.26,146,34,2,True,0.268,True,A strong competitor is already deployed and switching costs are a concern.,lost,0.0,Competitor preference and switching costs reduced win likelihood.
OPP-02222,2025-07-10T21:45:00,analyst56@example.com,West,technology,SMB,automation,negotiation,27983.3,144,85,1,False,0.149,True,Technical evaluation is progressing well and the customer requested implementation details. Primary contact: buyer112@example.com.,won,25819.45,Strong executive sponsorship and clear ROI case.
OPP-02277,2025-09-29T06:32:00,analyst54@example.com,Midwest,technology,Enterprise,automation,proposal,65407.55,6,45,7,False,0.275,True,Customer is still comparing alternatives and gathering internal feedback.,won,64202.82,Strong executive sponsorship and clear ROI case.
OPP-00406,2026-03-03T19:36:00,analyst07@example.com,South,financial_services,Mid-Market,automation,qualification,12985.26,57,66,2,False,0.002,True,Customer is still comparing alternatives and gathering internal feedback. Primary contact: buyer195@example.com.,won,12224.12,Successful technical evaluation with approved budget.
OPP-00758,2025-08-17T22:47:00,analyst17@example.com,Northeast,financial_services,Mid-Market,automation,negotiation,28622.48,107,68,9,True,0.023,True,Engagement has slowed and the proposal has not received internal sponsorship.,won,26541.49,Good product fit and timely stakeholder engagement.
OPP-01972,2025-02-25T08:26:00,analyst34@example.com,West,financial_services,SMB,analytics,qualification,36954.21,93,23,5,True,0.224,False,Engagement has slowed and the proposal has not received internal sponsorship.,lost,0.0,Competitor preference and switching costs reduced win likelihood.
OPP-02190,2025-05-16T07:33:00,analyst24@example.com,Midwest,healthcare,Enterprise,data_platform,discovery,23517.16,122,63,0,False,0.202,True,The opportunity remains active but timing depends on the next planning cycle.,won,21638.4,Strong executive sponsorship and clear ROI case.
OPP-02334,2025-04-22T06:25:00,analyst54@example.com,West,healthcare,Mid-Market,automation,discovery,25682.68,145,49,6,False,0.204,True,Customer is still comparing alternatives and gathering internal feedback. Primary contact: buyer013@example.com.,won,24702.11,Strong executive sponsorship and clear ROI case.
OPP-00098,2025-10-04T19:38:00,analyst41@example.com,Midwest,healthcare,Mid-Market,automation,negotiation,19374.06,81,51,3,False,0.137,True,The opportunity remains active but timing depends on the next planning cycle.,won,19266.12,Good product fit and timely stakeholder engagement.
OPP-01334,2025-03-27T00:59:00,analyst23@example.com,Midwest,healthcare,SMB,data_platform,discovery,25956.06,93,58,6,False,0.168,False,Discovery is ongoing and the team requested additional product information.,lost,0.0,Insufficient stakeholder engagement and unclear business case.
OPP-02395,2025-07-02T12:07:00,analyst01@example.com,Midwest,healthcare,Mid-Market,analytics,qualification,16168.08,51,81,10,True,0.223,False,The opportunity remains active but timing depends on the next planning cycle.,won,16312.19,Good product fit and timely stakeholder engagement.
OPP-00744,2026-03-03T16:15:00,analyst03@example.com,West,manufacturing,SMB,security,qualification,24638.65,113,26,6,True,0.064,False,Engagement has slowed and the proposal has not received internal sponsorship. Primary contact: buyer111@example.com.,lost,0.0,Budget or timing constraints prevented the purchase.
OPP-00807,2026-01-19T12:12:00,analyst09@example.com,Midwest,financial_services,SMB,automation,qualification,46328.63,139,47,9,True,0.198,False,Budget is uncertain and the main decision maker has not joined recent meetings.,lost,0.0,Competitor preference and switching costs reduced win likelihood.
OPP-02775,2026-02-22T20:38:00,analyst39@example.com,West,technology,Mid-Market,data_platform,proposal,30327.86,86,99,4,False,0.269,True,Executive sponsor is engaged and the buying team confirmed a clear business need.,won,30873.61,Good product fit and timely stakeholder engagement.
OPP-01912,2025-10-30T13:50:00,analyst31@example.com,West,manufacturing,SMB,automation,proposal,57044.78,98,90,3,True,0.004,True,The customer delayed the project and has not confirmed a decision timeline. Primary contact: buyer013@example.com.,won,55365.62,Good product fit and timely stakeholder engagement.
OPP-02505,2025-07-17T06:08:00,analyst54@example.com,Northeast,financial_services,Enterprise,automation,negotiation,51981.67,152,76,0,False,0.039,True,Budget is approved and procurement has provided a target decision date. Primary contact: buyer184@example.com.,won,50242.33,Successful technical evaluation with approved budget.
OPP-01536,2025-04-03T00:40:00,analyst54@example.com,Northeast,manufacturing,SMB,security,proposal,32794.77,91,43,0,False,0.045,True,Customer is still comparing alternatives and gathering internal feedback.,lost,0.0,Insufficient stakeholder engagement and unclear business case.
OPP-02237,2025-01-20T11:37:00,analyst14@example.com,West,healthcare,SMB,analytics,qualification,34928.09,145,49,8,True,0.032,True,Engagement has slowed and the proposal has not received internal sponsorship.,lost,0.0,Budget or timing constraints prevented the purchase.
OPP-02026,2025-11-27T12:25:00,analyst31@example.com,Midwest,technology,Mid-Market,data_platform,proposal,92305.42,98,40,6,True,0.175,True,A strong competitor is already deployed and switching costs are a concern.,won,85258.46,Successful technical evaluation with approved budget.
OPP-00149,2025-06-28T09:50:00,analyst35@example.com,Midwest,manufacturing,Mid-Market,security,discovery,20217.74,150,36,5,True,0.217,False,Budget is uncertain and the main decision maker has not joined recent meetings. Primary contact: buyer149@example.com.,lost,0.0,Budget or timing constraints prevented the purchase.
OPP-01787,2025-09-16T08:36:00,analyst20@example.com,Midwest,healthcare,Enterprise,security,proposal,16408.07,67,69,1,False,0.14,True,The opportunity remains active but timing depends on the next planning cycle.,won,16186.47,Successful technical evaluation with approved budget.
OPP-02059,2025-03-26T11:43:00,analyst07@example.com,South,retail,SMB,automation,discovery,47132.99,76,58,8,True,0.138,True,Customer is still comparing alternatives and gathering internal feedback.,won,47156.18,Strong executive sponsorship and clear ROI case.
OPP-02139,2025-05-21T18:30:00,analyst30@example.com,South,healthcare,Enterprise,data_platform,negotiation,35106.73,105,71,6,False,0.122,True,The opportunity remains active but timing depends on the next planning cycle.,won,35865.25,Successful technical evaluation with approved budget.
OPP-01316,2025-06-19T15:56:00,analyst05@example.com,Midwest,technology,Mid-Market,analytics,discovery,16326.98,148,27,4,True,0.064,True,The customer delayed the project and has not confirmed a decision timeline.,lost,0.0,Insufficient stakeholder engagement and unclear business case.
OPP-00693,2025-03-09T00:34:00,analyst09@example.com,Northeast,technology,Mid-Market,data_platform,negotiation,33428.86,165,73,10,False,0.22,True,Technical evaluation is progressing well and the customer requested implementation details.,won,31436.94,Strong executive sponsorship and clear ROI case.
OPP-00819,2025-08-26T13:23:00,analyst21@example.com,South,retail,SMB,analytics,discovery,26798.37,35,73,6,False,0.009,False,Discovery is ongoing and the team requested additional product information.,lost,0.0,Budget or timing constraints prevented the purchase.
OPP-01729,2025-07-13T19:09:00,analyst19@example.com,South,financial_services,SMB,analytics,negotiation,22971.48,150,99,7,False,0.205,True,Executive sponsor is engaged and the buying team confirmed a clear business need.,won,22206.2,Strong executive sponsorship and clear ROI case.
OPP-01387,2026-02-06T18:06:00,analyst19@example.com,West,manufacturing,Mid-Market,security,negotiation,14854.29,27,15,0,True,0.065,True,The customer delayed the project and has not confirmed a decision timeline.,lost,0.0,Budget or timing constraints prevented the purchase.
OPP-02287,2025-06-30T23:09:00,analyst07@example.com,Midwest,financial_services,Enterprise,automation,discovery,47248.01,51,58,10,False,0.229,True,Customer is still comparing alternatives and gathering internal feedback.,won,43908.16,Good product fit and timely stakeholder engagement.
OPP-02956,2025-04-23T03:04:00,analyst49@example.com,Northeast,financial_services,Mid-Market,data_platform,negotiation,15774.18,60,43,4,False,0.091,True,Customer is still comparing alternatives and gathering internal feedback.,lost,0.0,Insufficient stakeholder engagement and unclear business case.
OPP-01600,2025-05-04T09:10:00,analyst04@example.com,Midwest,manufacturing,SMB,data_platform,qualification,55848.34,67,55,5,False,0.22,False,Discovery is ongoing and the team requested additional product information.,lost,0.0,Competitor preference and switching costs reduced win likelihood.
OPP-02367,2026-02-04T03:57:00,analyst30@example.com,South,financial_services,Mid-Market,automation,qualification,26931.98,22,86,6,False,0.085,False,The opportunity remains active but timing depends on the next planning cycle. Primary contact: buyer046@example.com.,won,25067.67,Good product fit and timely stakeholder engagement.
OPP-02463,2025-12-10T10:18:00,analyst12@example.com,West,retail,SMB,automation,proposal,33701.97,134,87,3,False,0.136,True,Executive sponsor is engaged and the buying team confirmed a clear business need.,won,34655.49,Successful technical evaluation with approved budget.
OPP-00702,2026-02-22T01:13:00,analyst18@example.com,Midwest,retail,SMB,data_platform,proposal,145474.4,126,50,8,True,0.222,True,A strong competitor is already deployed and switching costs are a concern.,lost,0.0,Insufficient stakeholder engagement and unclear business case.
OPP-02504,2025-01-21T04:37:00,analyst53@example.com,South,technology,Enterprise,analytics,negotiation,44807.33,61,23,8,False,0.129,True,Budget is uncertain and the main decision maker has not joined recent meetings.,lost,0.0,Insufficient stakeholder engagement and unclear business case.
OPP-02662,2025-08-15T17:57:00,analyst40@example.com,West,financial_services,SMB,analytics,negotiation,25647.6,114,24,8,True,0.072,True,Budget is uncertain and the main decision maker has not joined recent meetings.,lost,0.0,Insufficient stakeholder engagement and unclear business case.
OPP-00922,2026-01-28T09:34:00,analyst10@example.com,West,retail,Mid-Market,automation,negotiation,25046.64,70,50,7,False,0.116,True,Discovery is ongoing and the team requested additional product information.,won,25260.16,Strong executive sponsorship and clear ROI case.
OPP-01425,2025-08-06T14:21:00,analyst00@example.com,Midwest,manufacturing,SMB,data_platform,qualification,35468.3,87,44,9,False,0.108,False,Stakeholders are interested but the business case is still being refined.,lost,0.0,Budget or timing constraints prevented the purchase.
OPP-01709,2025-04-11T07:16:00,analyst56@example.com,Northeast,healthcare,SMB,data_platform,negotiation,6409.27,69,37,0,True,0.042,True,Engagement has slowed and the proposal has not received internal sponsorship.,lost,0.0,Competitor preference and switching costs reduced win likelihood.
OPP-00906,2025-06-15T04:20:00,analyst51@example.com,West,technology,SMB,security,proposal,19240.0,27,91,8,False,0.107,True,Budget is approved and procurement has provided a target decision date. Primary contact: buyer062@example.com.,won,19460.89,Strong executive sponsorship and clear ROI case.
OPP-00455,2025-07-16T12:06:00,analyst56@example.com,South,manufacturing,Mid-Market,data_platform,discovery,45524.52,145,47,4,True,0.253,False,A strong competitor is already deployed and switching costs are a concern.,lost,0.0,Budget or timing constraints prevented the purchase.
OPP-02087,2025-11-21T15:42:00,analyst35@example.com,Northeast,retail,Enterprise,data_platform,discovery,36992.66,68,84,0,True,0.179,False,Customer is still comparing alternatives and gathering internal feedback. Primary contact: buyer188@example.com.,lost,0.0,Budget or timing constraints prevented the purchase.
OPP-02310,2026-01-28T08:40:00,analyst30@example.com,Northeast,healthcare,Mid-Market,automation,discovery,34072.3,145,87,5,True,0.131,False,The customer delayed the project and has not confirmed a decision timeline.,lost,0.0,Competitor preference and switching costs reduced win likelihood.
OPP-01785,2025-04-15T16:46:00,analyst18@example.com,Northeast,retail,SMB,data_platform,qualification,32189.11,116,22,9,False,0.172,False,Engagement has slowed and the proposal has not received internal sponsorship. Primary contact: buyer097@example.com.,lost,0.0,Insufficient stakeholder engagement and unclear business case.
OPP-00168,2025-11-21T22:29:00,analyst54@example.com,South,technology,SMB,automation,proposal,83972.51,34,54,6,True,0.251,True,Stakeholders are interested but the business case is still being refined. Primary contact: buyer168@example.com.,won,80666.86,Successful technical evaluation with approved budget.
OPP-00731,2025-09-21T17:33:00,analyst47@example.com,West,retail,SMB,automation,discovery,40107.09,23,33,10,True,0.143,False,A strong competitor is already deployed and switching costs are a concern. Primary contact: buyer098@example.com.,lost,0.0,Competitor preference and switching costs reduced win likelihood.
OPP-02164,2026-01-18T10:26:00,analyst55@example.com,Midwest,technology,SMB,analytics,qualification,19129.23,64,86,6,False,0.147,False,Discovery is ongoing and the team requested additional product information.,won,19178.37,Good product fit and timely stakeholder engagement.
OPP-01311,2025-05-25T23:15:00,analyst00@example.com,West,retail,SMB,security,discovery,27981.58,170,53,4,False,0.061,False,Stakeholders are interested but the business case is still being refined.,lost,0.0,Insufficient stakeholder engagement and unclear business case.
OPP-00027,2026-01-28T06:05:00,analyst27@example.com,South,technology,SMB,data_platform,discovery,24896.45,112,64,9,False,0.005,False,The opportunity remains active but timing depends on the next planning cycle.,lost,0.0,Competitor preference and switching costs reduced win likelihood.
OPP-01948,2025-10-16T18:50:00,analyst10@example.com,South,manufacturing,SMB,analytics,discovery,27584.65,7,18,3,False,0.1,False,The customer delayed the project and has not confirmed a decision timeline.,lost,0.0,Insufficient stakeholder engagement and unclear business case.
OPP-01653,2025-03-02T04:32:00,analyst00@example.com,South,technology,Mid-Market,automation,proposal,23009.88,53,28,5,False,0.199,True,Engagement has slowed and the proposal has not received internal sponsorship.,lost,0.0,Insufficient stakeholder engagement and unclear business case.
OPP-01623,2025-08-02T10:10:00,analyst27@example.com,Midwest,retail,Mid-Market,automation,proposal,29550.74,166,50,1,False,0.121,True,Discovery is ongoing and the team requested additional product information.,lost,0.0,Competitor preference and switching costs reduced win likelihood.
OPP-00588,2025-01-23T11:44:00,analyst18@example.com,South,technology,Mid-Market,data_platform,qualification,22901.96,8,92,4,True,0.077,False,The opportunity remains active but timing depends on the next planning cycle.,won,23516.32,Strong executive sponsorship and clear ROI case.
OPP-02032,2025-10-06T19:02:00,analyst37@example.com,Northeast,healthcare,SMB,security,proposal,59976.8,67,29,6,True,0.146,True,Budget is uncertain and the main decision maker has not joined recent meetings. Primary contact: buyer133@example.com.,won,57598.1,Good product fit and timely stakeholder engagement.
OPP-00998,2025-03-18T01:12:00,analyst29@example.com,South,financial_services,SMB,analytics,qualification,52176.57,33,62,8,True,0.122,False,Stakeholders are interested but the business case is still being refined.,lost,0.0,Budget or timing constraints prevented the purchase.
OPP-01177,2025-05-29T16:49:00,analyst37@example.com,South,manufacturing,Enterprise,analytics,qualification,43425.48,77,46,3,False,0.052,False,Discovery is ongoing and the team requested additional product information.,won,42181.55,Successful technical evaluation with approved budget.
OPP-01701,2025-05-16T11:29:00,analyst48@example.com,Midwest,healthcare,Enterprise,security,discovery,47394.27,120,70,6,True,0.247,False,The customer delayed the project and has not confirmed a decision timeline.,lost,0.0,Budget or timing constraints prevented the purchase.
OPP-01041,2026-02-13T01:50:00,analyst15@example.com,Midwest,manufacturing,Mid-Market,data_platform,negotiation,45271.7,65,57,8,False,0.127,True,Discovery is ongoing and the team requested additional product information. Primary contact: buyer197@example.com.,won,45663.97,Successful technical evaluation with approved budget.
OPP-00034,2025-09-27T01:05:00,analyst34@example.com,Northeast,manufacturing,Enterprise,analytics,qualification,21969.02,66,75,10,False,0.125,True,Decision makers attended the latest meeting and asked for a final proposal.,won,21816.02,Successful technical evaluation with approved budget.
OPP-01892,2025-08-02T20:08:00,analyst11@example.com,Northeast,manufacturing,Mid-Market,data_platform,negotiation,23492.65,178,57,9,False,0.21,True,The opportunity remains active but timing depends on the next planning cycle.,lost,0.0,Competitor preference and switching costs reduced win likelihood.
OPP-02374,2025-02-23T18:29:00,analyst37@example.com,Northeast,retail,SMB,automation,proposal,118532.23,150,37,0,True,0.168,True,Engagement has slowed and the proposal has not received internal sponsorship.,won,110165.73,Successful technical evaluation with approved budget.
OPP-01380,2025-03-22T20:54:00,analyst12@example.com,South,technology,Mid-Market,data_platform,discovery,41663.01,152,81,4,False,0.19,False,Stakeholders are interested but the business case is still being refined.,lost,0.0,Insufficient stakeholder engagement and unclear business case.
OPP-00042,2025-05-29T13:26:00,analyst42@example.com,Northeast,retail,SMB,data_platform,discovery,72958.42,136,15,10,False,0.129,True,Engagement has slowed and the proposal has not received internal sponsorship.,lost,0.0,Budget or timing constraints prevented the purchase.
OPP-01806,2025-12-30T11:45:00,analyst39@example.com,Midwest,financial_services,SMB,data_platform,discovery,57792.28,178,92,7,False,0.225,False,Stakeholders are interested but the business case is still being refined.,won,53448.46,Successful technical evaluation with approved budget.
OPP-02195,2025-04-20T06:00:00,analyst29@example.com,Midwest,technology,SMB,security,discovery,25480.81,157,88,4,True,0.009,False,Engagement has slowed and the proposal has not received internal sponsorship.,lost,0.0,Budget or timing constraints prevented the purchase.
OPP-02612,2026-02-20T04:30:00,analyst47@example.com,Midwest,technology,SMB,automation,qualification,25198.25,29,43,3,True,0.235,False,Stakeholders are interested but the business case is still being refined. Primary contact: buyer080@example.com.,lost,0.0,Insufficient stakeholder engagement and unclear business case.
OPP-01988,2026-02-03T02:32:00,analyst50@example.com,West,financial_services,Mid-Market,analytics,qualification,53354.87,146,44,8,True,0.208,False,Budget is uncertain and the main decision maker has not joined recent meetings.,lost,0.0,Insufficient stakeholder engagement and unclear business case.
OPP-02355,2026-01-25T20:11:00,analyst18@example.com,Midwest,technology,SMB,security,negotiation,23775.3,85,16,5,True,0.235,True,Budget is uncertain and the main decision maker has not joined recent meetings.,lost,0.0,Competitor preference and switching costs reduced win likelihood.
OPP-02972,2026-02-19T13:50:00,analyst08@example.com,Northeast,technology,SMB,automation,negotiation,16931.9,149,42,7,False,0.256,True,A strong competitor is already deployed and switching costs are a concern. Primary contact: buyer018@example.com.,won,17129.78,Successful technical evaluation with approved budget.
OPP-00610,2025-12-21T14:52:00,analyst40@example.com,West,retail,Enterprise,analytics,discovery,8340.8,43,74,7,True,0.195,False,Customer is still comparing alternatives and gathering internal feedback.,won,8561.41,Good product fit and timely stakeholder engagement.
OPP-01133,2025-07-04T06:27:00,analyst50@example.com,West,manufacturing,SMB,security,discovery,65281.01,101,97,4,False,0.19,False,Customer is still comparing alternatives and gathering internal feedback. Primary contact: buyer078@example.com.,lost,0.0,Insufficient stakeholder engagement and unclear business case.
OPP-00029,2025-01-30T15:33:00,analyst29@example.com,West,financial_services,SMB,security,discovery,26052.95,102,50,6,True,0.023,True,Budget is uncertain and the main decision maker has not joined recent meetings.,lost,0.0,Insufficient stakeholder engagement and unclear business case.
OPP-00442,2025-03-07T10:56:00,analyst43@example.com,West,healthcare,Mid-Market,automation,negotiation,28205.45,177,85,7,True,0.125,True,A strong competitor is already deployed and switching costs are a concern. Primary contact: buyer020@example.com.,won,28286.05,Strong executive sponsorship and clear ROI case.
OPP-02762,2026-01-27T00:43:00,analyst26@example.com,South,manufacturing,Mid-Market,security,negotiation,8003.65,12,52,6,True,0.238,True,Customer is still comparing alternatives and gathering internal feedback.,won,7777.29,Successful technical evaluation with approved budget.
OPP-02609,2025-12-06T02:42:00,analyst44@example.com,West,retail,SMB,security,proposal,75974.6,135,78,10,False,0.147,True,Decision makers attended the latest meeting and asked for a final proposal.,lost,0.0,Competitor preference and switching costs reduced win likelihood.
OPP-00494,2025-02-11T21:10:00,analyst38@example.com,West,manufacturing,Enterprise,automation,discovery,29434.52,85,62,1,False,0.142,True,Customer is still comparing alternatives and gathering internal feedback.,lost,0.0,Insufficient stakeholder engagement and unclear business case.
OPP-01259,2025-08-18T22:42:00,analyst05@example.com,South,financial_services,Enterprise,automation,qualification,30129.3,75,25,7,False,0.086,False,Budget is uncertain and the main decision maker has not joined recent meetings.,lost,0.0,Competitor preference and switching costs reduced win likelihood.
OPP-01302,2026-01-31T12:14:00,analyst48@example.com,West,retail,Mid-Market,data_platform,proposal,39935.22,129,69,7,False,0.028,True,Stakeholders are interested but the business case is still being refined.,won,39631.8,Strong executive sponsorship and clear ROI case.
OPP-02671,2025-09-21T22:42:00,analyst49@example.com,South,technology,SMB,automation,negotiation,15391.76,89,73,4,False,0.147,True,Technical evaluation is progressing well and the customer requested implementation details.,lost,0.0,Budget or timing constraints prevented the purchase.
OPP-02371,2025-10-27T19:19:00,analyst34@example.com,South,retail,Mid-Market,data_platform,negotiation,21868.07,175,41,7,True,0.042,True,Budget is uncertain and the main decision maker has not joined recent meetings.,lost,0.0,Competitor preference and switching costs reduced win likelihood.
OPP-01383,2025-02-04T21:17:00,analyst15@example.com,Northeast,financial_services,SMB,data_platform,negotiation,22822.76,18,23,5,True,0.053,True,Budget is uncertain and the main decision maker has not joined recent meetings.,lost,0.0,Budget or timing constraints prevented the purchase.
OPP-01305,2025-08-01T03:59:00,analyst51@example.com,Northeast,financial_services,SMB,security,discovery,15267.69,159,78,6,True,0.154,True,The customer delayed the project and has not confirmed a decision timeline. Primary contact: buyer039@example.com.,lost,0.0,Budget or timing constraints prevented the purchase.
OPP-00237,2026-01-25T23:31:00,analyst09@example.com,West,manufacturing,Mid-Market,data_platform,negotiation,27487.62,27,71,4,True,0.073,True,Discovery is ongoing and the team requested additional product information.,lost,0.0,Competitor preference and switching costs reduced win likelihood.
OPP-00552,2025-06-13T18:31:00,analyst39@example.com,Northeast,financial_services,Mid-Market,security,negotiation,14473.74,81,25,0,True,0.171,True,Engagement has slowed and the proposal has not received internal sponsorship.,lost,0.0,Budget or timing constraints prevented the purchase.
OPP-00521,2025-03-22T13:52:00,analyst08@example.com,South,financial_services,Enterprise,security,negotiation,70119.07,107,39,1,True,0.046,True,A strong competitor is already deployed and switching costs are a concern.,lost,0.0,Budget or timing constraints prevented the purchase.
OPP-02223,2025-05-05T01:10:00,analyst00@example.com,Northeast,retail,SMB,security,qualification,21399.22,150,28,0,False,0.063,False,A strong competitor is already deployed and switching costs are a concern.,won,20218.1,Strong executive sponsorship and clear ROI case.
OPP-01233,2025-03-16T01:47:00,analyst36@example.com,Midwest,technology,SMB,analytics,qualification,24510.41,112,40,10,False,0.063,True,Engagement has slowed and the proposal has not received internal sponsorship. Primary contact: buyer178@example.com.,won,22620.04,Good product fit and timely stakeholder engagement.
OPP-01139,2025-09-14T14:25:00,analyst56@example.com,West,healthcare,SMB,automation,proposal,16956.35,20,46,9,True,0.213,True,Stakeholders are interested but the business case is still being refined.,won,16174.95,Good product fit and timely stakeholder engagement.
OPP-00721,2025-03-20T19:57:00,analyst37@example.com,West,technology,SMB,data_platform,discovery,19581.97,105,43,9,True,0.114,False,A strong competitor is already deployed and switching costs are a concern.,lost,0.0,Insufficient stakeholder engagement and unclear business case.
OPP-00736,2025-09-04T00:00:00,analyst52@example.com,South,healthcare,SMB,data_platform,proposal,30633.76,123,89,8,True,0.203,True,A strong competitor is already deployed and switching costs are a concern. Primary contact: buyer103@example.com.,lost,0.0,Insufficient stakeholder engagement and unclear business case.
OPP-02659,2025-05-11T20:01:00,analyst37@example.com,Midwest,technology,SMB,security,negotiation,11455.28,171,100,6,True,0.255,True,Engagement has slowed and the proposal has not received internal sponsorship.,lost,0.0,Competitor preference and switching costs reduced win likelihood.
OPP-01751,2025-12-03T17:11:00,analyst41@example.com,West,retail,Enterprise,analytics,qualification,35231.16,79,21,0,True,0.061,True,Engagement has slowed and the proposal has not received internal sponsorship.,won,33511.96,Strong executive sponsorship and clear ROI case.
OPP-00059,2025-03-25T15:31:00,analyst02@example.com,West,retail,SMB,analytics,discovery,7822.82,21,31,4,False,0.164,False,Engagement has slowed and the proposal has not received internal sponsorship. Primary contact: buyer059@example.com.,lost,0.0,Insufficient stakeholder engagement and unclear business case.
OPP-00632,2025-02-19T20:27:00,analyst05@example.com,Midwest,retail,Enterprise,analytics,discovery,36432.51,148,26,7,True,0.16,False,The customer delayed the project and has not confirmed a decision timeline.,lost,0.0,Budget or timing constraints prevented the purchase.
OPP-01182,2025-07-07T15:56:00,analyst42@example.com,Midwest,manufacturing,Enterprise,security,qualification,11746.45,174,41,2,False,0.217,False,A strong competitor is already deployed and switching costs are a concern.,lost,0.0,Insufficient stakeholder engagement and unclear business case.
OPP-02209,2025-09-24T08:19:00,analyst43@example.com,Northeast,retail,SMB,automation,discovery,53381.65,88,81,0,False,0.085,False,Discovery is ongoing and the team requested additional product information.,lost,0.0,Budget or timing constraints prevented the purchase.
OPP-00593,2025-07-12T23:15:00,analyst23@example.com,West,technology,Enterprise,automation,discovery,42817.32,102,51,2,True,0.158,False,The customer delayed the project and has not confirmed a decision timeline.,lost,0.0,Competitor preference and switching costs reduced win likelihood.
OPP-01304,2025-08-20T21:17:00,analyst50@example.com,Northeast,manufacturing,Mid-Market,automation,discovery,67554.96,52,85,10,False,0.25,False,Stakeholders are interested but the business case is still being refined.,won,63947.67,Good product fit and timely stakeholder engagement.
OPP-01388,2025-03-06T16:25:00,analyst20@example.com,West,technology,Mid-Market,automation,qualification,21272.3,148,58,9,False,0.036,False,Customer is still comparing alternatives and gathering internal feedback. Primary contact: buyer122@example.com.,lost,0.0,Competitor preference and switching costs reduced win likelihood.
OPP-02621,2025-03-06T04:18:00,analyst56@example.com,West,financial_services,Mid-Market,data_platform,discovery,20675.15,7,43,9,False,0.14,False,The opportunity remains active but timing depends on the next planning cycle.,lost,0.0,Competitor preference and switching costs reduced win likelihood.
OPP-02636,2025-07-03T22:32:00,analyst14@example.com,Northeast,financial_services,Mid-Market,automation,discovery,23751.68,126,68,9,True,0.25,False,Budget is uncertain and the main decision maker has not joined recent meetings.,lost,0.0,Budget or timing constraints prevented the purchase.
OPP-01860,2026-03-05T13:01:00,analyst36@example.com,Northeast,financial_services,Enterprise,automation,proposal,62345.8,134,35,7,True,0.038,True,A strong competitor is already deployed and switching costs are a concern. Primary contact: buyer172@example.com.,lost,0.0,Competitor preference and switching costs reduced win likelihood.
OPP-00940,2025-07-21T09:23:00,analyst28@example.com,Northeast,technology,Mid-Market,data_platform,negotiation,25365.35,159,42,1,False,0.105,True,Engagement has slowed and the proposal has not received internal sponsorship.,lost,0.0,Insufficient stakeholder engagement and unclear business case.
OPP-02794,2025-05-26T19:54:00,analyst01@example.com,Northeast,financial_services,Enterprise,automation,negotiation,17774.78,111,53,9,True,0.184,True,Budget is uncertain and the main decision maker has not joined recent meetings.,lost,0.0,Competitor preference and switching costs reduced win likelihood.
OPP-01250,2025-04-24T05:13:00,analyst53@example.com,Northeast,retail,SMB,automation,qualification,24654.35,33,30,5,False,0.185,True,A strong competitor is already deployed and switching costs are a concern. Primary contact: buyer195@example.com.,lost,0.0,Insufficient stakeholder engagement and unclear business case.
OPP-00905,2025-04-08T01:37:00,analyst50@example.com,South,manufacturing,Mid-Market,data_platform,negotiation,119516.58,150,89,6,False,0.148,True,Executive sponsor is engaged and the buying team confirmed a clear business need.,won,116282.04,Successful technical evaluation with approved budget.
OPP-02549,2025-03-08T15:42:00,analyst41@example.com,Midwest,retail,SMB,analytics,negotiation,11048.31,110,83,5,True,0.087,True,A strong competitor is already deployed and switching costs are a concern.,lost,0.0,Competitor preference and switching costs reduced win likelihood.
OPP-01280,2025-04-08T05:45:00,analyst26@example.com,Northeast,manufacturing,SMB,security,discovery,38767.7,57,63,0,False,0.179,True,Stakeholders are interested but the business case is still being refined.,lost,0.0,Insufficient stakeholder engagement and unclear business case.
OPP-02408,2025-07-26T11:52:00,analyst14@example.com,Midwest,manufacturing,Mid-Market,security,negotiation,25946.2,147,75,7,True,0.092,True,A strong competitor is already deployed and switching costs are a concern.,won,26045.05,Successful technical evaluation with approved budget.
OPP-02885,2025-07-17T08:27:00,analyst35@example.com,Northeast,financial_services,Mid-Market,automation,qualification,65048.98,7,39,5,True,0.03,False,The customer delayed the project and has not confirmed a decision timeline.,lost,0.0,Budget or timing constraints prevented the purchase.
OPP-02132,2025-10-06T14:35:00,analyst23@example.com,South,retail,Mid-Market,security,negotiation,61600.0,69,94,7,True,0.04,True,  Customer is still comparing alternatives and gathering internal feedback.  ,won,59689.25,Strong executive sponsorship and clear ROI case.
OPP-02393,2025-02-05T06:26:00,analyst56@example.com,Northeast,manufacturing,Mid-Market,analytics,proposal,15224.76,141,60,1,False,0.112,True,The opportunity remains active but timing depends on the next planning cycle.,lost,0.0,Insufficient stakeholder engagement and unclear business case.
OPP-02471,2026-01-13T06:52:00,analyst20@example.com,South,retail,SMB,security,proposal,16533.64,54,75,8,True,0.238,True,Stakeholders are interested but the business case is still being refined.,won,15906.68,Successful technical evaluation with approved budget.
OPP-01143,2026-02-04T11:49:00,analyst03@example.com,South,technology,SMB,security,qualification,12574.1,154,67,2,True,0.097,False,A strong competitor is already deployed and switching costs are a concern.,lost,0.0,Insufficient stakeholder engagement and unclear business case.
OPP-02464,2025-04-19T01:32:00,analyst13@example.com,West,financial_services,Enterprise,analytics,qualification,14613.16,172,59,2,False,0.163,False,The opportunity remains active but timing depends on the next planning cycle.,lost,0.0,Budget or timing constraints prevented the purchase.
OPP-00707,2025-04-07T08:32:00,analyst23@example.com,South,healthcare,Enterprise,security,proposal,43810.94,106,37,5,False,0.213,True,Budget is uncertain and the main decision maker has not joined recent meetings.,lost,0.0,Budget or timing constraints prevented the purchase.
OPP-02647,2025-10-31T15:24:00,analyst25@example.com,West,technology,Mid-Market,analytics,qualification,18473.68,132,24,4,True,0.189,True,Budget is uncertain and the main decision maker has not joined recent meetings. Primary contact: buyer115@example.com.,lost,0.0,Insufficient stakeholder engagement and unclear business case.
OPP-01023,2025-03-02T21:04:00,analyst54@example.com,Northeast,retail,SMB,data_platform,proposal,82152.98,71,52,9,True,0.093,True,Customer is still comparing alternatives and gathering internal feedback.,lost,0.0,Competitor preference and switching costs reduced win likelihood.
OPP-00746,2025-02-26T10:30:00,analyst05@example.com,South,manufacturing,SMB,analytics,proposal,42277.16,50,51,8,True,0.119,True,Customer is still comparing alternatives and gathering internal feedback.,won,41697.53,Strong executive sponsorship and clear ROI case.
OPP-01547,2025-09-25T03:05:00,analyst08@example.com,Midwest,healthcare,Enterprise,automation,discovery,18316.23,162,48,10,False,0.016,True,Stakeholders are interested but the business case is still being refined.,lost,0.0,Insufficient stakeholder engagement and unclear business case.
OPP-02363,2025-12-20T18:01:00,analyst26@example.com,West,financial_services,Mid-Market,automation,qualification,11881.18,62,40,8,False,0.023,False,The customer delayed the project and has not confirmed a decision timeline.,won,11433.57,Strong executive sponsorship and clear ROI case.
OPP-02103,2025-01-15T21:47:00,analyst51@example.com,South,healthcare,Enterprise,data_platform,proposal,102508.6,45,89,7,False,0.091,True,Budget is approved and procurement has provided a target decision date.,won,105498.76,Good product fit and timely stakeholder engagement.
OPP-00514,2025-12-30T10:33:00,analyst01@example.com,Northeast,retail,SMB,automation,discovery,14610.72,160,100,1,False,0.181,False,The opportunity remains active but timing depends on the next planning cycle. Primary contact: buyer092@example.com.,won,14731.99,Strong executive sponsorship and clear ROI case.
OPP-00082,2025-11-07T14:55:00,analyst25@example.com,West,healthcare,Enterprise,data_platform,proposal,38027.4,159,38,8,True,0.029,True,The customer delayed the project and has not confirmed a decision timeline.,lost,0.0,Insufficient stakeholder engagement and unclear business case.
OPP-02667,2025-02-06T07:00:00,analyst45@example.com,South,retail,SMB,analytics,proposal,6788.75,67,29,6,True,0.222,True,Engagement has slowed and the proposal has not received internal sponsorship.,lost,0.0,Competitor preference and switching costs reduced win likelihood.
OPP-01309,2025-11-05T16:45:00,analyst55@example.com,South,financial_services,SMB,automation,negotiation,33305.06,48,20,0,False,0.14,True,A strong competitor is already deployed and switching costs are a concern.,lost,0.0,Insufficient stakeholder engagement and unclear business case.
OPP-02501,2025-09-07T20:14:00,analyst50@example.com,South,manufacturing,SMB,security,discovery,39875.0,101,84,4,True,0.231,True,The customer delayed the project and has not confirmed a decision timeline.,lost,0.0,Competitor preference and switching costs reduced win likelihood.
OPP-00915,2025-04-11T19:11:00,analyst03@example.com,South,retail,SMB,analytics,proposal,60210.75,40,24,7,True,0.143,True,The customer delayed the project and has not confirmed a decision timeline.,lost,0.0,Insufficient stakeholder engagement and unclear business case.
OPP-01405,2025-05-01T15:16:00,analyst37@example.com,West,manufacturing,Mid-Market,analytics,negotiation,61217.94,150,27,9,False,0.128,True,The customer delayed the project and has not confirmed a decision timeline.,lost,0.0,Competitor preference and switching costs reduced win likelihood.
OPP-01648,2026-01-12T20:00:00,analyst52@example.com,West,manufacturing,Mid-Market,automation,proposal,10751.32,29,29,6,False,0.041,True,Engagement has slowed and the proposal has not received internal sponsorship.,won,10914.79,Good product fit and timely stakeholder engagement.
OPP-02766,2025-05-12T17:28:00,analyst30@example.com,Northeast,technology,SMB,analytics,negotiation,60167.84,119,80,4,False,0.027,True,Technical evaluation is progressing well and the customer requested implementation details.,won,56615.08,Strong executive sponsorship and clear ROI case.
OPP-01109,2025-10-06T15:29:00,analyst26@example.com,Midwest,financial_services,SMB,analytics,discovery,5000.0,165,56,8,False,0.165,False,Stakeholders are interested but the business case is still being refined. Primary contact: buyer054@example.com.,lost,0.0,Competitor preference and switching costs reduced win likelihood.
OPP-00151,2025-12-26T14:06:00,analyst37@example.com,Northeast,financial_services,SMB,analytics,negotiation,10745.42,77,54,5,True,0.128,True,Discovery is ongoing and the team requested additional product information.,lost,0.0,Insufficient stakeholder engagement and unclear business case.
OPP-02883,2025-04-01T23:11:00,analyst33@example.com,Midwest,healthcare,Mid-Market,security,discovery,20365.23,33,20,6,True,0.085,False,Budget is uncertain and the main decision maker has not joined recent meetings.,lost,0.0,Competitor preference and switching costs reduced win likelihood.
OPP-00775,2025-08-20T05:08:00,analyst34@example.com,South,technology,SMB,automation,qualification,15149.51,85,74,1,True,0.027,False,The opportunity remains active but timing depends on the next planning cycle. Primary contact: buyer142@example.com.,lost,0.0,Budget or timing constraints prevented the purchase.
OPP-00330,2025-04-14T23:54:00,analyst45@example.com,South,technology,Mid-Market,data_platform,proposal,13006.57,157,81,5,True,0.085,True,Budget is uncertain and the main decision maker has not joined recent meetings. Primary contact: buyer119@example.com.,lost,0.0,Insufficient stakeholder engagement and unclear business case.
OPP-00007,2025-02-27T16:22:00,analyst07@example.com,Northeast,healthcare,Enterprise,automation,qualification,56071.51,140,15,9,True,0.005,False,Budget is uncertain and the main decision maker has not joined recent meetings. Primary contact: buyer007@example.com.,lost,0.0,Insufficient stakeholder engagement and unclear business case.
OPP-00944,2025-10-18T01:31:00,analyst32@example.com,Northeast,financial_services,Mid-Market,security,discovery,13648.21,55,15,10,False,0.016,False,Engagement has slowed and the proposal has not received internal sponsorship.,lost,0.0,Competitor preference and switching costs reduced win likelihood.
OPP-00823,2025-01-19T21:23:00,analyst25@example.com,South,retail,Mid-Market,analytics,qualification,59730.56,105,64,1,False,0.033,False,Discovery is ongoing and the team requested additional product information.,won,60363.21,Successful technical evaluation with approved budget.
OPP-00735,2025-05-18T11:42:00,analyst51@example.com,Northeast,healthcare,Mid-Market,data_platform,negotiation,32756.76,87,45,9,True,0.272,True,The opportunity remains active but timing depends on the next planning cycle.,lost,0.0,Competitor preference and switching costs reduced win likelihood.
OPP-00910,2025-11-15T22:28:00,analyst55@example.com,Midwest,healthcare,SMB,data_platform,negotiation,5736.72,9,73,6,False,0.001,True,Budget is approved and procurement has provided a target decision date.,won,5649.04,Good product fit and timely stakeholder engagement.
OPP-00469,2025-04-06T05:17:00,analyst13@example.com,West,technology,SMB,data_platform,discovery,37571.57,78,75,4,False,0.028,True,Executive sponsor is engaged and the buying team confirmed a clear business need.,won,36846.23,Good product fit and timely stakeholder engagement.
OPP-00182,2025-04-26T16:51:00,analyst11@example.com,West,manufacturing,Enterprise,security,qualification,48095.69,25,77,5,False,0.05,False,The opportunity remains active but timing depends on the next planning cycle. Primary contact: buyer182@example.com.,won,47296.85,Strong executive sponsorship and clear ROI case.
OPP-00165,2025-12-16T11:40:00,analyst51@example.com,West,technology,SMB,automation,proposal,12172.7,5,21,6,True,0.118,True,The customer delayed the project and has not confirmed a decision timeline.,lost,0.0,Budget or timing constraints prevented the purchase.
OPP-01524,2025-03-21T19:06:00,analyst42@example.com,Midwest,healthcare,SMB,analytics,discovery,50028.74,114,32,6,False,0.259,False,Engagement has slowed and the proposal has not received internal sponsorship.,lost,0.0,Insufficient stakeholder engagement and unclear business case.
OPP-00452,2025-05-12T21:20:00,analyst53@example.com,Midwest,manufacturing,SMB,data_platform,qualification,35698.33,130,23,8,False,0.151,False,A strong competitor is already deployed and switching costs are a concern.,lost,0.0,Budget or timing constraints prevented the purchase.
OPP-00491,2025-09-20T16:59:00,analyst35@example.com,South,technology,Mid-Market,security,discovery,7857.03,25,95,1,False,0.065,True,Budget is approved and procurement has provided a target decision date.,won,7521.47,Strong executive sponsorship and clear ROI case.
OPP-02020,2025-05-28T13:19:00,analyst25@example.com,Northeast,manufacturing,SMB,data_platform,negotiation,21209.05,173,75,1,False,0.053,True,Executive sponsor is engaged and the buying team confirmed a clear business need.,won,20296.76,Successful technical evaluation with approved budget.
OPP-01144,2026-01-18T18:23:00,analyst04@example.com,South,financial_services,SMB,security,negotiation,22071.98,131,72,9,True,0.257,True,The customer delayed the project and has not confirmed a decision timeline. Primary contact: buyer089@example.com.,lost,0.0,Competitor preference and switching costs reduced win likelihood.
OPP-01312,2026-01-13T05:27:00,analyst01@example.com,Midwest,manufacturing,SMB,data_platform,proposal,100000.02,95,98,8,False,0.176,True,Decision makers attended the latest meeting and asked for a final proposal. Primary contact: buyer046@example.com.,won,101128.59,Successful technical evaluation with approved budget.
OPP-02248,2025-02-03T08:30:00,analyst25@example.com,Northeast,retail,Mid-Market,data_platform,proposal,24363.22,168,17,0,False,0.181,True,The customer delayed the project and has not confirmed a decision timeline. Primary contact: buyer138@example.com.,lost,0.0,Budget or timing constraints prevented the purchase.
OPP-01112,2025-09-15T03:19:00,analyst29@example.com,South,healthcare,SMB,automation,negotiation,36050.83,100,25,9,True,0.156,True,The customer delayed the project and has not confirmed a decision timeline. Primary contact: buyer057@example.com.,won,35281.55,Strong executive sponsorship and clear ROI case.
OPP-02860,2025-11-19T19:15:00,analyst10@example.com,West,financial_services,Mid-Market,analytics,discovery,101698.44,94,21,2,False,0.082,False,Engagement has slowed and the proposal has not received internal sponsorship.,lost,0.0,Budget or timing constraints prevented the purchase.
OPP-01993,2025-11-16T10:34:00,analyst55@example.com,Northeast,manufacturing,Enterprise,security,qualification,7870.74,62,88,5,False,0.081,False,Customer is still comparing alternatives and gathering internal feedback. Primary contact: buyer094@example.com.,won,7531.39,Good product fit and timely stakeholder engagement.
OPP-01442,2026-02-25T06:23:00,analyst17@example.com,Northeast,financial_services,Mid-Market,automation,qualification,20419.06,128,19,1,False,0.201,False,Engagement has slowed and the proposal has not received internal sponsorship.,lost,0.0,Insufficient stakeholder engagement and unclear business case.
OPP-01905,2025-06-29T15:45:00,analyst24@example.com,Northeast,technology,Mid-Market,automation,discovery,10598.66,159,18,3,False,0.119,False,Engagement has slowed and the proposal has not received internal sponsorship. Primary contact: buyer006@example.com.,lost,0.0,Budget or timing constraints prevented the purchase.
OPP-01007,2025-06-30T10:58:00,analyst38@example.com,West,healthcare,Mid-Market,analytics,discovery,72196.79,29,98,0,True,0.176,False,Customer is still comparing alternatives and gathering internal feedback.,lost,0.0,Competitor preference and switching costs reduced win likelihood.
OPP-01628,2025-05-10T12:37:00,analyst32@example.com,West,retail,SMB,data_platform,proposal,10266.15,71,71,4,True,0.206,True,Customer is still comparing alternatives and gathering internal feedback.,lost,0.0,Budget or timing constraints prevented the purchase.
OPP-01633,2025-05-23T02:51:00,analyst37@example.com,Northeast,healthcare,Mid-Market,automation,proposal,18496.98,147,61,0,False,0.255,True,Discovery is ongoing and the team requested additional product information. Primary contact: buyer156@example.com.,won,17168.25,Strong executive sponsorship and clear ROI case.
OPP-01075,2025-07-27T18:54:00,analyst49@example.com,Northeast,retail,Mid-Market,security,proposal,30300.53,31,95,6,False,0.044,True,Executive sponsor is engaged and the buying team confirmed a clear business need.,won,28204.87,Successful technical evaluation with approved budget.
OPP-00579,2026-02-02T14:51:00,analyst09@example.com,Northeast,financial_services,SMB,security,discovery,9941.13,110,54,5,False,0.01,False,Discovery is ongoing and the team requested additional product information.,lost,0.0,Competitor preference and switching costs reduced win likelihood.
OPP-02107,2026-03-07T20:13:00,analyst55@example.com,Northeast,retail,SMB,security,negotiation,68731.28,95,68,7,True,0.033,True,Discovery is ongoing and the team requested additional product information.,lost,0.0,Insufficient stakeholder engagement and unclear business case.
OPP-02351,2025-05-04T00:00:00,analyst14@example.com,Midwest,technology,Mid-Market,automation,proposal,63007.38,72,99,4,False,0.047,True,Technical evaluation is progressing well and the customer requested implementation details.,won,61228.31,Good product fit and timely stakeholder engagement.
OPP-02269,2025-02-11T11:48:00,analyst46@example.com,Northeast,manufacturing,Mid-Market,data_platform,discovery,34803.17,62,54,8,True,0.093,True,Discovery is ongoing and the team requested additional product information.,lost,0.0,Insufficient stakeholder engagement and unclear business case.
OPP-02308,2025-06-19T23:36:00,analyst28@example.com,South,technology,SMB,data_platform,proposal,22674.25,137,28,0,False,0.252,True,Engagement has slowed and the proposal has not received internal sponsorship.,lost,0.0,Competitor preference and switching costs reduced win likelihood.
OPP-00328,2025-08-08T13:37:00,analyst43@example.com,Northeast,healthcare,SMB,data_platform,qualification,14144.36,24,80,3,False,0.051,True,Budget is approved and procurement has provided a target decision date.,lost,0.0,Insufficient stakeholder engagement and unclear business case.
OPP-01791,2026-02-26T13:27:00,analyst24@example.com,West,retail,Mid-Market,data_platform,qualification,35246.61,72,42,3,False,0.279,False,A strong competitor is already deployed and switching costs are a concern.,lost,0.0,Insufficient stakeholder engagement and unclear business case.
OPP-00443,2025-02-17T10:08:00,analyst44@example.com,Northeast,retail,Enterprise,analytics,qualification,42625.18,70,100,7,False,0.188,False,The opportunity remains active but timing depends on the next planning cycle.,won,42808.35,Good product fit and timely stakeholder engagement.
OPP-01859,2025-12-07T04:11:00,analyst35@example.com,West,retail,SMB,analytics,proposal,21693.79,107,18,1,False,0.159,True,Budget is uncertain and the main decision maker has not joined recent meetings.,lost,0.0,Competitor preference and switching costs reduced win likelihood.
OPP-02176,2025-10-04T05:50:00,analyst10@example.com,West,technology,Enterprise,automation,discovery,39117.38,151,87,1,True,0.238,False,The customer delayed the project and has not confirmed a decision timeline.,lost,0.0,Competitor preference and switching costs reduced win likelihood.
OPP-02416,2025-08-16T12:57:00,analyst22@example.com,West,financial_services,SMB,security,proposal,34455.2,169,70,7,False,0.11,True,Customer is still comparing alternatives and gathering internal feedback.,lost,0.0,Budget or timing constraints prevented the purchase.
OPP-00833,2025-11-23T00:49:00,analyst35@example.com,South,technology,SMB,analytics,discovery,8065.34,48,38,3,False,0.092,True,Budget is uncertain and the main decision maker has not joined recent meetings.,lost,0.0,Insufficient stakeholder engagement and unclear business case.
OPP-02380,2025-02-26T07:28:00,analyst43@example.com,Midwest,technology,SMB,analytics,qualification,56930.13,33,90,2,False,0.237,False,Stakeholders are interested but the business case is still being refined.,lost,0.0,Competitor preference and switching costs reduced win likelihood.
OPP-02109,2026-02-05T12:30:00,analyst00@example.com,Midwest,technology,Mid-Market,data_platform,discovery,14264.53,14,96,9,False,0.246,False,Discovery is ongoing and the team requested additional product information.,won,14588.58,Successful technical evaluation with approved budget.
OPP-01415,2025-11-28T06:10:00,analyst47@example.com,Northeast,healthcare,Mid-Market,automation,proposal,24291.31,68,60,3,False,0.136,True,Stakeholders are interested but the business case is still being refined. Primary contact: buyer149@example.com.,lost,0.0,Budget or timing constraints prevented the purchase.
OPP-01202,2026-02-03T12:25:00,analyst05@example.com,Northeast,financial_services,Enterprise,security,discovery,10080.52,179,28,2,True,0.177,False,The customer delayed the project and has not confirmed a decision timeline.,won,10248.2,Good product fit and timely stakeholder engagement.
OPP-02320,2025-05-09T19:52:00,analyst40@example.com,West,retail,SMB,security,discovery,10224.75,68,30,2,True,0.013,False,  The customer delayed the project and has not confirmed a decision timeline.  ,lost,0.0,Insufficient stakeholder engagement and unclear business case.
OPP-01500,2025-01-12T05:16:00,analyst18@example.com,Northeast,retail,SMB,automation,negotiation,13971.31,34,95,6,False,0.119,True,Executive sponsor is engaged and the buying team confirmed a clear business need.,won,13521.43,Successful technical evaluation with approved budget.
OPP-01903,2025-04-21T11:13:00,analyst22@example.com,Northeast,technology,SMB,automation,discovery,17452.1,118,53,6,True,0.222,True,Budget is uncertain and the main decision maker has not joined recent meetings. Primary contact: buyer004@example.com.,lost,0.0,Insufficient stakeholder engagement and unclear business case.
OPP-00087,2025-11-12T08:33:00,analyst30@example.com,Northeast,healthcare,SMB,security,discovery,176252.87,23,31,5,False,0.126,False,A strong competitor is already deployed and switching costs are a concern.,lost,0.0,Budget or timing constraints prevented the purchase.
OPP-01404,2025-01-03T04:10:00,analyst36@example.com,South,technology,Mid-Market,security,discovery,22005.61,45,64,2,True,0.061,False,The opportunity remains active but timing depends on the next planning cycle.,lost,0.0,Competitor preference and switching costs reduced win likelihood.
OPP-02932,2025-02-12T13:56:00,analyst25@example.com,South,retail,Mid-Market,analytics,qualification,5000.0,38,67,7,True,0.078,False,Discovery is ongoing and the team requested additional product information. Primary contact: buyer189@example.com.,lost,0.0,Competitor preference and switching costs reduced win likelihood.
OPP-01482,2025-03-26T16:31:00,analyst00@example.com,West,manufacturing,Mid-Market,automation,discovery,53305.25,33,86,10,True,0.003,False,Discovery is ongoing and the team requested additional product information. Primary contact: buyer005@example.com.,lost,0.0,Insufficient stakeholder engagement and unclear business case.
OPP-00778,2025-09-01T00:15:00,analyst37@example.com,South,technology,SMB,analytics,proposal,32501.66,144,53,8,False,0.028,True,Customer is still comparing alternatives and gathering internal feedback.,won,30233.9,Successful technical evaluation with approved budget.
OPP-00800,2025-07-16T12:16:00,analyst02@example.com,West,technology,SMB,analytics,qualification,19341.39,93,96,5,True,0.203,True,Stakeholders are interested but the business case is still being refined.,won,18672.7,Strong executive sponsorship and clear ROI case.
OPP-01667,2025-03-28T09:11:00,analyst14@example.com,West,manufacturing,SMB,analytics,discovery,52998.6,174,18,6,True,0.263,False,Budget is uncertain and the main decision maker has not joined recent meetings.,lost,0.0,Competitor preference and switching costs reduced win likelihood.
OPP-01895,2025-12-22T12:50:00,analyst14@example.com,West,financial_services,SMB,security,qualification,16887.38,61,99,4,True,0.136,False,The opportunity remains active but timing depends on the next planning cycle.,won,17102.42,Successful technical evaluation with approved budget.
OPP-00055,2025-09-22T10:23:00,analyst55@example.com,South,manufacturing,SMB,security,discovery,31791.78,44,68,10,True,0.137,False,Stakeholders are interested but the business case is still being refined.,lost,0.0,Budget or timing constraints prevented the purchase.
OPP-02368,2025-07-12T16:54:00,analyst31@example.com,South,healthcare,Enterprise,security,negotiation,23968.97,40,73,10,True,0.048,True,The opportunity remains active but timing depends on the next planning cycle.,lost,0.0,Insufficient stakeholder engagement and unclear business case.
OPP-01288,2025-05-01T04:42:00,analyst34@example.com,South,manufacturing,SMB,automation,negotiation,25912.33,103,70,9,False,0.181,True,Customer is still comparing alternatives and gathering internal feedback.,won,25863.44,Good product fit and timely stakeholder engagement.
OPP-01668,2025-03-17T17:48:00,analyst15@example.com,Northeast,financial_services,Mid-Market,security,qualification,13798.91,19,61,8,False,0.159,False,The opportunity remains active but timing depends on the next planning cycle.,won,14188.86,Good product fit and timely stakeholder engagement.
OPP-02592,2025-02-15T08:36:00,analyst27@example.com,Midwest,healthcare,Enterprise,automation,discovery,19136.96,99,30,8,True,0.048,False,The customer delayed the project and has not confirmed a decision timeline.,lost,0.0,Budget or timing constraints prevented the purchase.
OPP-02160,2025-09-04T14:50:00,analyst51@example.com,Northeast,financial_services,SMB,security,qualification,46911.28,143,96,1,True,0.206,True,A strong competitor is already deployed and switching costs are a concern.,won,47496.75,Strong executive sponsorship and clear ROI case.
OPP-01702,2025-11-13T10:20:00,analyst49@example.com,Midwest,financial_services,Mid-Market,security,discovery,27524.1,110,54,4,False,0.072,False,Discovery is ongoing and the team requested additional product information.,lost,0.0,Insufficient stakeholder engagement and unclear business case.
OPP-01246,2026-03-02T09:45:00,analyst49@example.com,West,technology,SMB,data_platform,proposal,9111.05,84,24,0,True,0.102,True,Budget is uncertain and the main decision maker has not joined recent meetings.,lost,0.0,Competitor preference and switching costs reduced win likelihood.
OPP-00114,2025-12-29T10:33:00,analyst00@example.com,South,technology,Mid-Market,security,negotiation,62507.02,106,45,8,True,0.079,True,The customer delayed the project and has not confirmed a decision timeline.,won,61032.47,Successful technical evaluation with approved budget.
OPP-02812,2025-02-06T04:14:00,analyst19@example.com,South,financial_services,SMB,analytics,qualification,50729.11,146,15,10,True,0.18,True,Budget is uncertain and the main decision maker has not joined recent meetings.,lost,0.0,Competitor preference and switching costs reduced win likelihood.
OPP-00988,2025-10-09T15:23:00,analyst19@example.com,Midwest,manufacturing,Mid-Market,analytics,negotiation,26153.95,131,56,4,True,0.174,True,A strong competitor is already deployed and switching costs are a concern.,lost,0.0,Budget or timing constraints prevented the purchase.
OPP-00502,2026-02-01T23:54:00,analyst46@example.com,South,manufacturing,SMB,data_platform,negotiation,42299.41,77,94,1,False,0.226,True,Executive sponsor is engaged and the buying team confirmed a clear business need.,won,39397.85,Successful technical evaluation with approved budget.
OPP-02158,2025-10-30T13:02:00,analyst49@example.com,South,financial_services,SMB,data_platform,discovery,71379.85,167,32,6,True,0.028,True,Budget is uncertain and the main decision maker has not joined recent meetings.,lost,0.0,Competitor preference and switching costs reduced win likelihood.
OPP-01010,2026-02-23T09:01:00,analyst41@example.com,West,technology,Mid-Market,data_platform,negotiation,36059.38,118,49,10,True,0.214,True,The customer delayed the project and has not confirmed a decision timeline. Primary contact: buyer166@example.com.,lost,0.0,Competitor preference and switching costs reduced win likelihood.
OPP-01199,2025-07-24T15:16:00,analyst02@example.com,West,technology,Mid-Market,analytics,negotiation,51388.66,178,88,0,True,0.228,True,Engagement has slowed and the proposal has not received internal sponsorship. Primary contact: buyer144@example.com.,lost,0.0,Insufficient stakeholder engagement and unclear business case.
OPP-01395,2025-12-20T11:15:00,analyst27@example.com,South,healthcare,Mid-Market,automation,negotiation,40187.41,60,34,3,True,0.012,True,The customer delayed the project and has not confirmed a decision timeline.,lost,0.0,Competitor preference and switching costs reduced win likelihood.
OPP-00590,2025-10-21T21:57:00,analyst20@example.com,West,technology,SMB,data_platform,negotiation,10922.43,9,57,10,False,0.089,True,The opportunity remains active but timing depends on the next planning cycle.,lost,0.0,Insufficient stakeholder engagement and unclear business case.
OPP-00769,2025-07-19T14:06:00,analyst28@example.com,West,healthcare,SMB,analytics,proposal,45756.26,106,48,0,False,0.011,True,Stakeholders are interested but the business case is still being refined. Primary contact: buyer136@example.com.,won,46134.35,Strong executive sponsorship and clear ROI case.
OPP-00018,2025-07-01T01:02:00,analyst18@example.com,Northeast,healthcare,Mid-Market,security,negotiation,19390.02,50,67,0,True,0.259,True,Stakeholders are interested but the business case is still being refined.,lost,0.0,Insufficient stakeholder engagement and unclear business case.
OPP-01043,2025-10-16T14:49:00,analyst17@example.com,West,healthcare,Mid-Market,security,qualification,19158.18,7,92,0,False,0.032,False,Customer is still comparing alternatives and gathering internal feedback. Primary contact: buyer199@example.com.,lost,0.0,Budget or timing constraints prevented the purchase.
OPP-01448,2026-02-24T06:57:00,analyst23@example.com,Northeast,manufacturing,SMB,security,proposal,9946.78,145,60,2,True,0.197,True,Engagement has slowed and the proposal has not received internal sponsorship.,lost,0.0,Competitor preference and switching costs reduced win likelihood.
OPP-02469,2025-04-17T12:37:00,analyst18@example.com,South,financial_services,Mid-Market,security,proposal,39692.44,130,80,5,True,0.097,True,Budget is uncertain and the main decision maker has not joined recent meetings.,won,40639.29,Successful technical evaluation with approved budget.
OPP-00286,2025-02-15T18:42:00,analyst01@example.com,Midwest,retail,Mid-Market,security,qualification,38908.19,150,53,6,False,0.256,False,Stakeholders are interested but the business case is still being refined.,lost,0.0,Competitor preference and switching costs reduced win likelihood.
OPP-02644,2025-06-11T09:13:00,analyst22@example.com,Northeast,healthcare,SMB,automation,qualification,11908.35,6,89,10,False,0.076,False,Customer is still comparing alternatives and gathering internal feedback.,won,12056.08,Strong executive sponsorship and clear ROI case.
OPP-00429,2025-11-19T10:49:00,analyst30@example.com,Midwest,healthcare,Mid-Market,analytics,discovery,52733.55,67,41,8,True,0.257,False,Engagement has slowed and the proposal has not received internal sponsorship.,lost,0.0,Budget or timing constraints prevented the purchase.
OPP-01329,2026-01-30T18:57:00,analyst18@example.com,West,retail,Mid-Market,analytics,qualification,44825.57,159,41,4,True,0.193,False,A strong competitor is already deployed and switching costs are a concern. Primary contact: buyer063@example.com.,lost,0.0,Competitor preference and switching costs reduced win likelihood.
OPP-01964,2025-05-27T16:20:00,analyst26@example.com,Midwest,financial_services,Mid-Market,analytics,proposal,14551.9,62,17,4,True,0.259,True,Budget is uncertain and the main decision maker has not joined recent meetings. Primary contact: buyer065@example.com.,lost,0.0,Budget or timing constraints prevented the purchase.
OPP-00670,2025-08-22T18:04:00,analyst43@example.com,Northeast,healthcare,SMB,automation,qualification,45246.25,108,20,5,True,0.275,False,Budget is uncertain and the main decision maker has not joined recent meetings.,lost,0.0,Budget or timing constraints prevented the purchase.
OPP-00032,2025-12-05T20:15:00,analyst32@example.com,Northeast,manufacturing,Mid-Market,analytics,negotiation,43597.24,97,96,7,False,0.122,True,Budget is approved and procurement has provided a target decision date.,won,43824.41,Good product fit and timely stakeholder engagement.
OPP-01342,2025-05-10T22:55:00,analyst31@example.com,Northeast,technology,SMB,security,qualification,53574.18,67,27,6,True,0.026,False,The customer delayed the project and has not confirmed a decision timeline.,lost,0.0,Competitor preference and switching costs reduced win likelihood.
OPP-00723,2025-12-12T04:42:00,analyst39@example.com,West,technology,SMB,data_platform,proposal,20925.17,82,69,9,False,0.134,True,Customer is still comparing alternatives and gathering internal feedback.,won,19322.6,Successful technical evaluation with approved budget.
OPP-00952,2026-01-02T10:53:00,analyst40@example.com,Midwest,retail,SMB,security,discovery,70367.22,73,96,5,False,0.101,True,Decision makers attended the latest meeting and asked for a final proposal.,won,67780.03,Successful technical evaluation with approved budget.
OPP-01915,2025-11-25T10:39:00,analyst34@example.com,West,retail,SMB,analytics,proposal,40606.39,173,56,7,False,0.235,True,Customer is still comparing alternatives and gathering internal feedback.,lost,0.0,Competitor preference and switching costs reduced win likelihood.
OPP-02299,2026-01-18T13:08:00,analyst19@example.com,Northeast,technology,Mid-Market,automation,discovery,25130.95,39,18,8,True,0.267,False,Budget is uncertain and the main decision maker has not joined recent meetings.,lost,0.0,Budget or timing constraints prevented the purchase.
OPP-00215,2025-08-29T19:05:00,analyst44@example.com,West,healthcare,Enterprise,data_platform,discovery,26788.29,133,32,7,True,0.022,False,Budget is uncertain and the main decision maker has not joined recent meetings.,lost,0.0,Competitor preference and switching costs reduced win likelihood.
OPP-00990,2026-02-07T20:51:00,analyst21@example.com,South,financial_services,Mid-Market,automation,discovery,40145.6,52,27,2,True,0.274,True,Budget is uncertain and the main decision maker has not joined recent meetings. Primary contact: buyer146@example.com.,lost,0.0,Competitor preference and switching costs reduced win likelihood.
OPP-01165,2025-06-18T17:39:00,analyst25@example.com,Northeast,manufacturing,SMB,automation,qualification,63017.4,41,61,2,True,0.073,True,Stakeholders are interested but the business case is still being refined.,lost,0.0,Competitor preference and switching costs reduced win likelihood.
OPP-02798,2025-06-21T20:05:00,analyst05@example.com,South,manufacturing,Mid-Market,security,discovery,43137.41,121,25,0,True,0.173,False,Engagement has slowed and the proposal has not received internal sponsorship.,lost,0.0,Competitor preference and switching costs reduced win likelihood.
OPP-02021,2026-02-13T05:09:00,analyst26@example.com,Midwest,financial_services,Enterprise,data_platform,proposal,17254.01,154,100,8,True,0.111,True,Budget is uncertain and the main decision maker has not joined recent meetings.,won,16870.77,Strong executive sponsorship and clear ROI case.
OPP-00327,2025-04-30T06:01:00,analyst42@example.com,Northeast,manufacturing,Mid-Market,security,proposal,92879.75,126,30,5,False,0.161,True,The customer delayed the project and has not confirmed a decision timeline.,won,86833.72,Good product fit and timely stakeholder engagement.
OPP-00561,2025-04-11T22:10:00,analyst48@example.com,Northeast,financial_services,SMB,security,discovery,19740.89,97,98,7,False,0.126,False,Discovery is ongoing and the team requested additional product information.,won,19625.44,Successful technical evaluation with approved budget.
OPP-01384,2025-04-14T06:25:00,analyst16@example.com,West,healthcare,Mid-Market,data_platform,proposal,18702.76,115,45,4,True,0.248,True,A strong competitor is already deployed and switching costs are a concern.,lost,0.0,Budget or timing constraints prevented the purchase.
OPP-01725,2025-03-30T15:32:00,analyst15@example.com,West,manufacturing,Enterprise,data_platform,discovery,54566.65,120,29,9,False,0.045,True,Engagement has slowed and the proposal has not received internal sponsorship.,lost,0.0,Budget or timing constraints prevented the purchase.
OPP-01087,2026-01-02T19:00:00,analyst04@example.com,West,technology,SMB,data_platform,proposal,50753.33,20,42,1,False,0.086,True,Engagement has slowed and the proposal has not received internal sponsorship.,won,51385.67,Strong executive sponsorship and clear ROI case.
OPP-02897,2025-05-26T19:22:00,analyst47@example.com,Northeast,financial_services,Enterprise,automation,negotiation,5265.61,147,29,5,True,0.021,True,The customer delayed the project and has not confirmed a decision timeline.,won,4903.54,Good product fit and timely stakeholder engagement.
OPP-00342,2025-09-05T13:52:00,analyst00@example.com,West,retail,Mid-Market,security,discovery,50068.71,86,63,9,True,0.16,False,Discovery is ongoing and the team requested additional product information.,lost,0.0,Insufficient stakeholder engagement and unclear business case.
OPP-01654,2025-06-05T19:46:00,analyst01@example.com,Midwest,healthcare,SMB,analytics,qualification,23467.32,78,60,2,False,0.243,False,Stakeholders are interested but the business case is still being refined.,lost,0.0,Budget or timing constraints prevented the purchase.
OPP-00148,2025-02-16T20:14:00,analyst34@example.com,Northeast,financial_services,Mid-Market,data_platform,discovery,95512.07,47,62,2,False,0.245,False,Customer is still comparing alternatives and gathering internal feedback.,won,90728.62,Successful technical evaluation with approved budget.
OPP-02345,2025-09-25T19:56:00,analyst08@example.com,Northeast,technology,Enterprise,automation,proposal,13261.95,99,55,7,True,0.039,True,The customer delayed the project and has not confirmed a decision timeline.,lost,0.0,Insufficient stakeholder engagement and unclear business case.
OPP-02418,2025-04-04T23:02:00,analyst24@example.com,Midwest,financial_services,SMB,data_platform,negotiation,32020.06,11,94,3,True,0.02,True,Discovery is ongoing and the team requested additional product information.,lost,0.0,Competitor preference and switching costs reduced win likelihood.
OPP-01108,2025-09-30T22:26:00,analyst25@example.com,Midwest,financial_services,Mid-Market,automation,qualification,35944.99,175,21,8,False,0.136,False,The customer delayed the project and has not confirmed a decision timeline.,lost,0.0,Budget or timing constraints prevented the purchase.
OPP-00849,2025-06-12T01:13:00,analyst51@example.com,Midwest,technology,SMB,data_platform,discovery,40512.52,51,27,4,True,0.238,False,Engagement has slowed and the proposal has not received internal sponsorship. Primary contact: buyer005@example.com.,lost,0.0,Insufficient stakeholder engagement and unclear business case.
OPP-00967,2025-03-05T07:18:00,analyst55@example.com,Northeast,manufacturing,Mid-Market,security,qualification,59787.38,98,64,1,True,0.078,False,A strong competitor is already deployed and switching costs are a concern.,won,55446.95,Good product fit and timely stakeholder engagement.
OPP-01073,2026-01-04T05:38:00,analyst47@example.com,Northeast,financial_services,SMB,data_platform,discovery,36704.96,52,46,0,True,0.112,False,Discovery is ongoing and the team requested additional product information.,won,36649.47,Strong executive sponsorship and clear ROI case.
OPP-02470,2026-01-15T13:41:00,analyst19@example.com,South,manufacturing,SMB,data_platform,qualification,14755.3,89,76,6,True,0.113,False,The opportunity remains active but timing depends on the next planning cycle.,lost,0.0,Competitor preference and switching costs reduced win likelihood.
OPP-01906,2025-09-21T08:53:00,analyst25@example.com,South,retail,Enterprise,data_platform,proposal,9085.21,161,21,2,False,0.168,True,Budget is uncertain and the main decision maker has not joined recent meetings.,lost,0.0,Competitor preference and switching costs reduced win likelihood.
OPP-00156,2025-03-03T12:41:00,analyst42@example.com,West,manufacturing,SMB,data_platform,discovery,22934.81,145,46,1,True,0.225,True,A strong competitor is already deployed and switching costs are a concern. Primary contact: buyer156@example.com.,won,22039.12,Successful technical evaluation with approved budget.
OPP-00666,2025-09-05T17:02:00,analyst39@example.com,West,retail,Mid-Market,automation,negotiation,16273.94,50,70,4,False,0.052,True,Discovery is ongoing and the team requested additional product information.,won,16105.19,Good product fit and timely stakeholder engagement.
OPP-00662,2025-02-09T01:45:00,analyst35@example.com,Midwest,financial_services,Mid-Market,automation,qualification,48460.0,31,92,3,False,0.201,False,Discovery is ongoing and the team requested additional product information.,lost,0.0,Insufficient stakeholder engagement and unclear business case.
OPP-01003,2025-09-17T00:56:00,analyst34@example.com,Northeast,technology,SMB,automation,proposal,29984.09,106,39,1,True,0.177,True,A strong competitor is already deployed and switching costs are a concern.,lost,0.0,Budget or timing constraints prevented the purchase.
OPP-02347,2025-02-26T19:28:00,analyst10@example.com,Midwest,manufacturing,Enterprise,analytics,qualification,8212.52,71,56,9,False,0.057,False,The opportunity remains active but timing depends on the next planning cycle.,lost,0.0,Competitor preference and switching costs reduced win likelihood.
OPP-02555,2025-07-06T01:37:00,analyst47@example.com,Midwest,manufacturing,Mid-Market,automation,qualification,25634.61,102,58,3,False,0.159,False,The opportunity remains active but timing depends on the next planning cycle.,lost,0.0,Budget or timing constraints prevented the purchase.
OPP-00177,2025-09-30T20:08:00,analyst06@example.com,South,healthcare,Mid-Market,data_platform,proposal,40013.52,101,59,7,True,0.131,True,Budget is uncertain and the main decision maker has not joined recent meetings. Primary contact: buyer177@example.com.,lost,0.0,Insufficient stakeholder engagement and unclear business case.
OPP-02660,2025-03-06T20:55:00,analyst38@example.com,Northeast,technology,Enterprise,security,proposal,6378.11,81,24,5,False,0.064,True,The customer delayed the project and has not confirmed a decision timeline. Primary contact: buyer128@example.com.,lost,0.0,Insufficient stakeholder engagement and unclear business case.
OPP-01880,2025-02-07T17:54:00,analyst56@example.com,Midwest,healthcare,Mid-Market,automation,discovery,75511.57,95,34,5,True,0.048,False,The customer delayed the project and has not confirmed a decision timeline.,lost,0.0,Insufficient stakeholder engagement and unclear business case.
OPP-01525,2025-11-25T08:00:00,analyst43@example.com,West,technology,Enterprise,data_platform,qualification,93064.21,58,93,8,True,0.175,False,Stakeholders are interested but the business case is still being refined.,lost,0.0,Competitor preference and switching costs reduced win likelihood.
OPP-02823,2025-07-30T02:15:00,analyst30@example.com,South,technology,Enterprise,data_platform,proposal,21814.14,159,83,3,True,0.272,True,A strong competitor is already deployed and switching costs are a concern.,lost,0.0,Competitor preference and switching costs reduced win likelihood.
OPP-01204,2025-11-28T00:20:00,analyst07@example.com,South,financial_services,Mid-Market,automation,proposal,10861.15,64,43,4,False,0.143,True,Stakeholders are interested but the business case is still being refined.,lost,0.0,Insufficient stakeholder engagement and unclear business case.
OPP-00025,2025-12-12T23:32:00,analyst25@example.com,West,technology,Mid-Market,analytics,discovery,84024.36,148,91,5,False,0.25,False,Stakeholders are interested but the business case is still being refined.,lost,0.0,Insufficient stakeholder engagement and unclear business case.
OPP-02816,2025-08-09T06:10:00,analyst23@example.com,West,retail,SMB,data_platform,negotiation,113260.3,150,58,10,False,0.249,True,The opportunity remains active but timing depends on the next planning cycle.,won,114012.39,Strong executive sponsorship and clear ROI case.
OPP-02014,2025-07-31T15:05:00,analyst19@example.com,West,retail,SMB,security,negotiation,14110.66,42,34,6,False,0.048,True,Budget is uncertain and the main decision maker has not joined recent meetings.,won,13321.08,Strong executive sponsorship and clear ROI case.
OPP-02517,2025-01-21T10:23:00,analyst09@example.com,Northeast,healthcare,Mid-Market,security,negotiation,52676.93,61,79,2,False,0.009,True,Budget is approved and procurement has provided a target decision date. Primary contact: buyer196@example.com.,won,52166.7,Good product fit and timely stakeholder engagement.
OPP-02305,2025-11-13T11:36:00,analyst25@example.com,Northeast,healthcare,SMB,automation,qualification,37986.09,11,74,0,True,0.043,False,Discovery is ongoing and the team requested additional product information.,lost,0.0,Insufficient stakeholder engagement and unclear business case.
OPP-00876,2025-12-20T12:21:00,analyst21@example.com,South,retail,Mid-Market,analytics,proposal,20559.1,79,28,6,False,0.268,True,Engagement has slowed and the proposal has not received internal sponsorship.,lost,0.0,Budget or timing constraints prevented the purchase.
OPP-02701,2025-04-18T11:56:00,analyst22@example.com,Northeast,technology,SMB,automation,discovery,16054.61,140,95,5,False,0.233,False,Discovery is ongoing and the team requested additional product information.,won,15590.9,Strong executive sponsorship and clear ROI case.
OPP-00939,2026-02-10T05:01:00,analyst27@example.com,West,technology,Mid-Market,analytics,discovery,54684.29,59,83,5,True,0.154,False,Stakeholders are interested but the business case is still being refined. Primary contact: buyer095@example.com.,won,50876.16,Good product fit and timely stakeholder engagement.
OPP-02703,2025-07-06T13:14:00,analyst24@example.com,West,manufacturing,SMB,security,discovery,24086.73,45,46,6,True,0.154,False,Stakeholders are interested but the business case is still being refined.,lost,0.0,Competitor preference and switching costs reduced win likelihood.
OPP-01553,2025-02-17T02:38:00,analyst14@example.com,Midwest,financial_services,SMB,security,proposal,14611.81,89,52,8,False,0.23,True,Customer is still comparing alternatives and gathering internal feedback.,lost,0.0,Budget or timing constraints prevented the purchase.
OPP-00347,2025-09-22T23:28:00,analyst05@example.com,South,healthcare,SMB,data_platform,proposal,15615.68,169,20,7,False,0.015,True,Budget is uncertain and the main decision maker has not joined recent meetings.,lost,0.0,Competitor preference and switching costs reduced win likelihood.
OPP-02513,2025-08-26T20:12:00,analyst05@example.com,Northeast,financial_services,Mid-Market,security,qualification,48523.72,98,88,5,False,0.179,False,Customer is still comparing alternatives and gathering internal feedback.,won,47833.33,Strong executive sponsorship and clear ROI case.
OPP-02978,2026-01-26T15:00:00,analyst14@example.com,South,financial_services,Mid-Market,automation,proposal,114825.55,132,53,7,False,0.224,True,The opportunity remains active but timing depends on the next planning cycle.,won,112068.01,Strong executive sponsorship and clear ROI case.
OPP-01234,2025-12-03T16:22:00,analyst37@example.com,West,manufacturing,SMB,security,proposal,12600.65,144,99,1,True,0.099,True,Budget is uncertain and the main decision maker has not joined recent meetings. Primary contact: buyer179@example.com.,won,12501.55,Good product fit and timely stakeholder engagement.
OPP-01927,2025-10-29T14:04:00,analyst46@example.com,Northeast,manufacturing,SMB,analytics,proposal,48569.71,68,44,8,False,0.021,True,Customer is still comparing alternatives and gathering internal feedback.,lost,0.0,Budget or timing constraints prevented the purchase.
OPP-00386,2025-08-26T03:33:00,analyst44@example.com,West,manufacturing,SMB,security,negotiation,53843.08,160,31,2,False,0.129,True,Engagement has slowed and the proposal has not received internal sponsorship. Primary contact: buyer175@example.com.,lost,0.0,Insufficient stakeholder engagement and unclear business case.
OPP-01830,2025-11-06T04:11:00,analyst06@example.com,West,manufacturing,SMB,security,qualification,33059.27,143,62,3,True,0.012,True,Engagement has slowed and the proposal has not received internal sponsorship. Primary contact: buyer142@example.com.,won,31658.61,Strong executive sponsorship and clear ROI case.
OPP-02167,2025-12-24T19:21:00,analyst01@example.com,Northeast,technology,SMB,analytics,discovery,16829.28,87,54,5,False,0.262,True,The opportunity remains active but timing depends on the next planning cycle.,won,16694.61,Strong executive sponsorship and clear ROI case.
OPP-02514,2025-08-02T01:01:00,analyst06@example.com,Northeast,manufacturing,Enterprise,data_platform,negotiation,13664.44,98,41,7,True,0.055,True,A strong competitor is already deployed and switching costs are a concern.,lost,0.0,Competitor preference and switching costs reduced win likelihood.
OPP-02316,2026-02-13T05:20:00,analyst36@example.com,Midwest,retail,SMB,automation,qualification,32062.13,138,76,0,False,0.266,True,Executive sponsor is engaged and the buying team confirmed a clear business need.,lost,0.0,Budget or timing constraints prevented the purchase.
OPP-00244,2025-09-11T05:49:00,analyst16@example.com,Northeast,financial_services,SMB,analytics,proposal,39403.58,96,97,2,False,0.222,True,Technical evaluation is progressing well and the customer requested implementation details.,won,39669.23,Good product fit and timely stakeholder engagement.
OPP-02092,2025-05-14T05:37:00,analyst40@example.com,West,manufacturing,Mid-Market,automation,qualification,9925.1,40,21,0,True,0.257,False,A strong competitor is already deployed and switching costs are a concern.,lost,0.0,Competitor preference and switching costs reduced win likelihood.
OPP-01827,2025-03-06T01:46:00,analyst03@example.com,West,financial_services,SMB,analytics,negotiation,38644.27,16,43,7,False,0.193,True,Discovery is ongoing and the team requested additional product information.,won,36892.0,Successful technical evaluation with approved budget.
OPP-00937,2025-01-02T03:10:00,analyst25@example.com,Midwest,financial_services,SMB,automation,negotiation,10958.41,50,16,2,True,0.099,True,Budget is uncertain and the main decision maker has not joined recent meetings.,lost,0.0,Budget or timing constraints prevented the purchase.
OPP-01690,2025-01-23T12:08:00,analyst37@example.com,West,manufacturing,SMB,data_platform,discovery,28383.0,177,58,0,False,0.213,False,Customer is still comparing alternatives and gathering internal feedback.,lost,0.0,Competitor preference and switching costs reduced win likelihood.
OPP-02586,2025-04-26T11:18:00,analyst21@example.com,South,healthcare,Mid-Market,automation,proposal,48064.77,168,62,6,False,0.127,True,Discovery is ongoing and the team requested additional product information. Primary contact: buyer054@example.com.,lost,0.0,Competitor preference and switching costs reduced win likelihood.
OPP-00313,2026-02-20T16:07:00,analyst28@example.com,West,manufacturing,SMB,security,discovery,26233.76,147,16,6,False,0.037,False,The customer delayed the project and has not confirmed a decision timeline. Primary contact: buyer102@example.com.,lost,0.0,Competitor preference and switching costs reduced win likelihood.
OPP-01460,2025-11-05T10:13:00,analyst35@example.com,West,manufacturing,Mid-Market,data_platform,discovery,6320.38,135,27,3,True,0.262,True,A strong competitor is already deployed and switching costs are a concern. Primary contact: buyer194@example.com.,lost,0.0,Budget or timing constraints prevented the purchase.
OPP-02931,2026-02-28T15:14:00,analyst24@example.com,West,manufacturing,SMB,security,discovery,29345.99,46,59,2,False,0.123,False,The opportunity remains active but timing depends on the next planning cycle.,lost,0.0,Budget or timing constraints prevented the purchase.
OPP-02113,2026-03-01T02:10:00,analyst04@example.com,West,technology,SMB,automation,discovery,65198.23,139,47,2,True,0.03,False,A strong competitor is already deployed and switching costs are a concern.,lost,0.0,Competitor preference and switching costs reduced win likelihood.
OPP-01333,2025-07-13T04:15:00,analyst22@example.com,West,technology,Mid-Market,security,qualification,49810.54,12,98,10,False,0.17,True,Executive sponsor is engaged and the buying team confirmed a clear business need.,won,49954.11,Good product fit and timely stakeholder engagement.
OPP-00969,2025-10-22T04:15:00,analyst00@example.com,West,technology,Enterprise,analytics,qualification,25762.84,8,24,9,False,0.139,True,A strong competitor is already deployed and switching costs are a concern.,won,24920.39,Good product fit and timely stakeholder engagement.
OPP-01455,2025-06-12T13:15:00,analyst30@example.com,South,technology,Enterprise,analytics,proposal,17790.95,84,23,4,False,0.243,True,Budget is uncertain and the main decision maker has not joined recent meetings.,won,16888.03,Good product fit and timely stakeholder engagement.
OPP-00661,2025-04-09T06:25:00,analyst34@example.com,West,retail,Mid-Market,automation,discovery,76638.86,165,88,6,False,0.198,False,Discovery is ongoing and the team requested additional product information.,won,71157.22,Successful technical evaluation with approved budget.
OPP-01935,2025-05-28T16:27:00,analyst54@example.com,Midwest,retail,SMB,automation,qualification,52453.27,144,71,2,False,0.222,False,Stakeholders are interested but the business case is still being refined. Primary contact: buyer036@example.com.,lost,0.0,Competitor preference and switching costs reduced win likelihood.
OPP-00936,2025-11-05T17:09:00,analyst24@example.com,Northeast,healthcare,Enterprise,data_platform,negotiation,72103.65,149,86,8,True,0.24,True,Budget is uncertain and the main decision maker has not joined recent meetings. Primary contact: buyer092@example.com.,lost,0.0,Insufficient stakeholder engagement and unclear business case.
OPP-00371,2025-12-27T15:03:00,analyst29@example.com,West,retail,Enterprise,data_platform,qualification,22080.41,161,77,3,False,0.148,False,Stakeholders are interested but the business case is still being refined.,lost,0.0,Budget or timing constraints prevented the purchase.
OPP-00567,2025-03-29T16:06:00,analyst54@example.com,South,technology,Mid-Market,analytics,negotiation,35880.61,6,77,0,True,0.079,True,Discovery is ongoing and the team requested additional product information.,won,36633.37,Successful technical evaluation with approved budget.
OPP-01974,2025-01-29T19:46:00,analyst36@example.com,Midwest,retail,SMB,automation,negotiation,53815.27,90,46,2,False,0.036,True,The opportunity remains active but timing depends on the next planning cycle.,lost,0.0,Competitor preference and switching costs reduced win likelihood.
OPP-01855,2025-04-26T03:08:00,analyst31@example.com,Midwest,healthcare,Mid-Market,analytics,qualification,67278.19,121,97,9,False,0.068,False,Discovery is ongoing and the team requested additional product information. Primary contact: buyer167@example.com.,won,62694.76,Successful technical evaluation with approved budget.
OPP-01025,2025-08-02T08:27:00,analyst56@example.com,South,healthcare,Mid-Market,data_platform,qualification,25723.54,88,99,3,False,0.204,False,Customer is still comparing alternatives and gathering internal feedback.,won,25019.24,Good product fit and timely stakeholder engagement.
OPP-00825,2025-01-15T12:07:00,analyst27@example.com,South,technology,Mid-Market,automation,proposal,23678.83,105,35,0,False,0.126,True,A strong competitor is already deployed and switching costs are a concern.,lost,0.0,Competitor preference and switching costs reduced win likelihood.
OPP-00983,2025-07-12T04:55:00,analyst14@example.com,Northeast,technology,Mid-Market,data_platform,proposal,85550.68,76,63,9,False,0.043,True,Stakeholders are interested but the business case is still being refined.,won,79312.77,Successful technical evaluation with approved budget.
OPP-02855,2025-08-31T09:23:00,analyst05@example.com,South,retail,Mid-Market,security,discovery,41466.13,88,52,9,False,0.052,False,Discovery is ongoing and the team requested additional product information. Primary contact: buyer112@example.com.,lost,0.0,Competitor preference and switching costs reduced win likelihood.
OPP-02074,2025-03-19T20:50:00,analyst22@example.com,West,manufacturing,Mid-Market,analytics,proposal,31281.09,180,56,7,False,0.015,True,Discovery is ongoing and the team requested additional product information.,lost,0.0,Competitor preference and switching costs reduced win likelihood.
OPP-01646,2026-02-26T16:40:00,analyst50@example.com,Northeast,manufacturing,SMB,security,qualification,62465.7,63,51,10,True,0.042,False,Customer is still comparing alternatives and gathering internal feedback.,lost,0.0,Budget or timing constraints prevented the purchase.
OPP-02588,2026-01-10T06:03:00,analyst23@example.com,Northeast,healthcare,SMB,data_platform,discovery,49507.8,126,23,7,False,0.065,False,A strong competitor is already deployed and switching costs are a concern.,lost,0.0,Insufficient stakeholder engagement and unclear business case.
OPP-02251,2025-03-01T05:57:00,analyst28@example.com,Northeast,healthcare,Mid-Market,analytics,discovery,61062.77,56,81,0,True,0.002,True,Discovery is ongoing and the team requested additional product information.,lost,0.0,Budget or timing constraints prevented the purchase.
OPP-02124,2025-12-03T03:35:00,analyst15@example.com,Northeast,technology,SMB,analytics,proposal,28889.88,118,43,1,False,0.134,True,Customer is still comparing alternatives and gathering internal feedback.,lost,0.0,Insufficient stakeholder engagement and unclear business case.
OPP-00814,2025-12-20T18:44:00,analyst16@example.com,Northeast,technology,SMB,security,qualification,55366.78,49,42,4,False,0.1,False,A strong competitor is already deployed and switching costs are a concern.,lost,0.0,Budget or timing constraints prevented the purchase.
OPP-01793,2025-06-02T22:53:00,analyst26@example.com,Midwest,financial_services,Enterprise,analytics,discovery,22485.18,11,60,2,True,0.159,True,The opportunity remains active but timing depends on the next planning cycle. Primary contact: buyer105@example.com.,lost,0.0,Insufficient stakeholder engagement and unclear business case.
OPP-01431,2025-11-14T12:22:00,analyst06@example.com,Northeast,financial_services,SMB,security,qualification,12661.94,143,44,10,False,0.165,True,Stakeholders are interested but the business case is still being refined.,won,12286.2,Successful technical evaluation with approved budget.
OPP-00779,2025-05-16T03:22:00,analyst38@example.com,Midwest,technology,SMB,analytics,negotiation,31847.85,127,20,7,False,0.114,True,A strong competitor is already deployed and switching costs are a concern. Primary contact: buyer146@example.com.,lost,0.0,Budget or timing constraints prevented the purchase.
OPP-01750,2026-01-28T21:07:00,analyst40@example.com,West,technology,Enterprise,security,discovery,21755.94,55,98,10,False,0.185,False,Stakeholders are interested but the business case is still being refined.,won,20739.12,Successful technical evaluation with approved budget.
OPP-01321,2025-08-29T13:56:00,analyst10@example.com,West,retail,SMB,analytics,discovery,12638.25,115,45,0,False,0.066,False,Customer is still comparing alternatives and gathering internal feedback.,lost,0.0,Budget or timing constraints prevented the purchase.
OPP-02111,2025-11-07T19:30:00,analyst02@example.com,Midwest,financial_services,Mid-Market,security,qualification,74700.82,140,95,2,True,0.16,False,The customer delayed the project and has not confirmed a decision timeline.,lost,0.0,Budget or timing constraints prevented the purchase.
OPP-02877,2025-12-25T21:41:00,analyst27@example.com,South,financial_services,SMB,data_platform,proposal,36846.05,71,59,10,True,0.085,True,Customer is still comparing alternatives and gathering internal feedback.,won,37579.09,Good product fit and timely stakeholder engagement.
OPP-01053,2026-01-29T21:47:00,analyst27@example.com,Midwest,healthcare,Enterprise,data_platform,proposal,21160.06,38,28,1,False,0.031,True,Budget is uncertain and the main decision maker has not joined recent meetings. Primary contact: buyer209@example.com.,lost,0.0,Competitor preference and switching costs reduced win likelihood.
OPP-02494,2025-09-11T01:57:00,analyst43@example.com,South,retail,Mid-Market,automation,discovery,13062.45,24,74,1,False,0.122,False,The opportunity remains active but timing depends on the next planning cycle.,lost,0.0,Competitor preference and switching costs reduced win likelihood.
OPP-01014,2025-06-05T07:53:00,analyst45@example.com,Northeast,healthcare,Mid-Market,automation,proposal,41582.11,32,85,5,True,0.242,True,Stakeholders are interested but the business case is still being refined.,won,38471.63,Strong executive sponsorship and clear ROI case.
OPP-01929,2026-01-22T14:33:00,analyst48@example.com,Midwest,retail,SMB,automation,negotiation,62293.76,67,53,9,False,0.101,True,Customer is still comparing alternatives and gathering internal feedback.,won,62260.83,Successful technical evaluation with approved budget.
OPP-01402,2025-08-06T23:52:00,analyst34@example.com,Midwest,financial_services,Mid-Market,security,qualification,70252.38,73,66,10,False,0.139,True,Discovery is ongoing and the team requested additional product information.,won,71220.62,Good product fit and timely stakeholder engagement.
OPP-01823,2025-01-10T02:08:00,analyst56@example.com,Northeast,financial_services,Enterprise,data_platform,qualification,41300.82,52,80,0,False,0.179,False,The opportunity remains active but timing depends on the next planning cycle. Primary contact: buyer135@example.com.,won,38387.64,Strong executive sponsorship and clear ROI case.
OPP-02253,2025-12-12T04:04:00,analyst30@example.com,Northeast,manufacturing,SMB,data_platform,negotiation,35761.79,133,83,3,True,0.049,True,A strong competitor is already deployed and switching costs are a concern. Primary contact: buyer143@example.com.,won,33186.72,Successful technical evaluation with approved budget.
OPP-02499,2025-06-03T16:38:00,analyst48@example.com,Midwest,technology,Mid-Market,automation,discovery,42521.94,15,49,1,False,0.018,True,Discovery is ongoing and the team requested additional product information.,won,42661.28,Strong executive sponsorship and clear ROI case.
OPP-02597,2026-01-10T08:35:00,analyst32@example.com,Midwest,technology,SMB,data_platform,qualification,42610.18,150,70,8,True,0.236,False,Budget is uncertain and the main decision maker has not joined recent meetings.,won,39929.66,Good product fit and timely stakeholder engagement.
OPP-00127,2025-02-20T16:38:00,analyst13@example.com,Midwest,retail,Enterprise,automation,discovery,8249.55,98,29,9,True,0.279,True,A strong competitor is already deployed and switching costs are a concern.,lost,0.0,Competitor preference and switching costs reduced win likelihood.
OPP-02097,2025-01-30T14:33:00,analyst45@example.com,South,healthcare,Enterprise,analytics,discovery,30521.0,127,17,9,True,0.071,False,Budget is uncertain and the main decision maker has not joined recent meetings.,lost,0.0,Budget or timing constraints prevented the purchase.
OPP-02949,2025-12-24T22:02:00,analyst42@example.com,Midwest,technology,SMB,automation,discovery,23481.78,168,89,0,True,0.145,False,The customer delayed the project and has not confirmed a decision timeline.,lost,0.0,Competitor preference and switching costs reduced win likelihood.
OPP-00888,2025-10-31T12:57:00,analyst33@example.com,South,healthcare,Enterprise,data_platform,proposal,28080.35,162,27,6,True,0.009,True,The customer delayed the project and has not confirmed a decision timeline.,lost,0.0,Insufficient stakeholder engagement and unclear business case.
OPP-02462,2025-02-03T06:48:00,analyst11@example.com,West,manufacturing,Mid-Market,security,qualification,29517.9,25,49,10,False,0.076,True,Customer is still comparing alternatives and gathering internal feedback.,won,27411.91,Strong executive sponsorship and clear ROI case.
OPP-01348,2026-02-27T03:54:00,analyst37@example.com,West,financial_services,Mid-Market,automation,qualification,52376.4,107,81,10,False,0.217,False,Stakeholders are interested but the business case is still being refined.,won,50274.0,Successful technical evaluation with approved budget.
OPP-01008,2025-01-13T10:44:00,analyst39@example.com,Northeast,manufacturing,SMB,security,negotiation,40586.12,156,68,9,False,0.18,True,The opportunity remains active but timing depends on the next planning cycle.,won,38134.78,Successful technical evaluation with approved budget.
OPP-00356,2025-09-27T11:53:00,analyst14@example.com,South,healthcare,SMB,security,discovery,25489.7,60,51,10,True,0.051,False,The opportunity remains active but timing depends on the next planning cycle. Primary contact: buyer145@example.com.,won,25994.55,Successful technical evaluation with approved budget.
OPP-01004,2026-02-10T01:29:00,analyst35@example.com,South,retail,Enterprise,automation,proposal,34527.96,20,72,6,False,0.121,True,Decision makers attended the latest meeting and asked for a final proposal.,won,32439.16,Strong executive sponsorship and clear ROI case.
OPP-01484,2025-01-21T05:28:00,analyst02@example.com,South,technology,SMB,data_platform,proposal,23312.9,37,34,7,True,0.273,True,Budget is uncertain and the main decision maker has not joined recent meetings.,lost,0.0,Competitor preference and switching costs reduced win likelihood.
OPP-00683,2025-10-01T06:23:00,analyst56@example.com,West,retail,SMB,data_platform,proposal,11078.03,67,42,3,False,0.265,True,Engagement has slowed and the proposal has not received internal sponsorship.,lost,0.0,Competitor preference and switching costs reduced win likelihood.
OPP-00828,2026-02-02T07:51:00,analyst30@example.com,Northeast,manufacturing,SMB,security,qualification,41961.35,136,100,5,True,0.139,False,Budget is uncertain and the main decision maker has not joined recent meetings. Primary contact: buyer195@example.com.,won,38947.56,Successful technical evaluation with approved budget.
OPP-01640,2025-08-19T13:55:00,analyst44@example.com,Midwest,manufacturing,Mid-Market,security,qualification,33837.63,83,33,10,False,0.005,False,Engagement has slowed and the proposal has not received internal sponsorship.,lost,0.0,Budget or timing constraints prevented the purchase.
OPP-00985,2025-03-31T19:03:00,analyst16@example.com,South,financial_services,SMB,automation,proposal,19532.74,39,57,6,False,0.03,True,Discovery is ongoing and the team requested additional product information.,won,18917.6,Successful technical evaluation with approved budget.
OPP-00363,2025-10-18T19:35:00,analyst21@example.com,Northeast,manufacturing,Enterprise,data_platform,negotiation,42602.92,17,97,4,True,0.016,True,Stakeholders are interested but the business case is still being refined.,won,43717.22,Strong executive sponsorship and clear ROI case.
OPP-00346,2025-05-28T10:02:00,analyst04@example.com,West,healthcare,Enterprise,automation,qualification,34704.05,34,34,3,True,0.223,False,Engagement has slowed and the proposal has not received internal sponsorship.,lost,0.0,Budget or timing constraints prevented the purchase.
OPP-02064,2026-02-27T15:49:00,analyst12@example.com,West,retail,Enterprise,analytics,discovery,19706.54,48,52,9,True,0.054,False,The opportunity remains active but timing depends on the next planning cycle. Primary contact: buyer165@example.com.,lost,0.0,Competitor preference and switching costs reduced win likelihood.
OPP-00712,2025-08-06T18:35:00,analyst28@example.com,Midwest,retail,SMB,data_platform,discovery,5000.0,176,80,6,True,0.032,False,A strong competitor is already deployed and switching costs are a concern. Primary contact: buyer079@example.com.,won,5004.64,Good product fit and timely stakeholder engagement.
OPP-02067,2025-01-04T21:53:00,analyst15@example.com,West,financial_services,SMB,automation,discovery,73759.47,72,26,9,False,0.0,False,Budget is uncertain and the main decision maker has not joined recent meetings.,lost,0.0,Competitor preference and switching costs reduced win likelihood.
OPP-00011,2025-12-17T20:20:00,analyst11@example.com,South,financial_services,SMB,security,qualification,13942.38,24,71,8,True,0.183,False,Discovery is ongoing and the team requested additional product information. Primary contact: buyer011@example.com.,lost,0.0,Competitor preference and switching costs reduced win likelihood.
OPP-02422,2025-06-21T15:41:00,analyst28@example.com,West,technology,SMB,automation,discovery,17306.54,104,39,6,False,0.173,False,A strong competitor is already deployed and switching costs are a concern.,lost,0.0,Competitor preference and switching costs reduced win likelihood.
OPP-01835,2026-02-12T19:06:00,analyst11@example.com,South,retail,Mid-Market,automation,discovery,24505.19,77,33,6,True,0.016,False,Engagement has slowed and the proposal has not received internal sponsorship. Primary contact: buyer147@example.com.,lost,0.0,Insufficient stakeholder engagement and unclear business case.
OPP-00794,2025-10-01T18:47:00,analyst53@example.com,Midwest,retail,SMB,automation,negotiation,22429.88,118,50,5,True,0.06,True,Budget is uncertain and the main decision maker has not joined recent meetings. Primary contact: buyer161@example.com.,lost,0.0,Competitor preference and switching costs reduced win likelihood.
OPP-02771,2025-12-22T01:38:00,analyst35@example.com,Northeast,technology,Mid-Market,analytics,qualification,118969.5,145,54,2,False,0.045,False,Stakeholders are interested but the business case is still being refined.,won,112718.41,Successful technical evaluation with approved budget.
OPP-00095,2025-01-20T17:41:00,analyst38@example.com,Midwest,manufacturing,SMB,security,negotiation,42621.34,91,79,8,False,0.198,True,Executive sponsor is engaged and the buying team confirmed a clear business need.,won,40654.13,Good product fit and timely stakeholder engagement.
OPP-00130,2025-03-26T03:15:00,analyst16@example.com,South,healthcare,Enterprise,security,qualification,15133.43,121,41,8,False,0.133,False,The customer delayed the project and has not confirmed a decision timeline. Primary contact: buyer130@example.com.,lost,0.0,Budget or timing constraints prevented the purchase.
OPP-01901,2025-05-07T20:58:00,analyst20@example.com,Midwest,retail,Mid-Market,analytics,qualification,39507.1,133,69,3,True,0.191,True,Engagement has slowed and the proposal has not received internal sponsorship. Primary contact: buyer002@example.com.,lost,0.0,Budget or timing constraints prevented the purchase.
OPP-02401,2025-12-06T21:06:00,analyst07@example.com,Northeast,healthcare,SMB,security,negotiation,6265.26,89,43,2,False,0.199,True,Discovery is ongoing and the team requested additional product information. Primary contact: buyer080@example.com.,lost,0.0,Budget or timing constraints prevented the purchase.
OPP-01933,2025-09-20T16:30:00,analyst52@example.com,South,healthcare,Mid-Market,automation,qualification,16514.62,12,40,2,False,0.121,True,Engagement has slowed and the proposal has not received internal sponsorship.,won,16921.45,Good product fit and timely stakeholder engagement.
OPP-02152,2026-01-11T09:58:00,analyst43@example.com,South,technology,Mid-Market,security,qualification,62742.31,131,17,4,True,0.218,True,Engagement has slowed and the proposal has not received internal sponsorship.,lost,0.0,Competitor preference and switching costs reduced win likelihood.
OPP-01866,2025-08-07T23:20:00,analyst42@example.com,Northeast,technology,SMB,data_platform,discovery,32172.35,150,57,7,False,0.047,False,The opportunity remains active but timing depends on the next planning cycle. Primary contact: buyer178@example.com.,lost,0.0,Insufficient stakeholder engagement and unclear business case.
OPP-01659,2025-11-08T00:27:00,analyst06@example.com,West,retail,Enterprise,automation,qualification,74786.76,37,30,9,False,0.06,False,The customer delayed the project and has not confirmed a decision timeline.,lost,0.0,Budget or timing constraints prevented the purchase.
OPP-00517,2025-08-10T21:51:00,analyst04@example.com,West,technology,Enterprise,analytics,qualification,14040.92,116,43,2,True,0.203,False,Budget is uncertain and the main decision maker has not joined recent meetings.,won,13088.78,Strong executive sponsorship and clear ROI case.
OPP-01858,2025-12-31T07:28:00,analyst34@example.com,Midwest,healthcare,Mid-Market,analytics,negotiation,32818.76,35,88,0,False,0.028,True,Budget is approved and procurement has provided a target decision date.,won,32715.61,Successful technical evaluation with approved budget.
OPP-01278,2025-04-12T01:17:00,analyst24@example.com,Northeast,manufacturing,Mid-Market,data_platform,discovery,43566.34,107,71,0,True,0.114,True,Engagement has slowed and the proposal has not received internal sponsorship. Primary contact: buyer012@example.com.,won,40403.86,Strong executive sponsorship and clear ROI case.
OPP-00951,2025-10-12T14:48:00,analyst39@example.com,West,financial_services,Enterprise,analytics,discovery,18574.86,56,19,3,True,0.198,False,The customer delayed the project and has not confirmed a decision timeline.,lost,0.0,Competitor preference and switching costs reduced win likelihood.
OPP-01121,2025-08-17T05:14:00,analyst38@example.com,South,retail,Enterprise,automation,discovery,31674.04,124,37,3,False,0.206,True,The customer delayed the project and has not confirmed a decision timeline. Primary contact: buyer066@example.com.,won,31320.57,Successful technical evaluation with approved budget.
OPP-00420,2025-05-01T08:46:00,analyst21@example.com,West,technology,SMB,automation,discovery,35144.15,22,42,7,True,0.213,True,Budget is uncertain and the main decision maker has not joined recent meetings.,won,33917.99,Successful technical evaluation with approved budget.
OPP-00923,2025-06-26T12:29:00,analyst11@example.com,Northeast,financial_services,Enterprise,analytics,qualification,22292.77,148,99,9,True,0.192,True,The customer delayed the project and has not confirmed a decision timeline.,lost,0.0,Insufficient stakeholder engagement and unclear business case.
OPP-02205,2025-12-21T11:10:00,analyst39@example.com,Midwest,manufacturing,Enterprise,automation,negotiation,8575.81,26,16,2,False,0.227,True,A strong competitor is already deployed and switching costs are a concern.,lost,0.0,Competitor preference and switching costs reduced win likelihood.
OPP-00478,2025-07-15T05:38:00,analyst22@example.com,West,financial_services,Mid-Market,security,qualification,31814.95,8,92,1,True,0.006,False,Customer is still comparing alternatives and gathering internal feedback. Primary contact: buyer056@example.com.,lost,0.0,Budget or timing constraints prevented the purchase.
OPP-02036,2025-03-18T10:05:00,analyst41@example.com,West,financial_services,Mid-Market,analytics,proposal,41050.94,59,90,8,True,0.196,True,Stakeholders are interested but the business case is still being refined.,won,41569.77,Strong executive sponsorship and clear ROI case.
OPP-02892,2025-01-15T11:46:00,analyst42@example.com,South,healthcare,Mid-Market,security,proposal,35407.08,114,52,6,False,0.172,True,Stakeholders are interested but the business case is still being refined.,won,34091.88,Strong executive sponsorship and clear ROI case.
OPP-01693,2025-03-19T04:08:00,analyst40@example.com,South,healthcare,Mid-Market,automation,discovery,27240.26,131,22,4,False,0.25,False,Engagement has slowed and the proposal has not received internal sponsorship.,lost,0.0,Competitor preference and switching costs reduced win likelihood.
OPP-02452,2025-02-06T01:46:00,analyst01@example.com,South,retail,SMB,data_platform,discovery,31084.96,11,81,10,True,0.181,False,Stakeholders are interested but the business case is still being refined.,won,29647.25,Good product fit and timely stakeholder engagement.
OPP-01472,2025-06-25T06:15:00,analyst47@example.com,Midwest,manufacturing,Mid-Market,security,qualification,37022.15,155,33,0,False,0.038,False,Engagement has slowed and the proposal has not received internal sponsorship.,lost,0.0,Budget or timing constraints prevented the purchase.
OPP-01203,2025-11-28T10:08:00,analyst06@example.com,Northeast,financial_services,Enterprise,security,negotiation,41291.29,39,18,10,False,0.002,True,Budget is uncertain and the main decision maker has not joined recent meetings.,lost,0.0,Budget or timing constraints prevented the purchase.
OPP-01670,2025-05-22T23:57:00,analyst17@example.com,West,manufacturing,SMB,security,proposal,17550.2,56,59,8,True,0.271,True,The opportunity remains active but timing depends on the next planning cycle.,lost,0.0,Insufficient stakeholder engagement and unclear business case.
OPP-02780,2025-04-18T13:28:00,analyst44@example.com,Midwest,manufacturing,Mid-Market,data_platform,negotiation,60327.14,32,60,10,False,0.242,True,Discovery is ongoing and the team requested additional product information.,lost,0.0,Competitor preference and switching costs reduced win likelihood.
OPP-01971,2025-04-20T21:38:00,analyst33@example.com,Midwest,retail,SMB,automation,proposal,19990.66,141,78,4,True,0.035,True,Engagement has slowed and the proposal has not received internal sponsorship.,won,19625.73,Successful technical evaluation with approved budget.
OPP-00821,2025-03-13T21:05:00,analyst23@example.com,Midwest,technology,Mid-Market,automation,discovery,56593.26,42,70,10,True,0.219,False,Discovery is ongoing and the team requested additional product information. Primary contact: buyer188@example.com.,won,57100.43,Successful technical evaluation with approved budget.
OPP-01998,2025-11-20T20:18:00,analyst03@example.com,Midwest,technology,Mid-Market,security,qualification,22110.12,60,47,3,False,0.066,True,The opportunity remains active but timing depends on the next planning cycle.,won,21518.6,Good product fit and timely stakeholder engagement.
OPP-02874,2025-05-08T10:02:00,analyst24@example.com,South,healthcare,SMB,data_platform,qualification,33015.39,48,30,2,False,0.029,False,The customer delayed the project and has not confirmed a decision timeline.,lost,0.0,Budget or timing constraints prevented the purchase.
OPP-01249,2025-07-18T08:33:00,analyst52@example.com,Northeast,healthcare,Enterprise,data_platform,qualification,18651.94,112,38,4,True,0.196,False,Engagement has slowed and the proposal has not received internal sponsorship.,won,17280.82,Good product fit and timely stakeholder engagement.
OPP-02666,2025-12-01T02:58:00,analyst44@example.com,Midwest,financial_services,Enterprise,security,negotiation,17543.28,116,52,2,True,0.177,True,Budget is uncertain and the main decision maker has not joined recent meetings.,lost,0.0,Insufficient stakeholder engagement and unclear business case.
OPP-02619,2025-12-04T13:23:00,analyst54@example.com,Northeast,healthcare,SMB,analytics,negotiation,13884.89,115,79,6,True,0.216,True,Engagement has slowed and the proposal has not received internal sponsorship.,won,14124.66,Good product fit and timely stakeholder engagement.
OPP-01047,2025-06-22T12:11:00,analyst21@example.com,South,retail,SMB,analytics,qualification,17280.78,30,63,3,True,0.003,False,Discovery is ongoing and the team requested additional product information.,won,17028.5,Strong executive sponsorship and clear ROI case.
OPP-01889,2025-04-01T02:45:00,analyst08@example.com,South,healthcare,Mid-Market,analytics,discovery,37100.43,12,74,0,True,0.07,False,The opportunity remains active but timing depends on the next planning cycle.,lost,0.0,Competitor preference and switching costs reduced win likelihood.
OPP-00616,2025-02-21T13:43:00,analyst46@example.com,West,financial_services,Mid-Market,security,discovery,8697.71,89,35,3,True,0.269,True,Engagement has slowed and the proposal has not received internal sponsorship.,won,8826.77,Successful technical evaluation with approved budget.
OPP-01319,2025-05-26T19:41:00,analyst08@example.com,South,healthcare,SMB,security,proposal,61368.8,96,55,10,True,0.127,True,A strong competitor is already deployed and switching costs are a concern.,won,59265.73,Strong executive sponsorship and clear ROI case.
OPP-02890,2025-12-03T18:15:00,analyst40@example.com,Northeast,healthcare,Enterprise,automation,discovery,49027.5,22,30,4,True,0.019,False,A strong competitor is already deployed and switching costs are a concern.,lost,0.0,Competitor preference and switching costs reduced win likelihood.
OPP-02466,2025-10-05T01:56:00,analyst15@example.com,Midwest,healthcare,SMB,automation,qualification,34506.24,38,30,4,False,0.022,False,Budget is uncertain and the main decision maker has not joined recent meetings.,lost,0.0,Insufficient stakeholder engagement and unclear business case.
OPP-01773,2025-06-26T16:32:00,analyst06@example.com,West,retail,Mid-Market,security,qualification,14995.03,132,22,4,False,0.116,True,Engagement has slowed and the proposal has not received internal sponsorship.,lost,0.0,Budget or timing constraints prevented the purchase.
OPP-02958,2025-10-12T21:29:00,analyst51@example.com,South,manufacturing,Mid-Market,data_platform,proposal,14996.91,126,42,5,False,0.184,True,A strong competitor is already deployed and switching costs are a concern. Primary contact: buyer004@example.com.,won,13929.57,Good product fit and timely stakeholder engagement.
OPP-00132,2025-12-23T18:21:00,analyst18@example.com,West,manufacturing,SMB,analytics,proposal,6791.81,21,88,1,False,0.15,True,Technical evaluation is progressing well and the customer requested implementation details.,won,6749.55,Successful technical evaluation with approved budget.
OPP-00078,2025-06-25T12:09:00,analyst21@example.com,Midwest,technology,SMB,security,proposal,33102.46,132,91,8,True,0.144,True,A strong competitor is already deployed and switching costs are a concern.,won,32692.95,Strong executive sponsorship and clear ROI case.
OPP-02053,2025-12-15T02:54:00,analyst01@example.com,Midwest,technology,Enterprise,automation,qualification,29333.18,87,76,9,False,0.139,False,Customer is still comparing alternatives and gathering internal feedback. Primary contact: buyer154@example.com.,lost,0.0,Insufficient stakeholder engagement and unclear business case.
OPP-00725,2026-01-05T00:08:00,analyst41@example.com,Northeast,financial_services,Mid-Market,analytics,discovery,41950.28,125,19,5,True,0.218,False,A strong competitor is already deployed and switching costs are a concern.,won,42197.44,Good product fit and timely stakeholder engagement.
OPP-01315,2025-03-22T09:19:00,analyst04@example.com,West,financial_services,Enterprise,security,negotiation,77640.55,74,96,5,False,0.271,True,Decision makers attended the latest meeting and asked for a final proposal. Primary contact: buyer049@example.com.,won,79908.33,Good product fit and timely stakeholder engagement.
OPP-01852,2025-07-26T08:16:00,analyst28@example.com,South,manufacturing,SMB,data_platform,proposal,25435.49,9,36,2,True,0.161,True,The customer delayed the project and has not confirmed a decision timeline. Primary contact: buyer164@example.com.,lost,0.0,Budget or timing constraints prevented the purchase.
OPP-02742,2025-08-20T21:17:00,analyst06@example.com,Northeast,healthcare,Mid-Market,analytics,proposal,61353.05,80,66,2,True,0.02,True,Stakeholders are interested but the business case is still being refined.,won,61312.27,Good product fit and timely stakeholder engagement.
OPP-02610,2025-05-30T00:59:00,analyst45@example.com,West,technology,SMB,analytics,discovery,21300.81,161,21,6,False,0.254,True,The customer delayed the project and has not confirmed a decision timeline. Primary contact: buyer078@example.com.,lost,0.0,Insufficient stakeholder engagement and unclear business case.
OPP-01373,2025-03-16T11:07:00,analyst05@example.com,West,technology,Enterprise,analytics,qualification,130463.33,154,100,5,False,0.022,False,Stakeholders are interested but the business case is still being refined.,won,121271.41,Strong executive sponsorship and clear ROI case.
OPP-01856,2025-07-19T05:54:00,analyst32@example.com,Northeast,financial_services,SMB,security,negotiation,69690.81,23,94,9,True,0.008,True,Stakeholders are interested but the business case is still being refined.,won,69285.55,Strong executive sponsorship and clear ROI case.
OPP-01320,2025-03-28T15:25:00,analyst09@example.com,South,retail,SMB,analytics,negotiation,18619.5,113,36,6,True,0.028,True,Budget is uncertain and the main decision maker has not joined recent meetings.,lost,0.0,Insufficient stakeholder engagement and unclear business case.
OPP-02966,2025-08-09T11:58:00,analyst02@example.com,South,retail,SMB,automation,negotiation,29524.07,87,75,1,False,0.121,True,Budget is approved and procurement has provided a target decision date.,lost,0.0,Competitor preference and switching costs reduced win likelihood.
OPP-02177,2026-01-29T11:01:00,analyst11@example.com,Midwest,technology,Mid-Market,automation,discovery,56638.82,124,18,8,False,0.116,False,The customer delayed the project and has not confirmed a decision timeline. Primary contact: buyer067@example.com.,lost,0.0,Competitor preference and switching costs reduced win likelihood.
OPP-00376,2025-06-28T23:12:00,analyst34@example.com,Midwest,financial_services,Mid-Market,security,proposal,27863.71,44,97,5,True,0.039,True,Stakeholders are interested but the business case is still being refined.,lost,0.0,Budget or timing constraints prevented the purchase.
OPP-01909,2025-04-11T13:53:00,analyst28@example.com,South,manufacturing,Mid-Market,automation,negotiation,9387.65,118,78,6,True,0.025,True,Engagement has slowed and the proposal has not received internal sponsorship.,lost,0.0,Competitor preference and switching costs reduced win likelihood.
OPP-00334,2025-03-02T05:23:00,analyst49@example.com,West,technology,SMB,data_platform,negotiation,23443.29,109,29,5,True,0.031,True,The customer delayed the project and has not confirmed a decision timeline.,won,23430.05,Good product fit and timely stakeholder engagement.
OPP-02257,2025-11-15T22:16:00,analyst34@example.com,West,financial_services,SMB,analytics,proposal,20985.24,21,88,4,True,0.01,True,Discovery is ongoing and the team requested additional product information.,won,19895.8,Strong executive sponsorship and clear ROI case.
OPP-02307,2025-08-11T02:21:00,analyst27@example.com,South,technology,Mid-Market,analytics,proposal,42302.43,168,96,0,False,0.194,True,Technical evaluation is progressing well and the customer requested implementation details.,won,39014.55,Good product fit and timely stakeholder engagement.
OPP-01605,2026-02-05T07:57:00,analyst09@example.com,Northeast,financial_services,SMB,analytics,proposal,17419.92,128,88,9,True,0.115,True,Engagement has slowed and the proposal has not received internal sponsorship.,won,17642.8,Good product fit and timely stakeholder engagement.
OPP-01119,2025-11-21T14:07:00,analyst36@example.com,Midwest,retail,Enterprise,security,discovery,19092.33,117,17,1,False,0.138,False,A strong competitor is already deployed and switching costs are a concern.,lost,0.0,Budget or timing constraints prevented the purchase.
OPP-02834,2025-08-14T05:52:00,analyst41@example.com,South,healthcare,Mid-Market,data_platform,negotiation,30566.46,170,31,10,False,0.016,True,A strong competitor is already deployed and switching costs are a concern. Primary contact: buyer091@example.com.,won,29462.9,Good product fit and timely stakeholder engagement.
OPP-01944,2025-08-04T09:33:00,analyst06@example.com,Northeast,technology,Enterprise,automation,discovery,24933.11,16,56,0,True,0.064,False,Customer is still comparing alternatives and gathering internal feedback. Primary contact: buyer045@example.com.,lost,0.0,Insufficient stakeholder engagement and unclear business case.
OPP-02267,2025-09-21T21:20:00,analyst44@example.com,West,retail,SMB,automation,discovery,41067.63,123,90,1,False,0.082,True,Decision makers attended the latest meeting and asked for a final proposal.,won,41608.3,Successful technical evaluation with approved budget.
OPP-02527,2025-05-30T23:16:00,analyst19@example.com,West,retail,SMB,analytics,qualification,5000.0,173,32,0,False,0.214,True,Budget is uncertain and the main decision maker has not joined recent meetings.,lost,0.0,Competitor preference and switching costs reduced win likelihood.
OPP-01343,2025-01-10T18:37:00,analyst32@example.com,West,technology,SMB,data_platform,proposal,28549.01,59,82,9,False,0.248,True,Executive sponsor is engaged and the buying team confirmed a clear business need. Primary contact: buyer077@example.com.,lost,0.0,Budget or timing constraints prevented the purchase.
OPP-00321,2025-11-19T06:21:00,analyst36@example.com,Midwest,technology,Enterprise,security,negotiation,98123.97,134,57,10,False,0.133,True,Discovery is ongoing and the team requested additional product information.,lost,0.0,Insufficient stakeholder engagement and unclear business case.
OPP-01620,2025-12-24T13:51:00,analyst24@example.com,South,manufacturing,Mid-Market,data_platform,negotiation,20596.88,149,59,5,False,0.08,True,The opportunity remains active but timing depends on the next planning cycle. Primary contact: buyer143@example.com.,won,19081.01,Successful technical evaluation with approved budget.
OPP-02453,2025-12-01T05:30:00,analyst02@example.com,Northeast,financial_services,Mid-Market,data_platform,proposal,32798.11,83,44,7,False,0.057,True,Stakeholders are interested but the business case is still being refined.,lost,0.0,Insufficient stakeholder engagement and unclear business case.
OPP-02061,2025-01-07T00:20:00,analyst09@example.com,South,healthcare,SMB,security,qualification,8221.37,24,64,4,True,0.108,False,Customer is still comparing alternatives and gathering internal feedback.,won,7735.76,Strong executive sponsorship and clear ROI case.
OPP-01674,2025-01-22T13:52:00,analyst21@example.com,Northeast,healthcare,SMB,automation,qualification,48465.71,153,39,2,False,0.034,False,Budget is uncertain and the main decision maker has not joined recent meetings.,lost,0.0,Competitor preference and switching costs reduced win likelihood.
OPP-01943,2026-02-04T01:00:00,analyst05@example.com,South,healthcare,Mid-Market,automation,qualification,45233.19,176,85,1,True,0.183,True,Budget is uncertain and the main decision maker has not joined recent meetings.,lost,0.0,Competitor preference and switching costs reduced win likelihood.
OPP-00261,2025-04-22T13:29:00,analyst33@example.com,Midwest,technology,Mid-Market,security,negotiation,30997.34,43,58,6,False,0.025,True,Discovery is ongoing and the team requested additional product information.,lost,0.0,Insufficient stakeholder engagement and unclear business case.
OPP-02360,2025-06-07T06:40:00,analyst23@example.com,West,retail,SMB,data_platform,negotiation,39148.18,129,63,4,True,0.215,True,Engagement has slowed and the proposal has not received internal sponsorship.,lost,0.0,Competitor preference and switching costs reduced win likelihood.
OPP-02040,2025-11-23T09:49:00,analyst45@example.com,Northeast,manufacturing,Mid-Market,security,qualification,113930.34,27,58,7,True,0.119,False,Customer is still comparing alternatives and gathering internal feedback.,lost,0.0,Competitor preference and switching costs reduced win likelihood.
OPP-00690,2025-11-30T21:39:00,analyst06@example.com,West,financial_services,SMB,data_platform,qualification,16313.07,11,77,5,False,0.015,True,Decision makers attended the latest meeting and asked for a final proposal.,won,15080.62,Successful technical evaluation with approved budget.
OPP-00902,2025-08-30T09:03:00,analyst47@example.com,West,financial_services,Enterprise,security,discovery,47885.23,167,39,0,True,0.278,False,A strong competitor is already deployed and switching costs are a concern.,lost,0.0,Budget or timing constraints prevented the purchase.
OPP-02027,2025-09-01T06:04:00,analyst32@example.com,Northeast,healthcare,SMB,automation,negotiation,23448.13,51,23,2,False,0.089,True,A strong competitor is already deployed and switching costs are a concern.,lost,0.0,Insufficient stakeholder engagement and unclear business case.
OPP-00139,2025-12-01T03:58:00,analyst25@example.com,West,financial_services,Mid-Market,data_platform,proposal,24049.12,28,66,8,False,0.195,True,Customer is still comparing alternatives and gathering internal feedback.,won,22371.59,Good product fit and timely stakeholder engagement.
OPP-01918,2025-10-20T23:26:00,analyst37@example.com,West,technology,Enterprise,security,proposal,25009.61,86,47,6,True,0.212,True,The opportunity remains active but timing depends on the next planning cycle.,won,23680.13,Successful technical evaluation with approved budget.
OPP-01829,2026-01-05T17:12:00,analyst05@example.com,Midwest,financial_services,Enterprise,security,proposal,19895.81,6,95,0,True,0.042,True,Discovery is ongoing and the team requested additional product information.,won,19417.26,Successful technical evaluation with approved budget.
OPP-01574,2025-11-27T07:02:00,analyst35@example.com,South,retail,SMB,analytics,discovery,19394.14,78,24,8,True,0.097,True,The customer delayed the project and has not confirmed a decision timeline. Primary contact: buyer097@example.com.,lost,0.0,Budget or timing constraints prevented the purchase.
OPP-00320,2026-01-24T22:05:00,analyst35@example.com,Midwest,financial_services,Enterprise,automation,qualification,33192.08,99,38,3,False,0.01,False,The customer delayed the project and has not confirmed a decision timeline.,lost,0.0,Budget or timing constraints prevented the purchase.
OPP-00654,2026-03-07T04:59:00,analyst27@example.com,Northeast,retail,SMB,security,qualification,25378.94,129,86,9,False,0.105,False,Stakeholders are interested but the business case is still being refined. Primary contact: buyer021@example.com.,lost,0.0,Budget or timing constraints prevented the purchase.
OPP-02138,2025-02-15T16:13:00,analyst29@example.com,South,technology,Mid-Market,security,qualification,11930.13,173,19,1,False,0.245,True,Engagement has slowed and the proposal has not received internal sponsorship.,lost,0.0,Competitor preference and switching costs reduced win likelihood.
OPP-02672,2025-12-09T17:36:00,analyst50@example.com,South,healthcare,Enterprise,automation,qualification,19956.66,179,51,6,True,0.238,False,A strong competitor is already deployed and switching costs are a concern.,lost,0.0,Competitor preference and switching costs reduced win likelihood.
OPP-00559,2026-02-17T01:07:00,analyst46@example.com,Midwest,retail,Enterprise,data_platform,discovery,60243.18,135,89,5,False,0.106,False,Customer is still comparing alternatives and gathering internal feedback.,lost,0.0,Budget or timing constraints prevented the purchase.
OPP-00113,2025-06-04T13:36:00,analyst56@example.com,Northeast,manufacturing,Mid-Market,automation,qualification,19469.37,15,24,3,False,0.165,False,The customer delayed the project and has not confirmed a decision timeline.,lost,0.0,Budget or timing constraints prevented the purchase.
OPP-00532,2025-08-08T13:26:00,analyst19@example.com,West,retail,SMB,analytics,negotiation,98935.7,49,87,6,False,0.09,True,Technical evaluation is progressing well and the customer requested implementation details.,won,97053.07,Successful technical evaluation with approved budget.
OPP-00225,2026-02-15T10:05:00,analyst54@example.com,South,retail,Enterprise,analytics,discovery,24964.08,23,79,4,True,0.033,False,The opportunity remains active but timing depends on the next planning cycle.,lost,0.0,Competitor preference and switching costs reduced win likelihood.
OPP-00724,2025-03-09T08:40:00,analyst40@example.com,West,manufacturing,Mid-Market,security,proposal,35330.02,180,77,0,True,0.27,True,Budget is uncertain and the main decision maker has not joined recent meetings.,lost,0.0,Insufficient stakeholder engagement and unclear business case.
OPP-02988,2025-02-02T10:38:00,analyst24@example.com,Midwest,manufacturing,Enterprise,automation,negotiation,90355.7,120,51,10,True,0.083,True,A strong competitor is already deployed and switching costs are a concern. Primary contact: buyer034@example.com.,won,85283.94,Strong executive sponsorship and clear ROI case.
OPP-02576,2025-09-26T17:32:00,analyst11@example.com,Midwest,healthcare,Enterprise,automation,proposal,39854.14,104,68,8,False,0.276,True,Stakeholders are interested but the business case is still being refined.,lost,0.0,Competitor preference and switching costs reduced win likelihood.
OPP-01434,2025-09-13T23:48:00,analyst09@example.com,Midwest,financial_services,Mid-Market,security,proposal,18951.32,81,76,6,False,0.029,True,Decision makers attended the latest meeting and asked for a final proposal.,won,18189.98,Successful technical evaluation with approved budget.
OPP-02335,2025-12-11T18:56:00,analyst55@example.com,Midwest,financial_services,SMB,data_platform,proposal,67326.05,151,20,6,False,0.126,True,Budget is uncertain and the main decision maker has not joined recent meetings.,lost,0.0,Competitor preference and switching costs reduced win likelihood.
OPP-01459,2026-01-10T04:02:00,analyst34@example.com,West,retail,Enterprise,data_platform,negotiation,18741.14,64,88,6,False,0.078,True,Technical evaluation is progressing well and the customer requested implementation details.,won,17956.7,Good product fit and timely stakeholder engagement.
OPP-02707,2026-01-04T17:52:00,analyst28@example.com,Midwest,technology,Mid-Market,security,qualification,23469.55,180,67,2,True,0.016,False,Engagement has slowed and the proposal has not received internal sponsorship. Primary contact: buyer175@example.com.,lost,0.0,Budget or timing constraints prevented the purchase.
OPP-00847,2025-08-11T02:15:00,analyst49@example.com,West,healthcare,SMB,automation,qualification,46878.73,176,50,8,False,0.205,False,The opportunity remains active but timing depends on the next planning cycle. Primary contact: buyer003@example.com.,lost,0.0,Budget or timing constraints prevented the purchase.
OPP-00194,2025-08-01T22:46:00,analyst23@example.com,South,retail,Enterprise,data_platform,negotiation,11878.03,158,75,10,True,0.127,True,A strong competitor is already deployed and switching costs are a concern. Primary contact: buyer194@example.com.,won,12012.1,Successful technical evaluation with approved budget.
OPP-01465,2025-07-30T21:28:00,analyst40@example.com,Midwest,retail,SMB,security,qualification,14115.71,24,100,10,False,0.184,False,Customer is still comparing alternatives and gathering internal feedback.,won,13471.93,Strong executive sponsorship and clear ROI case.
OPP-00947,2025-08-10T02:44:00,analyst35@example.com,Northeast,manufacturing,SMB,security,proposal,10466.12,105,73,0,True,0.196,True,Engagement has slowed and the proposal has not received internal sponsorship.,lost,0.0,Budget or timing constraints prevented the purchase.
OPP-02022,2025-10-28T06:44:00,analyst27@example.com,West,healthcare,Mid-Market,automation,proposal,14146.79,68,21,9,False,0.128,True,A strong competitor is already deployed and switching costs are a concern.,lost,0.0,Competitor preference and switching costs reduced win likelihood.
OPP-01630,2025-12-18T06:10:00,analyst34@example.com,Midwest,manufacturing,Mid-Market,automation,qualification,10707.62,174,66,0,True,0.063,False,Budget is uncertain and the main decision maker has not joined recent meetings. Primary contact: buyer153@example.com.,lost,0.0,Competitor preference and switching costs reduced win likelihood.
OPP-00118,2025-10-17T08:16:00,analyst04@example.com,West,technology,SMB,data_platform,discovery,16905.61,177,70,2,True,0.027,True,The customer delayed the project and has not confirmed a decision timeline.,lost,0.0,Competitor preference and switching costs reduced win likelihood.
OPP-00646,2026-02-05T00:44:00,analyst19@example.com,West,healthcare,SMB,security,discovery,11449.56,144,71,1,False,0.184,False,Discovery is ongoing and the team requested additional product information.,lost,0.0,Competitor preference and switching costs reduced win likelihood.
OPP-01871,2025-04-12T09:35:00,analyst47@example.com,South,retail,Enterprise,analytics,negotiation,41824.52,14,64,5,True,0.022,True,Customer is still comparing alternatives and gathering internal feedback. Primary contact: buyer183@example.com.,won,39943.52,Strong executive sponsorship and clear ROI case.
OPP-00004,2025-08-18T11:23:00,analyst04@example.com,Northeast,manufacturing,Mid-Market,automation,qualification,41334.95,180,56,0,True,0.009,False,A strong competitor is already deployed and switching costs are a concern.,lost,0.0,Insufficient stakeholder engagement and unclear business case.
OPP-00075,2025-04-02T02:54:00,analyst18@example.com,Midwest,manufacturing,Enterprise,security,proposal,55375.21,112,35,3,False,0.039,True,Budget is uncertain and the main decision maker has not joined recent meetings.,lost,0.0,Insufficient stakeholder engagement and unclear business case.
OPP-01756,2025-05-06T01:56:00,analyst46@example.com,South,healthcare,Mid-Market,security,proposal,18153.92,65,84,0,False,0.255,True,Budget is approved and procurement has provided a target decision date.,won,17418.5,Good product fit and timely stakeholder engagement.
OPP-00468,2026-01-07T14:30:00,analyst12@example.com,South,technology,SMB,analytics,discovery,18343.73,9,93,3,True,0.014,False,Discovery is ongoing and the team requested additional product information. Primary contact: buyer046@example.com.,won,17843.16,Successful technical evaluation with approved budget.
OPP-00006,2026-01-06T00:22:00,analyst06@example.com,Northeast,retail,SMB,security,discovery,45309.26,73,97,5,True,0.122,False,The opportunity remains active but timing depends on the next planning cycle.,lost,0.0,Budget or timing constraints prevented the purchase.
OPP-01247,2026-01-03T23:10:00,analyst50@example.com,Midwest,manufacturing,Mid-Market,data_platform,discovery,36475.79,158,43,0,True,0.03,False,Engagement has slowed and the proposal has not received internal sponsorship. Primary contact: buyer192@example.com.,lost,0.0,Competitor preference and switching costs reduced win likelihood.
OPP-00920,2026-02-20T00:56:00,analyst08@example.com,Midwest,manufacturing,Mid-Market,analytics,qualification,66112.93,32,99,1,True,0.12,False,The opportunity remains active but timing depends on the next planning cycle. Primary contact: buyer076@example.com.,won,61211.08,Successful technical evaluation with approved budget.
OPP-00229,2025-06-03T19:09:00,analyst01@example.com,West,financial_services,Mid-Market,automation,qualification,56325.22,143,19,8,True,0.241,False,The customer delayed the project and has not confirmed a decision timeline.,lost,0.0,Budget or timing constraints prevented the purchase.
OPP-01064,2025-06-09T20:24:00,analyst38@example.com,Northeast,retail,Enterprise,automation,proposal,67596.1,9,51,10,False,0.111,True,Customer is still comparing alternatives and gathering internal feedback.,lost,0.0,Budget or timing constraints prevented the purchase.
OPP-00243,2025-09-28T18:39:00,analyst15@example.com,Northeast,healthcare,Mid-Market,data_platform,qualification,19301.87,167,70,5,True,0.222,False,Engagement has slowed and the proposal has not received internal sponsorship.,lost,0.0,Budget or timing constraints prevented the purchase.
OPP-02285,2025-07-25T06:34:00,analyst05@example.com,Northeast,retail,SMB,analytics,qualification,29566.23,171,77,3,False,0.179,False,The opportunity remains active but timing depends on the next planning cycle.,lost,0.0,Competitor preference and switching costs reduced win likelihood.
OPP-01161,2026-02-22T01:34:00,analyst21@example.com,Northeast,retail,Mid-Market,data_platform,discovery,16954.16,19,83,10,False,0.216,False,The opportunity remains active but timing depends on the next planning cycle.,won,17132.45,Strong executive sponsorship and clear ROI case.
OPP-02627,2025-10-04T05:38:00,analyst05@example.com,South,financial_services,Mid-Market,security,proposal,8172.71,107,81,9,False,0.042,True,Decision makers attended the latest meeting and asked for a final proposal.,won,8337.93,Strong executive sponsorship and clear ROI case.
OPP-01527,2025-08-31T20:07:00,analyst45@example.com,South,healthcare,Mid-Market,analytics,discovery,30269.16,45,34,3,True,0.199,False,The customer delayed the project and has not confirmed a decision timeline. Primary contact: buyer050@example.com.,lost,0.0,Insufficient stakeholder engagement and unclear business case.
OPP-01606,2025-01-16T18:03:00,analyst10@example.com,South,manufacturing,Mid-Market,data_platform,discovery,23596.31,176,82,2,False,0.215,True,Decision makers attended the latest meeting and asked for a final proposal. Primary contact: buyer129@example.com.,won,23249.68,Good product fit and timely stakeholder engagement.
OPP-02790,2025-07-14T00:37:00,analyst54@example.com,West,financial_services,SMB,security,discovery,98942.57,17,93,4,True,0.261,False,Stakeholders are interested but the business case is still being refined.,lost,0.0,Budget or timing constraints prevented the purchase.
OPP-02333,2025-08-23T15:52:00,analyst53@example.com,West,healthcare,Mid-Market,analytics,negotiation,28002.49,10,22,8,False,0.006,True,Engagement has slowed and the proposal has not received internal sponsorship.,lost,0.0,Budget or timing constraints prevented the purchase.
OPP-02550,2025-03-05T06:30:00,analyst42@example.com,Midwest,healthcare,Mid-Market,security,qualification,29834.97,54,75,2,True,0.032,True,Customer is still comparing alternatives and gathering internal feedback.,lost,0.0,Budget or timing constraints prevented the purchase.
OPP-01990,2025-05-19T09:34:00,analyst52@example.com,Midwest,technology,SMB,analytics,proposal,34790.15,52,26,1,False,0.079,True,Budget is uncertain and the main decision maker has not joined recent meetings. Primary contact: buyer091@example.com.,lost,0.0,Competitor preference and switching costs reduced win likelihood.
OPP-02358,2025-01-21T03:52:00,analyst21@example.com,Midwest,technology,Mid-Market,automation,proposal,59002.53,42,48,9,True,0.08,True,Discovery is ongoing and the team requested additional product information.,won,54644.0,Good product fit and timely stakeholder engagement.
OPP-01976,2026-01-06T03:38:00,analyst38@example.com,South,retail,Mid-Market,security,proposal,31980.29,8,81,0,True,0.152,True,Customer is still comparing alternatives and gathering internal feedback.,lost,0.0,Insufficient stakeholder engagement and unclear business case.
OPP-01762,2025-05-20T19:45:00,analyst52@example.com,Northeast,technology,Enterprise,automation,qualification,14751.67,119,20,2,False,0.272,True,Engagement has slowed and the proposal has not received internal sponsorship.,lost,0.0,Insufficient stakeholder engagement and unclear business case.
OPP-01306,2025-02-28T18:58:00,analyst52@example.com,Northeast,retail,SMB,security,discovery,30519.26,22,32,9,False,0.242,False,Budget is uncertain and the main decision maker has not joined recent meetings.,lost,0.0,Competitor preference and switching costs reduced win likelihood.
OPP-01542,2025-09-30T00:03:00,analyst03@example.com,Northeast,financial_services,SMB,security,discovery,32750.35,21,33,7,False,0.053,True,The customer delayed the project and has not confirmed a decision timeline. Primary contact: buyer065@example.com.,won,31430.71,Good product fit and timely stakeholder engagement.
OPP-00623,2025-05-10T12:49:00,analyst53@example.com,West,technology,Enterprise,analytics,discovery,29709.38,19,72,9,False,0.069,False,Discovery is ongoing and the team requested additional product information.,lost,0.0,Competitor preference and switching costs reduced win likelihood.
OPP-02319,2025-02-02T00:56:00,analyst39@example.com,Northeast,retail,SMB,data_platform,proposal,10847.4,88,48,10,True,0.199,True,Stakeholders are interested but the business case is still being refined.,won,10825.87,Successful technical evaluation with approved budget.
OPP-01494,2026-03-05T02:23:00,analyst12@example.com,West,retail,Enterprise,security,qualification,17933.48,127,44,5,True,0.035,False,A strong competitor is already deployed and switching costs are a concern.,lost,0.0,Competitor preference and switching costs reduced win likelihood.
OPP-00111,2025-04-19T23:46:00,analyst54@example.com,South,healthcare,Enterprise,automation,discovery,15380.91,156,37,10,False,0.156,True,The customer delayed the project and has not confirmed a decision timeline.,lost,0.0,Competitor preference and switching costs reduced win likelihood.
OPP-02270,2025-01-23T13:59:00,analyst47@example.com,South,financial_services,Mid-Market,automation,negotiation,41657.87,80,42,1,False,0.024,True,The customer delayed the project and has not confirmed a decision timeline.,won,41105.17,Successful technical evaluation with approved budget.
OPP-01170,2025-11-19T10:24:00,analyst30@example.com,Northeast,technology,SMB,analytics,discovery,48652.58,18,59,8,True,0.017,True,Customer is still comparing alternatives and gathering internal feedback. Primary contact: buyer115@example.com.,won,46507.18,Good product fit and timely stakeholder engagement.
OPP-02467,2025-05-03T22:35:00,analyst16@example.com,Northeast,technology,SMB,security,proposal,20753.95,16,48,3,False,0.243,True,Customer is still comparing alternatives and gathering internal feedback.,won,19827.34,Strong executive sponsorship and clear ROI case.
OPP-00233,2025-09-08T13:17:00,analyst05@example.com,South,healthcare,SMB,security,proposal,26392.84,162,51,7,False,0.041,True,Stakeholders are interested but the business case is still being refined.,won,24511.09,Strong executive sponsorship and clear ROI case.
OPP-00067,2025-07-06T17:22:00,analyst10@example.com,South,retail,Mid-Market,analytics,discovery,20031.26,90,36,1,False,0.032,False,A strong competitor is already deployed and switching costs are a concern. Primary contact: buyer067@example.com.,lost,0.0,Budget or timing constraints prevented the purchase.
OPP-02713,2025-03-11T01:09:00,analyst34@example.com,South,manufacturing,SMB,security,proposal,26345.69,27,16,10,False,0.208,True,Budget is uncertain and the main decision maker has not joined recent meetings. Primary contact: buyer181@example.com.,won,24715.08,Good product fit and timely stakeholder engagement.
OPP-02073,2025-01-09T23:38:00,analyst21@example.com,Midwest,technology,SMB,data_platform,proposal,21339.83,59,75,10,True,0.063,True,Discovery is ongoing and the team requested additional product information.,lost,0.0,Insufficient stakeholder engagement and unclear business case.
OPP-02193,2025-11-01T14:38:00,analyst27@example.com,Northeast,retail,Enterprise,security,negotiation,7528.41,123,43,0,True,0.217,True,Engagement has slowed and the proposal has not received internal sponsorship.,lost,0.0,Budget or timing constraints prevented the purchase.
OPP-00537,2026-02-03T09:56:00,analyst24@example.com,Midwest,retail,Mid-Market,automation,negotiation,69934.58,161,71,10,False,0.121,True,Discovery is ongoing and the team requested additional product information. Primary contact: buyer115@example.com.,lost,0.0,Insufficient stakeholder engagement and unclear business case.
OPP-00126,2025-08-21T17:20:00,analyst12@example.com,West,healthcare,Enterprise,security,proposal,20791.62,171,91,2,True,0.169,True,Engagement has slowed and the proposal has not received internal sponsorship.,lost,0.0,Competitor preference and switching costs reduced win likelihood.
OPP-02134,2025-11-29T18:51:00,analyst25@example.com,Northeast,healthcare,SMB,security,discovery,22870.15,33,83,0,True,0.126,False,The opportunity remains active but timing depends on the next planning cycle.,lost,0.0,Competitor preference and switching costs reduced win likelihood.
OPP-01255,2025-07-22T22:53:00,analyst01@example.com,Northeast,financial_services,SMB,security,qualification,54700.81,108,91,9,True,0.228,False,The customer delayed the project and has not confirmed a decision timeline.,won,53602.44,Strong executive sponsorship and clear ROI case.
OPP-02544,2025-01-10T11:52:00,analyst36@example.com,South,healthcare,SMB,analytics,discovery,9512.53,155,98,5,True,0.227,True,Engagement has slowed and the proposal has not received internal sponsorship.,won,9216.97,Good product fit and timely stakeholder engagement.
OPP-01977,2026-01-13T16:25:00,analyst39@example.com,Northeast,manufacturing,SMB,analytics,qualification,5569.35,92,19,8,False,0.031,False,A strong competitor is already deployed and switching costs are a concern.,lost,0.0,Insufficient stakeholder engagement and unclear business case.
OPP-02468,2025-06-21T16:30:00,analyst17@example.com,South,retail,Enterprise,data_platform,discovery,18730.0,106,16,4,False,0.251,False,Budget is uncertain and the main decision maker has not joined recent meetings.,won,18782.45,Successful technical evaluation with approved budget.
OPP-02689,2025-09-26T03:42:00,analyst10@example.com,South,technology,SMB,automation,proposal,22565.86,132,91,7,True,0.109,True,Engagement has slowed and the proposal has not received internal sponsorship.,won,21904.31,Good product fit and timely stakeholder engagement.
OPP-02076,2025-11-23T07:55:00,analyst24@example.com,South,technology,Mid-Market,security,proposal,21159.23,6,87,3,True,0.023,True,The opportunity remains active but timing depends on the next planning cycle.,won,20798.52,Good product fit and timely stakeholder engagement.
OPP-00485,2025-04-26T12:16:00,analyst29@example.com,Midwest,healthcare,Enterprise,automation,discovery,5000.0,19,32,1,False,0.197,False,Budget is uncertain and the main decision maker has not joined recent meetings.,won,4862.25,Strong executive sponsorship and clear ROI case.
OPP-01655,2025-08-08T21:34:00,analyst02@example.com,Northeast,manufacturing,Mid-Market,security,qualification,5000.0,75,89,7,True,0.121,False,Discovery is ongoing and the team requested additional product information.,won,4724.46,Successful technical evaluation with approved budget.
OPP-02682,2025-04-16T02:48:00,analyst03@example.com,West,financial_services,Mid-Market,security,proposal,38637.74,56,25,0,True,0.123,True,Budget is uncertain and the main decision maker has not joined recent meetings.,won,35780.62,Good product fit and timely stakeholder engagement.
OPP-02271,2025-07-27T17:33:00,analyst48@example.com,Northeast,retail,SMB,security,discovery,21144.76,19,63,10,True,0.117,False,The opportunity remains active but timing depends on the next planning cycle. Primary contact: buyer161@example.com.,lost,0.0,Budget or timing constraints prevented the purchase.
OPP-02411,2026-01-08T18:06:00,analyst17@example.com,Midwest,healthcare,Mid-Market,security,discovery,126485.9,161,99,0,True,0.157,False,Engagement has slowed and the proposal has not received internal sponsorship. Primary contact: buyer090@example.com.,lost,0.0,Budget or timing constraints prevented the purchase.
OPP-01775,2025-05-20T21:18:00,analyst08@example.com,South,technology,SMB,automation,discovery,11570.72,164,91,8,False,0.161,True,Budget is approved and procurement has provided a target decision date.,won,10779.06,Strong executive sponsorship and clear ROI case.
OPP-00919,2025-02-13T05:39:00,analyst07@example.com,South,manufacturing,Mid-Market,data_platform,qualification,10110.08,137,38,2,False,0.201,True,The customer delayed the project and has not confirmed a decision timeline. Primary contact: buyer075@example.com.,lost,0.0,Budget or timing constraints prevented the purchase.
OPP-01647,2025-12-06T08:32:00,analyst51@example.com,Midwest,healthcare,Enterprise,automation,proposal,46004.19,169,24,4,False,0.226,True,The customer delayed the project and has not confirmed a decision timeline.,lost,0.0,Budget or timing constraints prevented the purchase.
OPP-01027,2025-10-26T14:15:00,analyst01@example.com,Midwest,technology,Mid-Market,analytics,proposal,10449.05,146,58,7,True,0.005,True,The customer delayed the project and has not confirmed a decision timeline. Primary contact: buyer183@example.com.,won,9710.81,Good product fit and timely stakeholder engagement.
OPP-01031,2026-02-25T01:58:00,analyst05@example.com,Northeast,technology,SMB,automation,proposal,14036.44,116,83,1,False,0.162,True,Executive sponsor is engaged and the buying team confirmed a clear business need.,lost,0.0,Competitor preference and switching costs reduced win likelihood.
OPP-00883,2026-02-28T10:18:00,analyst28@example.com,Midwest,technology,Mid-Market,security,qualification,23789.17,146,97,3,True,0.08,False,Engagement has slowed and the proposal has not received internal sponsorship.,lost,0.0,Competitor preference and switching costs reduced win likelihood.
OPP-01336,2025-01-01T22:49:00,analyst25@example.com,Midwest,technology,SMB,automation,qualification,54709.86,78,100,6,False,0.085,False,Discovery is ongoing and the team requested additional product information.,won,54711.36,Strong executive sponsorship and clear ROI case.
OPP-02228,2025-12-22T18:54:00,analyst05@example.com,South,retail,SMB,data_platform,discovery,11381.93,155,55,8,True,0.003,False,Engagement has slowed and the proposal has not received internal sponsorship. Primary contact: buyer118@example.com.,lost,0.0,Competitor preference and switching costs reduced win likelihood.
OPP-00365,2026-01-18T09:24:00,analyst23@example.com,South,retail,SMB,security,discovery,32249.32,113,62,9,True,0.177,True,A strong competitor is already deployed and switching costs are a concern.,lost,0.0,Insufficient stakeholder engagement and unclear business case.
OPP-02126,2025-07-21T20:30:00,analyst17@example.com,Northeast,technology,SMB,automation,discovery,7758.51,156,69,6,True,0.256,False,The customer delayed the project and has not confirmed a decision timeline. Primary contact: buyer016@example.com.,won,7753.9,Good product fit and timely stakeholder engagement.
OPP-00028,2025-04-10T03:31:00,analyst28@example.com,South,retail,SMB,security,discovery,18900.19,108,36,7,False,0.275,False,Budget is uncertain and the main decision maker has not joined recent meetings. Primary contact: buyer028@example.com.,lost,0.0,Competitor preference and switching costs reduced win likelihood.
OPP-00474,2025-02-07T20:22:00,analyst18@example.com,Midwest,healthcare,Enterprise,data_platform,proposal,30502.21,16,83,3,True,0.179,True,The opportunity remains active but timing depends on the next planning cycle.,lost,0.0,Competitor preference and switching costs reduced win likelihood.
OPP-00526,2026-02-02T17:03:00,analyst13@example.com,Northeast,retail,Enterprise,security,qualification,68531.34,79,44,8,False,0.211,False,The opportunity remains active but timing depends on the next planning cycle.,won,65693.18,Good product fit and timely stakeholder engagement.
OPP-00726,2025-08-30T15:54:00,analyst42@example.com,West,technology,Mid-Market,security,discovery,41904.69,142,98,0,True,0.033,False,Engagement has slowed and the proposal has not received internal sponsorship.,won,38735.85,Strong executive sponsorship and clear ROI case.
OPP-00056,2025-06-01T04:20:00,analyst56@example.com,Northeast,healthcare,Mid-Market,data_platform,qualification,15178.71,168,91,0,True,0.093,False,A strong competitor is already deployed and switching costs are a concern. Primary contact: buyer056@example.com.,lost,0.0,Insufficient stakeholder engagement and unclear business case.
OPP-00639,2025-11-13T11:18:00,analyst12@example.com,West,manufacturing,SMB,data_platform,discovery,19291.21,134,61,7,True,0.031,False,Budget is uncertain and the main decision maker has not joined recent meetings.,won,19523.07,Successful technical evaluation with approved budget.
OPP-00303,2025-02-22T18:52:00,analyst18@example.com,Midwest,retail,Mid-Market,security,negotiation,11743.74,91,20,6,True,0.226,True,A strong competitor is already deployed and switching costs are a concern.,lost,0.0,Budget or timing constraints prevented the purchase.
OPP-02655,2025-05-09T06:46:00,analyst33@example.com,Midwest,technology,Mid-Market,analytics,proposal,14920.59,32,71,0,True,0.142,True,Discovery is ongoing and the team requested additional product information.,lost,0.0,Insufficient stakeholder engagement and unclear business case.
OPP-01277,2025-04-24T23:20:00,analyst23@example.com,Northeast,manufacturing,SMB,analytics,discovery,10237.98,140,32,1,True,0.156,False,A strong competitor is already deployed and switching costs are a concern.,lost,0.0,Insufficient stakeholder engagement and unclear business case.
OPP-02901,2025-07-03T23:11:00,analyst51@example.com,South,technology,Mid-Market,data_platform,negotiation,44837.32,136,58,1,False,0.073,True,The opportunity remains active but timing depends on the next planning cycle.,won,45430.18,Good product fit and timely stakeholder engagement.
OPP-00625,2025-11-29T13:37:00,analyst55@example.com,South,retail,SMB,analytics,discovery,8776.54,158,77,4,False,0.163,False,Discovery is ongoing and the team requested additional product information.,lost,0.0,Insufficient stakeholder engagement and unclear business case.
OPP-02056,2025-08-29T18:13:00,analyst04@example.com,Northeast,financial_services,Enterprise,data_platform,discovery,28980.02,172,72,9,False,0.15,False,Discovery is ongoing and the team requested additional product information. Primary contact: buyer157@example.com.,won,28360.56,Strong executive sponsorship and clear ROI case.
OPP-01281,2025-03-22T05:34:00,analyst27@example.com,Northeast,manufacturing,Enterprise,security,discovery,37145.29,53,33,4,False,0.214,True,Budget is uncertain and the main decision maker has not joined recent meetings. Primary contact: buyer015@example.com.,won,35365.85,Successful technical evaluation with approved budget.
OPP-01050,2025-04-07T06:24:00,analyst24@example.com,Northeast,healthcare,SMB,data_platform,proposal,16139.54,22,75,0,True,0.086,True,Discovery is ongoing and the team requested additional product information.,won,15368.8,Successful technical evaluation with approved budget.
OPP-00337,2025-08-27T09:58:00,analyst52@example.com,Midwest,manufacturing,Mid-Market,security,discovery,13010.78,36,47,7,False,0.176,True,Customer is still comparing alternatives and gathering internal feedback.,won,12835.19,Successful technical evaluation with approved budget.
OPP-00048,2025-04-17T08:00:00,analyst48@example.com,South,healthcare,Enterprise,analytics,discovery,7580.79,30,71,2,False,0.253,True,The opportunity remains active but timing depends on the next planning cycle.,lost,0.0,Competitor preference and switching costs reduced win likelihood.
OPP-00107,2025-11-03T10:21:00,analyst50@example.com,West,retail,Mid-Market,security,proposal,19624.76,113,59,1,False,0.017,True,The opportunity remains active but timing depends on the next planning cycle.,won,19707.99,Strong executive sponsorship and clear ROI case.
OPP-01080,2025-03-07T11:07:00,analyst54@example.com,Midwest,retail,SMB,security,qualification,88163.94,96,23,6,False,0.033,False,The customer delayed the project and has not confirmed a decision timeline.,lost,0.0,Budget or timing constraints prevented the purchase.
OPP-01145,2025-02-06T12:03:00,analyst05@example.com,South,technology,Mid-Market,data_platform,negotiation,42862.63,56,92,8,False,0.273,True,Executive sponsor is engaged and the buying team confirmed a clear business need. Primary contact: buyer090@example.com.,won,40799.02,Strong executive sponsorship and clear ROI case.
OPP-02991,2025-03-14T17:20:00,analyst27@example.com,Northeast,healthcare,SMB,data_platform,proposal,38268.92,120,91,5,True,0.24,True,Budget is uncertain and the main decision maker has not joined recent meetings.,won,36763.74,Good product fit and timely stakeholder engagement.
OPP-01837,2025-02-06T23:00:00,analyst13@example.com,Midwest,technology,Mid-Market,security,proposal,81578.87,55,92,0,False,0.131,True,Decision makers attended the latest meeting and asked for a final proposal.,won,80649.46,Good product fit and timely stakeholder engagement.
OPP-01754,2025-05-20T12:55:00,analyst44@example.com,South,financial_services,SMB,security,proposal,14407.14,159,62,9,True,0.23,True,A strong competitor is already deployed and switching costs are a concern.,lost,0.0,Insufficient stakeholder engagement and unclear business case.
OPP-01102,2025-05-22T08:07:00,analyst19@example.com,Northeast,manufacturing,Enterprise,automation,negotiation,7905.12,179,19,3,False,0.163,True,The customer delayed the project and has not confirmed a decision timeline.,lost,0.0,Budget or timing constraints prevented the purchase.
OPP-01969,2026-01-14T11:19:00,analyst31@example.com,Midwest,financial_services,Mid-Market,analytics,proposal,22172.46,61,57,3,False,0.265,True,Customer is still comparing alternatives and gathering internal feedback.,won,20983.43,Strong executive sponsorship and clear ROI case.
OPP-00524,2025-12-14T11:57:00,analyst11@example.com,Northeast,healthcare,SMB,security,discovery,52725.5,57,36,3,True,0.081,False,Budget is uncertain and the main decision maker has not joined recent meetings. Primary contact: buyer102@example.com.,lost,0.0,Insufficient stakeholder engagement and unclear business case.
OPP-01429,2026-01-10T01:17:00,analyst04@example.com,South,healthcare,Enterprise,security,discovery,63370.05,60,59,1,True,0.046,True,Discovery is ongoing and the team requested additional product information. Primary contact: buyer163@example.com.,won,60603.7,Good product fit and timely stakeholder engagement.
OPP-02952,2025-10-12T05:33:00,analyst45@example.com,West,healthcare,Mid-Market,data_platform,proposal,36100.27,87,29,3,False,0.251,True,The customer delayed the project and has not confirmed a decision timeline.,won,35977.12,Strong executive sponsorship and clear ROI case.
OPP-00604,2025-09-27T05:55:00,analyst34@example.com,West,technology,SMB,data_platform,negotiation,39571.06,136,93,7,True,0.13,True,Engagement has slowed and the proposal has not received internal sponsorship.,won,40275.75,Strong executive sponsorship and clear ROI case.
OPP-01490,2025-09-30T16:34:00,analyst08@example.com,Northeast,financial_services,Enterprise,data_platform,discovery,9032.4,113,72,4,True,0.065,False,Engagement has slowed and the proposal has not received internal sponsorship.,lost,0.0,Competitor preference and switching costs reduced win likelihood.
OPP-02357,2025-03-30T03:53:00,analyst20@example.com,South,retail,Mid-Market,data_platform,proposal,133029.28,28,53,2,False,0.273,True,Discovery is ongoing and the team requested additional product information. Primary contact: buyer036@example.com.,won,128403.5,Good product fit and timely stakeholder engagement.
OPP-00061,2025-03-17T18:33:00,analyst04@example.com,West,technology,Mid-Market,data_platform,proposal,33312.76,148,86,5,False,0.115,True,Executive sponsor is engaged and the buying team confirmed a clear business need.,won,31792.68,Good product fit and timely stakeholder engagement.
OPP-02755,2026-01-01T17:56:00,analyst19@example.com,South,technology,Mid-Market,data_platform,proposal,38867.47,144,34,2,True,0.026,True,The customer delayed the project and has not confirmed a decision timeline.,won,39785.77,Successful technical evaluation with approved budget.
OPP-00672,2025-02-08T12:22:00,analyst45@example.com,Northeast,financial_services,Enterprise,data_platform,negotiation,56626.81,49,97,5,False,0.15,True,Budget is approved and procurement has provided a target decision date.,won,58102.54,Successful technical evaluation with approved budget.
OPP-00093,2025-10-15T03:57:00,analyst36@example.com,West,financial_services,Enterprise,data_platform,proposal,21620.99,150,86,3,True,0.081,True,Budget is uncertain and the main decision maker has not joined recent meetings. Primary contact: buyer093@example.com.,lost,0.0,Budget or timing constraints prevented the purchase.
OPP-00667,2026-02-15T13:30:00,analyst40@example.com,West,technology,Mid-Market,analytics,negotiation,8598.64,179,62,1,True,0.27,True,Budget is uncertain and the main decision maker has not joined recent meetings.,lost,0.0,Insufficient stakeholder engagement and unclear business case.
OPP-01888,2025-03-02T05:20:00,analyst07@example.com,South,healthcare,Mid-Market,analytics,qualification,11811.76,57,88,5,True,0.066,True,Discovery is ongoing and the team requested additional product information. Primary contact: buyer200@example.com.,won,11111.86,Strong executive sponsorship and clear ROI case.
OPP-00281,2025-12-08T07:42:00,analyst53@example.com,Northeast,retail,SMB,security,discovery,46711.33,119,93,5,True,0.229,False,Engagement has slowed and the proposal has not received internal sponsorship.,lost,0.0,Budget or timing constraints prevented the purchase.
OPP-01720,2025-04-18T04:09:00,analyst10@example.com,South,technology,SMB,data_platform,proposal,8273.89,18,15,9,False,0.252,True,The customer delayed the project and has not confirmed a decision timeline. Primary contact: buyer032@example.com.,won,7642.02,Successful technical evaluation with approved budget.
OPP-00360,2025-04-19T03:25:00,analyst18@example.com,West,technology,SMB,analytics,qualification,13313.99,124,70,1,False,0.26,True,Stakeholders are interested but the business case is still being refined.,won,13487.63,Strong executive sponsorship and clear ROI case.
OPP-00900,2025-04-23T14:12:00,analyst45@example.com,South,manufacturing,SMB,data_platform,discovery,25025.3,99,51,10,True,0.207,False,Budget is uncertain and the main decision maker has not joined recent meetings. Primary contact: buyer056@example.com.,lost,0.0,Budget or timing constraints prevented the purchase.
OPP-01936,2025-07-27T02:56:00,analyst55@example.com,South,technology,Enterprise,data_platform,discovery,16061.49,105,34,8,False,0.066,True,The customer delayed the project and has not confirmed a decision timeline.,lost,0.0,Insufficient stakeholder engagement and unclear business case.
OPP-01995,2025-10-31T09:55:00,analyst00@example.com,West,retail,Mid-Market,security,proposal,65026.8,39,17,0,False,0.181,True,A strong competitor is already deployed and switching costs are a concern.,lost,0.0,Competitor preference and switching costs reduced win likelihood.
OPP-02928,2025-07-09T17:02:00,analyst21@example.com,West,financial_services,Enterprise,data_platform,qualification,49724.95,140,41,7,True,0.209,False,A strong competitor is already deployed and switching costs are a concern.,lost,0.0,Budget or timing constraints prevented the purchase.
OPP-00761,2025-12-24T09:39:00,analyst20@example.com,South,technology,SMB,data_platform,proposal,35190.84,47,54,5,True,0.279,True,Discovery is ongoing and the team requested additional product information.,won,35566.01,Successful technical evaluation with approved budget.
OPP-02159,2025-11-16T20:51:00,analyst50@example.com,Midwest,technology,SMB,security,proposal,14684.38,140,78,8,True,0.197,True,The customer delayed the project and has not confirmed a decision timeline.,lost,0.0,Budget or timing constraints prevented the purchase.
OPP-02628,2026-01-17T00:03:00,analyst06@example.com,Midwest,financial_services,Mid-Market,automation,discovery,26589.44,159,95,9,True,0.152,False,The customer delayed the project and has not confirmed a decision timeline. Primary contact: buyer096@example.com.,lost,0.0,Insufficient stakeholder engagement and unclear business case.
OPP-00043,2025-04-23T10:50:00,analyst43@example.com,Midwest,manufacturing,SMB,data_platform,discovery,37085.3,166,92,3,False,0.087,True,Executive sponsor is engaged and the buying team confirmed a clear business need.,lost,0.0,Budget or timing constraints prevented the purchase.
OPP-02174,2025-01-08T17:46:00,analyst08@example.com,Northeast,healthcare,Enterprise,security,negotiation,8321.85,105,50,9,False,0.22,True,Discovery is ongoing and the team requested additional product information.,won,7750.18,Successful technical evaluation with approved budget.
OPP-00205,2025-10-22T20:14:00,analyst34@example.com,West,technology,SMB,security,proposal,13109.75,89,19,1,True,0.05,True,The customer delayed the project and has not confirmed a decision timeline.,lost,0.0,Competitor preference and switching costs reduced win likelihood.
OPP-01474,2026-01-07T16:55:00,analyst49@example.com,Northeast,financial_services,Enterprise,data_platform,discovery,17813.07,13,79,0,False,0.164,False,Stakeholders are interested but the business case is still being refined.,won,16852.22,Successful technical evaluation with approved budget.
OPP-02101,2025-07-05T06:36:00,analyst49@example.com,Midwest,retail,Enterprise,security,negotiation,44146.89,15,44,2,False,0.034,True,The opportunity remains active but timing depends on the next planning cycle.,won,42622.16,Strong executive sponsorship and clear ROI case.
OPP-00069,2026-02-27T21:59:00,analyst12@example.com,South,retail,SMB,security,proposal,67572.12,95,79,1,True,0.127,True,Customer is still comparing alternatives and gathering internal feedback.,won,65024.18,Good product fit and timely stakeholder engagement.
OPP-01876,2025-06-17T17:32:00,analyst52@example.com,West,manufacturing,Mid-Market,automation,discovery,24390.94,165,27,0,True,0.061,True,Budget is uncertain and the main decision maker has not joined recent meetings.,lost,0.0,Competitor preference and switching costs reduced win likelihood.
OPP-02385,2025-09-10T14:24:00,analyst48@example.com,Midwest,technology,Mid-Market,analytics,proposal,9296.03,127,65,7,True,0.115,True,A strong competitor is already deployed and switching costs are a concern. Primary contact: buyer064@example.com.,lost,0.0,Insufficient stakeholder engagement and unclear business case.
OPP-02232,2025-07-27T08:35:00,analyst09@example.com,Midwest,retail,Mid-Market,security,proposal,17686.62,5,47,8,False,0.022,True,Discovery is ongoing and the team requested additional product information.,won,16931.92,Good product fit and timely stakeholder engagement.
OPP-00138,2025-10-14T06:56:00,analyst24@example.com,Midwest,healthcare,Mid-Market,analytics,qualification,47118.24,20,50,10,True,0.243,True,Discovery is ongoing and the team requested additional product information.,lost,0.0,Insufficient stakeholder engagement and unclear business case.
OPP-00797,2025-08-24T04:02:00,analyst56@example.com,South,technology,Mid-Market,security,qualification,50781.55,87,73,2,False,0.278,False,Customer is still comparing alternatives and gathering internal feedback.,won,46888.55,Good product fit and timely stakeholder engagement.
OPP-02181,2025-03-20T16:57:00,analyst15@example.com,South,retail,Mid-Market,security,discovery,14241.38,171,39,9,False,0.122,False,The customer delayed the project and has not confirmed a decision timeline.,lost,0.0,Competitor preference and switching costs reduced win likelihood.
OPP-02129,2025-12-30T16:38:00,analyst20@example.com,Midwest,financial_services,SMB,security,negotiation,46794.93,72,99,8,True,0.031,True,Customer is still comparing alternatives and gathering internal feedback.,won,45618.07,Strong executive sponsorship and clear ROI case.
OPP-00759,2025-05-01T09:44:00,analyst18@example.com,Northeast,retail,SMB,security,qualification,27358.13,99,30,4,True,0.246,False,A strong competitor is already deployed and switching costs are a concern.,lost,0.0,Insufficient stakeholder engagement and unclear business case.
OPP-00542,2026-02-23T03:31:00,analyst29@example.com,Northeast,technology,Mid-Market,analytics,qualification,48408.45,100,92,10,False,0.259,False,Stakeholders are interested but the business case is still being refined. Primary contact: buyer120@example.com.,lost,0.0,Insufficient stakeholder engagement and unclear business case.
OPP-01020,2025-06-29T17:48:00,analyst51@example.com,South,financial_services,Enterprise,analytics,negotiation,43880.37,168,33,10,False,0.139,True,The customer delayed the project and has not confirmed a decision timeline.,lost,0.0,Insufficient stakeholder engagement and unclear business case.
OPP-02294,2025-01-14T05:46:00,analyst14@example.com,South,manufacturing,SMB,automation,qualification,74448.85,148,70,5,False,0.165,False,Stakeholders are interested but the business case is still being refined.,lost,0.0,Insufficient stakeholder engagement and unclear business case.
OPP-00166,2025-03-16T01:36:00,analyst52@example.com,South,financial_services,Mid-Market,analytics,discovery,16187.19,145,26,5,False,0.172,False,A strong competitor is already deployed and switching costs are a concern.,won,15171.95,Successful technical evaluation with approved budget.
OPP-00249,2025-05-12T16:39:00,analyst21@example.com,Northeast,technology,Mid-Market,security,qualification,29491.83,165,37,8,False,0.116,True,Engagement has slowed and the proposal has not received internal sponsorship.,lost,0.0,Budget or timing constraints prevented the purchase.
OPP-01332,2025-02-07T00:00:00,analyst21@example.com,South,retail,Mid-Market,security,proposal,33194.4,129,69,7,True,0.012,True,Budget is uncertain and the main decision maker has not joined recent meetings.,won,30902.98,Good product fit and timely stakeholder engagement.
OPP-02018,2025-03-01T14:16:00,analyst23@example.com,Midwest,financial_services,SMB,data_platform,discovery,27552.0,168,35,1,True,0.142,False,Engagement has slowed and the proposal has not received internal sponsorship.,lost,0.0,Budget or timing constraints prevented the purchase.
OPP-00447,2025-10-13T23:41:00,analyst48@example.com,West,financial_services,Mid-Market,security,qualification,43899.53,58,43,0,False,0.217,False,Discovery is ongoing and the team requested additional product information.,lost,0.0,Insufficient stakeholder engagement and unclear business case.
OPP-01359,2025-11-28T21:27:00,analyst48@example.com,Midwest,healthcare,SMB,analytics,negotiation,26821.47,71,73,1,False,0.146,True,Budget is approved and procurement has provided a target decision date.,won,26176.48,Good product fit and timely stakeholder engagement.
OPP-02146,2025-07-14T22:14:00,analyst37@example.com,South,healthcare,SMB,security,qualification,63469.54,126,59,0,False,0.034,False,Customer is still comparing alternatives and gathering internal feedback.,lost,0.0,Insufficient stakeholder engagement and unclear business case.
OPP-01330,2025-04-19T18:10:00,analyst19@example.com,Northeast,technology,SMB,automation,negotiation,40456.78,23,21,5,True,0.068,True,Budget is uncertain and the main decision maker has not joined recent meetings.,lost,0.0,Budget or timing constraints prevented the purchase.
OPP-02916,2025-04-23T13:36:00,analyst09@example.com,West,healthcare,SMB,analytics,discovery,81177.7,93,15,2,False,0.17,False,The customer delayed the project and has not confirmed a decision timeline. Primary contact: buyer173@example.com.,lost,0.0,Budget or timing constraints prevented the purchase.
OPP-02151,2026-01-13T15:15:00,analyst42@example.com,Midwest,retail,Mid-Market,analytics,discovery,39526.93,110,44,3,False,0.213,True,Discovery is ongoing and the team requested additional product information.,lost,0.0,Insufficient stakeholder engagement and unclear business case.
OPP-00435,2025-10-07T01:42:00,analyst36@example.com,Midwest,financial_services,Mid-Market,automation,qualification,70620.28,103,65,9,False,0.022,False,The opportunity remains active but timing depends on the next planning cycle.,won,70085.93,Good product fit and timely stakeholder engagement.
OPP-02123,2025-06-02T12:59:00,analyst14@example.com,Northeast,financial_services,Mid-Market,data_platform,qualification,42888.42,51,69,5,True,0.258,False,Customer is still comparing alternatives and gathering internal feedback.,lost,0.0,Competitor preference and switching costs reduced win likelihood.
OPP-00578,2025-07-02T08:31:00,analyst08@example.com,Northeast,retail,SMB,analytics,discovery,16975.37,149,28,10,True,0.04,False,A strong competitor is already deployed and switching costs are a concern. Primary contact: buyer156@example.com.,lost,0.0,Competitor preference and switching costs reduced win likelihood.
OPP-02397,2025-06-08T22:37:00,analyst03@example.com,South,financial_services,Mid-Market,security,negotiation,18722.4,14,94,0,False,0.123,True,Decision makers attended the latest meeting and asked for a final proposal.,won,17440.21,Strong executive sponsorship and clear ROI case.
OPP-02747,2025-07-11T13:52:00,analyst11@example.com,Midwest,healthcare,SMB,security,qualification,37650.86,148,38,3,False,0.019,True,A strong competitor is already deployed and switching costs are a concern.,lost,0.0,Insufficient stakeholder engagement and unclear business case.
OPP-01849,2026-02-03T04:45:00,analyst25@example.com,Northeast,manufacturing,Enterprise,automation,discovery,57805.55,50,41,2,True,0.186,True,A strong competitor is already deployed and switching costs are a concern.,lost,0.0,Budget or timing constraints prevented the purchase.
OPP-00763,2025-03-28T01:16:00,analyst22@example.com,South,retail,Enterprise,data_platform,negotiation,14458.74,107,68,3,False,0.237,True,Discovery is ongoing and the team requested additional product information. Primary contact: buyer130@example.com.,won,14236.73,Strong executive sponsorship and clear ROI case.
OPP-00389,2025-08-12T17:37:00,analyst47@example.com,West,technology,Enterprise,data_platform,discovery,10230.18,111,18,8,True,0.072,True,The customer delayed the project and has not confirmed a decision timeline.,lost,0.0,Budget or timing constraints prevented the purchase.
OPP-00236,2026-02-16T00:20:00,analyst08@example.com,West,financial_services,SMB,automation,qualification,115447.47,88,75,7,False,0.151,True,Technical evaluation is progressing well and the customer requested implementation details.,won,114225.48,Successful technical evaluation with approved budget.
OPP-02611,2025-04-13T03:21:00,analyst46@example.com,South,retail,Mid-Market,security,discovery,72049.59,174,92,9,False,0.041,True,Executive sponsor is engaged and the buying team confirmed a clear business need.,won,73246.0,Strong executive sponsorship and clear ROI case.
OPP-01985,2025-03-06T08:41:00,analyst47@example.com,South,technology,Enterprise,security,discovery,7287.39,93,58,10,False,0.234,False,Discovery is ongoing and the team requested additional product information.,lost,0.0,Budget or timing constraints prevented the purchase.
OPP-00268,2025-05-05T18:25:00,analyst40@example.com,South,retail,SMB,data_platform,proposal,38147.08,34,72,10,True,0.147,True,Discovery is ongoing and the team requested additional product information.,won,35279.55,Successful technical evaluation with approved budget.
OPP-00771,2026-02-04T20:53:00,analyst30@example.com,South,manufacturing,Mid-Market,analytics,proposal,12116.05,176,47,6,True,0.119,True,The customer delayed the project and has not confirmed a decision timeline.,lost,0.0,Insufficient stakeholder engagement and unclear business case.
OPP-02166,2025-01-27T17:40:00,analyst00@example.com,Midwest,manufacturing,SMB,automation,discovery,24878.34,24,34,6,True,0.08,False,Engagement has slowed and the proposal has not received internal sponsorship. Primary contact: buyer056@example.com.,lost,0.0,Insufficient stakeholder engagement and unclear business case.
OPP-00438,2026-01-16T16:27:00,analyst39@example.com,Northeast,financial_services,SMB,analytics,discovery,18816.52,154,45,7,False,0.213,True,Customer is still comparing alternatives and gathering internal feedback.,won,17511.64,Strong executive sponsorship and clear ROI case.
OPP-00674,2025-11-05T05:40:00,analyst47@example.com,Northeast,healthcare,SMB,automation,proposal,59581.24,50,64,3,True,0.235,True,Discovery is ongoing and the team requested additional product information.,won,59196.26,Good product fit and timely stakeholder engagement.
OPP-00250,2026-02-02T15:30:00,analyst22@example.com,West,manufacturing,SMB,automation,discovery,171929.36,85,85,5,False,0.115,False,The opportunity remains active but timing depends on the next planning cycle.,lost,0.0,Insufficient stakeholder engagement and unclear business case.
OPP-02202,2025-07-22T23:45:00,analyst36@example.com,Northeast,retail,Enterprise,analytics,negotiation,50383.63,25,69,10,True,0.202,True,Stakeholders are interested but the business case is still being refined.,won,47195.98,Good product fit and timely stakeholder engagement.
OPP-01575,2025-12-04T15:31:00,analyst36@example.com,South,technology,SMB,data_platform,qualification,16482.44,100,77,4,False,0.09,True,Decision makers attended the latest meeting and asked for a final proposal.,won,16762.44,Good product fit and timely stakeholder engagement.
OPP-02143,2025-09-26T13:00:00,analyst34@example.com,West,healthcare,Mid-Market,analytics,discovery,25583.6,18,96,5,False,0.23,True,Executive sponsor is engaged and the buying team confirmed a clear business need. Primary contact: buyer033@example.com.,won,24734.22,Successful technical evaluation with approved budget.
OPP-02082,2025-06-13T06:05:00,analyst30@example.com,South,healthcare,SMB,data_platform,negotiation,44606.62,169,15,9,True,0.193,True,Engagement has slowed and the proposal has not received internal sponsorship.,lost,0.0,Insufficient stakeholder engagement and unclear business case.
OPP-02623,2025-12-02T15:43:00,analyst01@example.com,South,retail,SMB,security,discovery,45792.64,128,64,5,True,0.162,True,Budget is uncertain and the main decision maker has not joined recent meetings. Primary contact: buyer091@example.com.,won,43002.2,Strong executive sponsorship and clear ROI case.
OPP-02574,2025-08-22T15:37:00,analyst09@example.com,South,retail,SMB,automation,qualification,24030.32,59,96,2,False,0.238,False,Discovery is ongoing and the team requested additional product information.,won,23234.62,Successful technical evaluation with approved budget.
OPP-02745,2025-01-05T11:20:00,analyst09@example.com,Northeast,financial_services,SMB,security,negotiation,23651.72,173,91,5,False,0.157,True,Budget is approved and procurement has provided a target decision date. Primary contact: buyer002@example.com.,won,22380.04,Good product fit and timely stakeholder engagement.
OPP-00449,2025-05-03T19:54:00,analyst50@example.com,Midwest,retail,Mid-Market,automation,discovery,23036.95,58,42,3,False,0.003,False,A strong competitor is already deployed and switching costs are a concern.,lost,0.0,Competitor preference and switching costs reduced win likelihood.
OPP-01470,2025-07-27T04:13:00,analyst45@example.com,Midwest,technology,Mid-Market,automation,proposal,29504.33,107,92,7,False,0.146,True,Budget is approved and procurement has provided a target decision date. Primary contact: buyer204@example.com.,won,28269.12,Successful technical evaluation with approved budget.
OPP-00717,2025-02-04T18:31:00,analyst33@example.com,Midwest,healthcare,Mid-Market,automation,proposal,12907.16,53,45,7,False,0.279,True,Stakeholders are interested but the business case is still being refined.,lost,0.0,Insufficient stakeholder engagement and unclear business case.
OPP-02404,2025-08-22T23:15:00,analyst10@example.com,West,healthcare,SMB,automation,qualification,16171.11,177,22,10,False,0.016,False,The customer delayed the project and has not confirmed a decision timeline.,lost,0.0,Budget or timing constraints prevented the purchase.
OPP-02620,2025-11-16T16:17:00,analyst55@example.com,Northeast,financial_services,SMB,automation,negotiation,45411.15,27,78,6,False,0.134,True,Decision makers attended the latest meeting and asked for a final proposal.,won,42412.44,Strong executive sponsorship and clear ROI case.
OPP-02049,2025-03-12T02:51:00,analyst54@example.com,Northeast,retail,SMB,automation,negotiation,26939.13,92,46,4,True,0.058,True,The opportunity remains active but timing depends on the next planning cycle.,won,27573.64,Good product fit and timely stakeholder engagement.
OPP-01902,2025-08-06T07:22:00,analyst21@example.com,South,technology,SMB,data_platform,discovery,7394.15,130,73,5,True,0.205,True,The customer delayed the project and has not confirmed a decision timeline.,lost,0.0,Budget or timing constraints prevented the purchase.
OPP-01169,2025-05-26T06:36:00,analyst29@example.com,West,financial_services,SMB,security,qualification,9733.3,168,34,6,False,0.114,True,The customer delayed the project and has not confirmed a decision timeline. Primary contact: buyer114@example.com.,lost,0.0,Competitor preference and switching costs reduced win likelihood.
OPP-00083,2025-11-16T09:37:00,analyst26@example.com,South,retail,SMB,analytics,proposal,102065.1,116,50,10,False,0.265,True,Discovery is ongoing and the team requested additional product information.,won,103428.04,Strong executive sponsorship and clear ROI case.
OPP-02430,2025-01-22T10:22:00,analyst36@example.com,West,healthcare,SMB,data_platform,discovery,47310.96,73,92,7,True,0.016,False,Customer is still comparing alternatives and gathering internal feedback.,won,44574.53,Successful technical evaluation with approved budget.
OPP-01461,2025-04-07T12:04:00,analyst36@example.com,Midwest,technology,Enterprise,automation,discovery,27196.24,167,87,8,True,0.2,False,Budget is uncertain and the main decision maker has not joined recent meetings.,won,25764.06,Strong executive sponsorship and clear ROI case.
OPP-01894,2025-01-24T23:08:00,analyst13@example.com,West,retail,Enterprise,automation,discovery,8556.12,92,20,2,False,0.195,True,Budget is uncertain and the main decision maker has not joined recent meetings.,lost,0.0,Insufficient stakeholder engagement and unclear business case.
OPP-01669,2026-03-04T05:15:00,analyst16@example.com,Midwest,healthcare,Enterprise,security,proposal,27035.67,179,57,4,False,0.027,True,Discovery is ongoing and the team requested additional product information.,won,24886.5,Successful technical evaluation with approved budget.
OPP-02001,2025-08-26T15:56:00,analyst06@example.com,South,technology,Mid-Market,automation,discovery,16629.68,133,99,3,False,0.206,True,Budget is approved and procurement has provided a target decision date.,lost,0.0,Competitor preference and switching costs reduced win likelihood.
OPP-00476,2025-11-13T07:00:00,analyst20@example.com,Northeast,retail,Enterprise,data_platform,negotiation,40502.06,118,43,5,True,0.163,True,Engagement has slowed and the proposal has not received internal sponsorship. Primary contact: buyer054@example.com.,lost,0.0,Budget or timing constraints prevented the purchase.
OPP-00518,2025-03-31T10:37:00,analyst05@example.com,Northeast,healthcare,SMB,security,discovery,17869.81,122,30,2,True,0.041,False,Engagement has slowed and the proposal has not received internal sponsorship.,lost,0.0,Insufficient stakeholder engagement and unclear business case.
OPP-00405,2025-01-04T00:36:00,analyst06@example.com,Midwest,financial_services,Enterprise,automation,proposal,15948.54,124,91,5,False,0.159,True,Executive sponsor is engaged and the buying team confirmed a clear business need.,won,15542.69,Strong executive sponsorship and clear ROI case.
OPP-00385,2025-11-01T09:39:00,analyst43@example.com,Midwest,technology,Mid-Market,analytics,discovery,26083.34,41,90,6,True,0.25,False,Customer is still comparing alternatives and gathering internal feedback.,won,26494.07,Strong executive sponsorship and clear ROI case.
OPP-02439,2025-05-01T06:17:00,analyst45@example.com,South,healthcare,Mid-Market,analytics,proposal,7302.08,24,31,1,True,0.221,True,Budget is uncertain and the main decision maker has not joined recent meetings. Primary contact: buyer118@example.com.,lost,0.0,Budget or timing constraints prevented the purchase.
OPP-02153,2025-02-12T11:35:00,analyst44@example.com,Midwest,retail,SMB,security,proposal,16973.68,123,55,7,False,0.17,True,The opportunity remains active but timing depends on the next planning cycle. Primary contact: buyer043@example.com.,won,15977.13,Successful technical evaluation with approved budget.
OPP-01634,2025-04-06T22:46:00,analyst38@example.com,Midwest,manufacturing,SMB,automation,qualification,28001.54,94,64,2,False,0.071,True,Customer is still comparing alternatives and gathering internal feedback.,won,28549.33,Strong executive sponsorship and clear ROI case.
OPP-02865,2025-08-15T14:04:00,analyst15@example.com,West,retail,Mid-Market,security,qualification,25349.2,65,65,1,False,0.198,True,The opportunity remains active but timing depends on the next planning cycle.,lost,0.0,Budget or timing constraints prevented the purchase.
OPP-00689,2025-01-12T22:50:00,analyst05@example.com,Midwest,healthcare,Enterprise,data_platform,qualification,15118.01,105,34,1,False,0.221,False,Budget is uncertain and the main decision maker has not joined recent meetings.,lost,0.0,Competitor preference and switching costs reduced win likelihood.
OPP-01241,2025-04-24T21:11:00,analyst44@example.com,West,retail,Enterprise,security,negotiation,7299.42,15,46,4,True,0.267,True,The opportunity remains active but timing depends on the next planning cycle.,lost,0.0,Competitor preference and switching costs reduced win likelihood.
OPP-00063,2025-09-27T19:08:00,analyst06@example.com,Northeast,financial_services,SMB,data_platform,negotiation,22730.27,41,87,10,True,0.04,True,Discovery is ongoing and the team requested additional product information.,won,21764.2,Successful technical evaluation with approved budget.
OPP-00853,2025-12-08T16:23:00,analyst55@example.com,West,financial_services,SMB,analytics,discovery,37844.44,176,73,6,False,0.155,False,Stakeholders are interested but the business case is still being refined.,lost,0.0,Insufficient stakeholder engagement and unclear business case.
OPP-02757,2025-10-10T06:52:00,analyst21@example.com,Midwest,healthcare,Mid-Market,security,discovery,35208.4,31,44,1,True,0.211,False,Customer is still comparing alternatives and gathering internal feedback. Primary contact: buyer014@example.com.,lost,0.0,Budget or timing constraints prevented the purchase.
OPP-02482,2025-03-09T19:04:00,analyst31@example.com,West,financial_services,SMB,security,discovery,17247.35,52,53,2,False,0.03,False,Stakeholders are interested but the business case is still being refined. Primary contact: buyer161@example.com.,lost,0.0,Insufficient stakeholder engagement and unclear business case.
OPP-01263,2025-02-03T03:53:00,analyst09@example.com,South,retail,SMB,automation,discovery,19282.77,95,19,3,True,0.065,True,The customer delayed the project and has not confirmed a decision timeline. Primary contact: buyer208@example.com.,lost,0.0,Budget or timing constraints prevented the purchase.
OPP-00224,2025-06-15T02:48:00,analyst53@example.com,South,technology,Enterprise,security,discovery,20864.15,137,16,1,False,0.154,False,The customer delayed the project and has not confirmed a decision timeline.,lost,0.0,Competitor preference and switching costs reduced win likelihood.
OPP-02194,2025-02-13T00:10:00,analyst28@example.com,South,manufacturing,SMB,security,qualification,66001.05,17,70,6,True,0.169,True,Stakeholders are interested but the business case is still being refined. Primary contact: buyer084@example.com.,lost,0.0,Insufficient stakeholder engagement and unclear business case.
OPP-00374,2025-07-15T02:44:00,analyst32@example.com,Northeast,technology,SMB,data_platform,discovery,11268.13,163,44,1,False,0.136,False,Customer is still comparing alternatives and gathering internal feedback.,lost,0.0,Insufficient stakeholder engagement and unclear business case.
OPP-01825,2025-02-07T11:21:00,analyst01@example.com,West,financial_services,SMB,data_platform,proposal,11638.2,29,38,6,True,0.03,True,A strong competitor is already deployed and switching costs are a concern.,won,11299.46,Strong executive sponsorship and clear ROI case.
OPP-02542,2025-03-06T03:05:00,analyst34@example.com,South,manufacturing,Enterprise,security,negotiation,44055.95,53,96,7,True,0.191,True,Discovery is ongoing and the team requested additional product information.,won,41302.58,Strong executive sponsorship and clear ROI case.
OPP-02875,2025-05-02T18:12:00,analyst25@example.com,South,financial_services,SMB,automation,qualification,19048.56,105,22,8,True,0.147,False,The customer delayed the project and has not confirmed a decision timeline.,lost,0.0,Insufficient stakeholder engagement and unclear business case.
OPP-02603,2025-06-08T20:04:00,analyst38@example.com,Northeast,financial_services,SMB,security,qualification,21445.32,134,71,5,True,0.181,False,A strong competitor is already deployed and switching costs are a concern. Primary contact: buyer071@example.com.,lost,0.0,Competitor preference and switching costs reduced win likelihood.
OPP-02690,2025-02-19T05:31:00,analyst11@example.com,South,retail,SMB,automation,qualification,15506.66,63,18,0,True,0.243,False,Engagement has slowed and the proposal has not received internal sponsorship.,lost,0.0,Competitor preference and switching costs reduced win likelihood.
OPP-00010,2025-03-21T21:36:00,analyst10@example.com,West,financial_services,Mid-Market,security,qualification,12079.31,113,67,7,False,0.015,False,Customer is still comparing alternatives and gathering internal feedback.,lost,0.0,Competitor preference and switching costs reduced win likelihood.
OPP-01945,2025-06-03T14:31:00,analyst07@example.com,South,technology,SMB,automation,discovery,40105.34,69,91,6,False,0.221,True,Technical evaluation is progressing well and the customer requested implementation details.,won,38462.06,Successful technical evaluation with approved budget.
OPP-01839,2025-04-26T23:55:00,analyst15@example.com,South,healthcare,Enterprise,analytics,discovery,22219.09,167,69,2,False,0.222,False,Discovery is ongoing and the team requested additional product information.,lost,0.0,Insufficient stakeholder engagement and unclear business case.
OPP-00709,2025-06-19T18:07:00,analyst25@example.com,West,retail,Mid-Market,analytics,proposal,26373.02,71,44,3,True,0.191,True,Stakeholders are interested but the business case is still being refined. Primary contact: buyer076@example.com.,lost,0.0,Budget or timing constraints prevented the purchase.
OPP-00256,2025-02-03T00:17:00,analyst28@example.com,Midwest,manufacturing,SMB,security,discovery,21629.7,157,98,0,False,0.047,False,Stakeholders are interested but the business case is still being refined.,lost,0.0,Competitor preference and switching costs reduced win likelihood.
OPP-01618,2025-08-06T05:10:00,analyst22@example.com,South,healthcare,SMB,security,discovery,115762.55,108,96,10,False,0.113,False,Stakeholders are interested but the business case is still being refined.,lost,0.0,Budget or timing constraints prevented the purchase.
OPP-00390,2026-03-04T01:36:00,analyst48@example.com,West,financial_services,SMB,data_platform,qualification,40737.05,30,55,2,True,0.091,False,Customer is still comparing alternatives and gathering internal feedback. Primary contact: buyer179@example.com.,lost,0.0,Budget or timing constraints prevented the purchase.
OPP-01582,2025-01-21T14:07:00,analyst43@example.com,Northeast,manufacturing,SMB,security,discovery,5634.48,33,45,3,False,0.006,False,The opportunity remains active but timing depends on the next planning cycle.,lost,0.0,Competitor preference and switching costs reduced win likelihood.
OPP-00925,2025-10-17T11:13:00,analyst13@example.com,Midwest,financial_services,SMB,automation,discovery,63087.26,40,84,0,True,0.015,False,Stakeholders are interested but the business case is still being refined.,won,58595.87,Successful technical evaluation with approved budget.
OPP-02037,2025-03-17T01:53:00,analyst42@example.com,Midwest,technology,Mid-Market,security,qualification,23805.96,133,72,3,True,0.231,False,Engagement has slowed and the proposal has not received internal sponsorship.,lost,0.0,Insufficient stakeholder engagement and unclear business case.
OPP-02409,2025-09-06T16:16:00,analyst15@example.com,Midwest,technology,Enterprise,security,discovery,33674.75,112,60,10,False,0.27,True,Stakeholders are interested but the business case is still being refined. Primary contact: buyer088@example.com.,won,33802.06,Successful technical evaluation with approved budget.
OPP-01225,2025-12-17T03:35:00,analyst28@example.com,Midwest,healthcare,SMB,automation,qualification,25001.35,170,57,0,False,0.256,True,Discovery is ongoing and the team requested additional product information. Primary contact: buyer170@example.com.,lost,0.0,Competitor preference and switching costs reduced win likelihood.
OPP-01947,2025-12-09T22:56:00,analyst09@example.com,Northeast,healthcare,Enterprise,security,proposal,23056.11,85,30,8,True,0.059,True,Engagement has slowed and the proposal has not received internal sponsorship.,lost,0.0,Competitor preference and switching costs reduced win likelihood.
OPP-00740,2025-10-24T06:23:00,analyst56@example.com,South,technology,Mid-Market,data_platform,proposal,20829.67,9,35,1,False,0.172,True,Engagement has slowed and the proposal has not received internal sponsorship. Primary contact: buyer107@example.com.,lost,0.0,Budget or timing constraints prevented the purchase.
OPP-00041,2025-10-19T22:24:00,analyst41@example.com,Northeast,healthcare,Mid-Market,automation,discovery,247178.98,51,89,6,False,0.138,True,Technical evaluation is progressing well and the customer requested implementation details.,won,240876.31,Good product fit and timely stakeholder engagement.
OPP-00869,2025-10-28T18:13:00,analyst14@example.com,Midwest,healthcare,SMB,automation,negotiation,5000.0,40,47,7,True,0.031,True,Customer is still comparing alternatives and gathering internal feedback. Primary contact: buyer025@example.com.,lost,0.0,Budget or timing constraints prevented the purchase.
OPP-00540,2025-05-12T16:16:00,analyst27@example.com,West,manufacturing,SMB,automation,discovery,42126.1,40,50,10,True,0.11,False,Stakeholders are interested but the business case is still being refined.,lost,0.0,Insufficient stakeholder engagement and unclear business case.
OPP-02516,2026-02-02T12:35:00,analyst08@example.com,West,healthcare,Enterprise,analytics,qualification,85269.3,89,67,8,True,0.087,True,Stakeholders are interested but the business case is still being refined.,won,86402.41,Strong executive sponsorship and clear ROI case.
OPP-01372,2025-07-09T19:49:00,analyst04@example.com,Midwest,financial_services,Mid-Market,data_platform,proposal,25005.05,51,40,10,True,0.115,True,Budget is uncertain and the main decision maker has not joined recent meetings.,lost,0.0,Budget or timing constraints prevented the purchase.
OPP-01146,2026-02-23T23:18:00,analyst06@example.com,West,retail,SMB,analytics,negotiation,14426.72,63,19,4,False,0.158,True,Budget is uncertain and the main decision maker has not joined recent meetings. Primary contact: buyer091@example.com.,lost,0.0,Insufficient stakeholder engagement and unclear business case.
OPP-01032,2025-03-07T10:54:00,analyst06@example.com,Northeast,technology,Mid-Market,automation,negotiation,24213.41,99,55,2,False,0.119,True,Discovery is ongoing and the team requested additional product information. Primary contact: buyer188@example.com.,lost,0.0,Competitor preference and switching costs reduced win likelihood.
OPP-00373,2026-02-10T19:19:00,analyst31@example.com,West,healthcare,Mid-Market,automation,proposal,9978.08,175,76,2,True,0.044,True,Engagement has slowed and the proposal has not received internal sponsorship.,lost,0.0,Budget or timing constraints prevented the purchase.
OPP-00668,2026-01-05T18:12:00,analyst41@example.com,Midwest,technology,Enterprise,automation,proposal,28151.41,93,27,10,False,0.168,True,Engagement has slowed and the proposal has not received internal sponsorship.,lost,0.0,Budget or timing constraints prevented the purchase.
OPP-00358,2026-01-22T13:49:00,analyst16@example.com,Northeast,healthcare,Mid-Market,security,discovery,23132.4,148,20,9,True,0.048,False,Engagement has slowed and the proposal has not received internal sponsorship. Primary contact: buyer147@example.com.,lost,0.0,Competitor preference and switching costs reduced win likelihood.
OPP-00968,2025-02-14T04:02:00,analyst56@example.com,West,healthcare,SMB,data_platform,discovery,14955.37,176,26,9,False,0.166,True,Engagement has slowed and the proposal has not received internal sponsorship.,lost,0.0,Budget or timing constraints prevented the purchase.
OPP-01354,2025-10-06T05:01:00,analyst43@example.com,South,retail,Enterprise,analytics,qualification,15757.68,162,49,2,False,0.166,True,Discovery is ongoing and the team requested additional product information. Primary contact: buyer088@example.com.,lost,0.0,Competitor preference and switching costs reduced win likelihood.
OPP-01036,2025-10-01T19:37:00,analyst10@example.com,South,manufacturing,SMB,analytics,proposal,249529.09,115,26,5,False,0.082,True,Budget is uncertain and the main decision maker has not joined recent meetings.,lost,0.0,Competitor preference and switching costs reduced win likelihood.
OPP-00471,2026-02-13T08:45:00,analyst15@example.com,Northeast,manufacturing,Enterprise,automation,qualification,26311.2,144,94,5,True,0.133,False,Engagement has slowed and the proposal has not received internal sponsorship.,won,26786.76,Successful technical evaluation with approved budget.
OPP-01397,2025-03-29T22:24:00,analyst29@example.com,Midwest,healthcare,Mid-Market,automation,negotiation,45235.47,142,73,4,True,0.192,True,A strong competitor is already deployed and switching costs are a concern.,lost,0.0,Competitor preference and switching costs reduced win likelihood.
OPP-02847,2025-06-04T09:18:00,analyst54@example.com,West,financial_services,Mid-Market,analytics,qualification,24263.19,21,43,3,False,0.024,True,Stakeholders are interested but the business case is still being refined. Primary contact: buyer104@example.com.,lost,0.0,Budget or timing constraints prevented the purchase.
OPP-01550,2025-11-18T17:32:00,analyst11@example.com,West,financial_services,SMB,analytics,proposal,25816.78,11,87,9,False,0.122,True,Budget is approved and procurement has provided a target decision date.,won,24164.23,Successful technical evaluation with approved budget.
OPP-01257,2026-01-09T04:20:00,analyst03@example.com,West,healthcare,SMB,automation,qualification,46130.29,16,25,6,True,0.124,True,Budget is uncertain and the main decision maker has not joined recent meetings. Primary contact: buyer202@example.com.,won,45662.16,Strong executive sponsorship and clear ROI case.
OPP-02095,2025-09-21T14:46:00,analyst43@example.com,Northeast,manufacturing,Mid-Market,security,discovery,18590.86,88,72,8,False,0.231,False,The opportunity remains active but timing depends on the next planning cycle. Primary contact: buyer196@example.com.,lost,0.0,Insufficient stakeholder engagement and unclear business case.
OPP-01556,2025-08-28T09:20:00,analyst17@example.com,West,retail,SMB,data_platform,discovery,16642.73,80,23,3,True,0.032,False,A strong competitor is already deployed and switching costs are a concern.,lost,0.0,Budget or timing constraints prevented the purchase.
OPP-02595,2026-02-24T10:58:00,analyst30@example.com,Midwest,retail,Mid-Market,security,proposal,53198.6,19,73,0,True,0.254,True,Stakeholders are interested but the business case is still being refined.,lost,0.0,Competitor preference and switching costs reduced win likelihood.
OPP-01251,2025-06-29T15:57:00,analyst54@example.com,Midwest,technology,Mid-Market,security,discovery,16944.16,160,90,9,True,0.0,True,Budget is uncertain and the main decision maker has not joined recent meetings. Primary contact: buyer196@example.com.,won,16901.77,Strong executive sponsorship and clear ROI case.
OPP-01700,2025-06-04T03:56:00,analyst47@example.com,South,manufacturing,SMB,security,proposal,36896.91,148,96,7,False,0.264,True,Executive sponsor is engaged and the buying team confirmed a clear business need.,lost,0.0,Insufficient stakeholder engagement and unclear business case.
OPP-01253,2025-07-29T23:36:00,analyst56@example.com,South,technology,SMB,analytics,negotiation,12491.78,164,51,5,True,0.022,True,Budget is uncertain and the main decision maker has not joined recent meetings.,lost,0.0,Competitor preference and switching costs reduced win likelihood.
OPP-02786,2025-06-03T07:56:00,analyst50@example.com,West,retail,Mid-Market,security,proposal,25307.59,170,84,5,True,0.113,True,The customer delayed the project and has not confirmed a decision timeline. Primary contact: buyer043@example.com.,lost,0.0,Competitor preference and switching costs reduced win likelihood.
OPP-00080,2025-01-31T20:21:00,analyst23@example.com,Midwest,financial_services,SMB,data_platform,proposal,24600.76,166,38,2,True,0.217,True,The customer delayed the project and has not confirmed a decision timeline. Primary contact: buyer080@example.com.,lost,0.0,Budget or timing constraints prevented the purchase.
OPP-01173,2025-04-08T08:54:00,analyst33@example.com,South,retail,Enterprise,analytics,discovery,41851.23,46,18,9,True,0.137,True,Engagement has slowed and the proposal has not received internal sponsorship. Primary contact: buyer118@example.com.,lost,0.0,Insufficient stakeholder engagement and unclear business case.
OPP-00815,2025-06-20T13:01:00,analyst17@example.com,West,retail,Mid-Market,automation,proposal,14576.26,146,15,8,False,0.218,True,A strong competitor is already deployed and switching costs are a concern.,lost,0.0,Budget or timing constraints prevented the purchase.
OPP-01853,2025-11-22T12:34:00,analyst29@example.com,Northeast,healthcare,Mid-Market,analytics,proposal,21288.64,175,58,0,True,0.223,True,The customer delayed the project and has not confirmed a decision timeline.,lost,0.0,Competitor preference and switching costs reduced win likelihood.
OPP-02221,2025-03-24T20:31:00,analyst55@example.com,Midwest,retail,SMB,analytics,proposal,38162.2,36,35,6,True,0.194,True,A strong competitor is already deployed and switching costs are a concern. Primary contact: buyer111@example.com.,won,37163.32,Strong executive sponsorship and clear ROI case.
OPP-02634,2025-08-03T04:23:00,analyst12@example.com,South,healthcare,Mid-Market,data_platform,proposal,28488.57,62,59,9,False,0.077,True,The opportunity remains active but timing depends on the next planning cycle. Primary contact: buyer102@example.com.,lost,0.0,Competitor preference and switching costs reduced win likelihood.
OPP-02106,2025-06-03T16:24:00,analyst54@example.com,West,healthcare,SMB,security,discovery,41725.24,19,93,1,False,0.168,False,The opportunity remains active but timing depends on the next planning cycle. Primary contact: buyer207@example.com.,won,41406.47,Good product fit and timely stakeholder engagement.
OPP-00134,2025-12-20T05:09:00,analyst20@example.com,West,retail,Mid-Market,security,discovery,27320.66,170,37,8,True,0.081,True,Budget is uncertain and the main decision maker has not joined recent meetings.,lost,0.0,Budget or timing constraints prevented the purchase.
OPP-01141,2025-10-25T05:59:00,analyst01@example.com,South,technology,SMB,security,negotiation,17527.84,107,67,2,False,0.269,True,Stakeholders are interested but the business case is still being refined.,won,17996.13,Good product fit and timely stakeholder engagement.
OPP-00934,2025-04-20T03:51:00,analyst22@example.com,Midwest,technology,SMB,automation,negotiation,21851.45,105,38,4,True,0.15,True,Budget is uncertain and the main decision maker has not joined recent meetings.,won,22379.66,Good product fit and timely stakeholder engagement.
OPP-00929,2025-02-05T09:23:00,analyst17@example.com,Midwest,manufacturing,SMB,data_platform,qualification,27193.13,53,31,7,False,0.014,False,A strong competitor is already deployed and switching costs are a concern.,lost,0.0,Budget or timing constraints prevented the purchase.
OPP-00824,2025-10-27T17:06:00,analyst26@example.com,Northeast,technology,SMB,analytics,proposal,19438.74,160,24,5,True,0.114,True,A strong competitor is already deployed and switching costs are a concern.,lost,0.0,Competitor preference and switching costs reduced win likelihood.
OPP-01532,2025-04-11T00:28:00,analyst50@example.com,Midwest,healthcare,Enterprise,data_platform,proposal,16849.2,6,78,7,False,0.151,True,Budget is approved and procurement has provided a target decision date.,won,15931.42,Strong executive sponsorship and clear ROI case.
OPP-01215,2025-06-25T11:13:00,analyst18@example.com,Midwest,technology,Mid-Market,security,proposal,12093.02,53,68,6,True,0.034,True,Customer is still comparing alternatives and gathering internal feedback. Primary contact: buyer160@example.com.,won,12118.74,Successful technical evaluation with approved budget.
OPP-00505,2026-01-03T12:31:00,analyst49@example.com,Midwest,financial_services,Enterprise,security,qualification,77780.5,152,69,2,False,0.109,False,Discovery is ongoing and the team requested additional product information. Primary contact: buyer083@example.com.,lost,0.0,Budget or timing constraints prevented the purchase.
OPP-02971,2025-05-14T15:32:00,analyst07@example.com,Midwest,retail,SMB,security,qualification,16194.06,105,39,8,False,0.032,False,A strong competitor is already deployed and switching costs are a concern. Primary contact: buyer017@example.com.,won,16511.2,Strong executive sponsorship and clear ROI case.
OPP-02396,2025-07-06T00:44:00,analyst02@example.com,South,financial_services,Mid-Market,security,negotiation,6699.71,21,83,0,True,0.152,True,Stakeholders are interested but the business case is still being refined. Primary contact: buyer075@example.com.,won,6387.57,Good product fit and timely stakeholder engagement.
OPP-01997,2025-02-03T00:13:00,analyst02@example.com,Midwest,manufacturing,Mid-Market,automation,discovery,40936.34,177,97,4,False,0.202,False,The opportunity remains active but timing depends on the next planning cycle.,lost,0.0,Budget or timing constraints prevented the purchase.
OPP-01959,2025-09-26T14:25:00,analyst21@example.com,Midwest,technology,Mid-Market,data_platform,proposal,31532.5,99,39,7,False,0.017,True,A strong competitor is already deployed and switching costs are a concern. Primary contact: buyer060@example.com.,lost,0.0,Competitor preference and switching costs reduced win likelihood.
OPP-01385,2026-01-19T16:08:00,analyst17@example.com,West,manufacturing,Enterprise,data_platform,discovery,13085.36,26,94,1,True,0.272,False,Customer is still comparing alternatives and gathering internal feedback. Primary contact: buyer119@example.com.,lost,0.0,Insufficient stakeholder engagement and unclear business case.
OPP-00895,2025-11-07T04:04:00,analyst40@example.com,Northeast,retail,SMB,data_platform,qualification,23494.64,38,96,2,False,0.094,False,The opportunity remains active but timing depends on the next planning cycle. Primary contact: buyer051@example.com.,won,21638.73,Strong executive sponsorship and clear ROI case.
OPP-00829,2025-03-16T07:51:00,analyst31@example.com,Midwest,healthcare,SMB,analytics,proposal,10997.34,17,33,6,True,0.012,True,Budget is uncertain and the main decision maker has not joined recent meetings. Primary contact: buyer196@example.com.,won,10942.63,Strong executive sponsorship and clear ROI case.
OPP-02926,2025-08-10T19:40:00,analyst19@example.com,Northeast,retail,SMB,security,qualification,7766.14,53,86,10,False,0.187,False,Stakeholders are interested but the business case is still being refined.,won,7263.38,Good product fit and timely stakeholder engagement.
OPP-01684,2025-01-25T20:30:00,analyst31@example.com,South,technology,SMB,data_platform,proposal,28402.14,71,49,0,False,0.185,True,Discovery is ongoing and the team requested additional product information. Primary contact: buyer207@example.com.,lost,0.0,Budget or timing constraints prevented the purchase.
OPP-02580,2026-01-19T11:01:00,analyst15@example.com,Northeast,technology,SMB,data_platform,discovery,27818.21,8,63,5,True,0.081,False,Discovery is ongoing and the team requested additional product information.,lost,0.0,Insufficient stakeholder engagement and unclear business case.
OPP-02564,2026-02-01T14:12:00,analyst56@example.com,Northeast,technology,SMB,security,proposal,27250.79,157,74,0,True,0.06,True,Engagement has slowed and the proposal has not received internal sponsorship.,lost,0.0,Budget or timing constraints prevented the purchase.
OPP-02518,2025-06-27T15:08:00,analyst10@example.com,South,financial_services,SMB,analytics,qualification,43317.8,8,37,9,False,0.202,True,A strong competitor is already deployed and switching costs are a concern.,lost,0.0,Competitor preference and switching costs reduced win likelihood.
OPP-00653,2025-01-10T17:54:00,analyst26@example.com,Midwest,financial_services,Enterprise,security,negotiation,74006.46,168,28,4,False,0.205,True,The customer delayed the project and has not confirmed a decision timeline.,lost,0.0,Budget or timing constraints prevented the purchase.
OPP-00173,2025-05-18T04:24:00,analyst02@example.com,West,healthcare,Mid-Market,analytics,proposal,20360.71,130,27,3,True,0.273,True,Engagement has slowed and the proposal has not received internal sponsorship.,lost,0.0,Budget or timing constraints prevented the purchase.
OPP-00039,2025-08-13T07:54:00,analyst39@example.com,Midwest,technology,SMB,data_platform,proposal,23704.43,72,95,9,False,0.261,True,Budget is approved and procurement has provided a target decision date.,won,21963.58,Strong executive sponsorship and clear ROI case.
OPP-02866,2026-02-10T16:34:00,analyst16@example.com,Northeast,retail,SMB,security,discovery,30744.16,168,46,4,False,0.057,False,Customer is still comparing alternatives and gathering internal feedback. Primary contact: buyer123@example.com.,won,31409.16,Good product fit and timely stakeholder engagement.
OPP-00714,2025-01-17T15:22:00,analyst30@example.com,South,retail,Mid-Market,data_platform,proposal,22176.22,45,27,0,True,0.181,True,The customer delayed the project and has not confirmed a decision timeline. Primary contact: buyer081@example.com.,lost,0.0,Competitor preference and switching costs reduced win likelihood.
OPP-00091,2026-01-11T03:28:00,analyst34@example.com,Northeast,healthcare,SMB,analytics,discovery,20228.26,79,64,9,True,0.27,False,Discovery is ongoing and the team requested additional product information.,lost,0.0,Competitor preference and switching costs reduced win likelihood.
OPP-02961,2026-02-12T19:30:00,analyst54@example.com,West,healthcare,SMB,analytics,discovery,13051.15,12,52,5,True,0.047,True,Discovery is ongoing and the team requested additional product information.,lost,0.0,Budget or timing constraints prevented the purchase.
OPP-01206,2025-07-12T03:22:00,analyst09@example.com,Northeast,healthcare,SMB,analytics,proposal,50206.0,13,60,2,False,0.147,True,Discovery is ongoing and the team requested additional product information.,won,50730.07,Good product fit and timely stakeholder engagement.
OPP-02591,2025-10-06T03:33:00,analyst26@example.com,Midwest,technology,Enterprise,security,proposal,6030.17,106,81,5,False,0.077,True,Technical evaluation is progressing well and the customer requested implementation details. Primary contact: buyer059@example.com.,won,5605.57,Strong executive sponsorship and clear ROI case.
OPP-01828,2025-07-31T13:53:00,analyst04@example.com,Midwest,financial_services,SMB,analytics,discovery,19425.93,177,56,9,True,0.001,True,Engagement has slowed and the proposal has not received internal sponsorship.,won,18710.13,Strong executive sponsorship and clear ROI case.
OPP-01156,2025-01-30T09:24:00,analyst16@example.com,Midwest,technology,Enterprise,automation,proposal,60651.07,50,25,8,True,0.059,True,A strong competitor is already deployed and switching costs are a concern.,lost,0.0,Insufficient stakeholder engagement and unclear business case.
OPP-01325,2025-06-05T21:26:00,analyst14@example.com,Northeast,financial_services,Mid-Market,security,discovery,35943.21,9,67,2,False,0.032,False,The opportunity remains active but timing depends on the next planning cycle.,lost,0.0,Competitor preference and switching costs reduced win likelihood.
OPP-00217,2025-01-13T09:27:00,analyst46@example.com,Midwest,technology,SMB,security,negotiation,51000.92,51,94,10,False,0.047,True,Executive sponsor is engaged and the buying team confirmed a clear business need. Primary contact: buyer006@example.com.,won,47662.58,Successful technical evaluation with approved budget.
OPP-00511,2025-12-22T13:28:00,analyst55@example.com,Northeast,healthcare,Mid-Market,data_platform,discovery,54612.63,107,39,4,True,0.192,False,The customer delayed the project and has not confirmed a decision timeline. Primary contact: buyer089@example.com.,lost,0.0,Budget or timing constraints prevented the purchase.
OPP-01681,2025-09-22T22:16:00,analyst28@example.com,West,retail,SMB,data_platform,negotiation,27369.93,119,16,5,False,0.141,True,Budget is uncertain and the main decision maker has not joined recent meetings.,won,27724.44,Successful technical evaluation with approved budget.
OPP-00500,2025-01-13T02:57:00,analyst44@example.com,South,retail,Mid-Market,analytics,qualification,40669.11,144,36,9,True,0.097,False,Budget is uncertain and the main decision maker has not joined recent meetings.,lost,0.0,Competitor preference and switching costs reduced win likelihood.
OPP-02485,2025-07-05T19:19:00,analyst34@example.com,Northeast,healthcare,Enterprise,automation,qualification,39643.1,47,56,4,True,0.224,False,Stakeholders are interested but the business case is still being refined.,won,38955.58,Strong executive sponsorship and clear ROI case.
OPP-01857,2025-01-19T17:05:00,analyst33@example.com,West,technology,Mid-Market,security,qualification,21372.87,117,87,6,False,0.156,False,The opportunity remains active but timing depends on the next planning cycle.,lost,0.0,Competitor preference and switching costs reduced win likelihood.
OPP-01389,2025-11-25T20:30:00,analyst21@example.com,Midwest,healthcare,SMB,analytics,discovery,69234.46,102,20,4,False,0.049,False,The customer delayed the project and has not confirmed a decision timeline.,lost,0.0,Competitor preference and switching costs reduced win likelihood.
OPP-01520,2025-05-23T21:06:00,analyst38@example.com,Midwest,manufacturing,Mid-Market,analytics,proposal,13755.64,47,38,1,False,0.056,True,Engagement has slowed and the proposal has not received internal sponsorship. Primary contact: buyer043@example.com.,lost,0.0,Insufficient stakeholder engagement and unclear business case.
OPP-02387,2025-07-10T13:39:00,analyst50@example.com,West,manufacturing,SMB,analytics,proposal,35229.97,14,59,5,False,0.26,True,The opportunity remains active but timing depends on the next planning cycle.,lost,0.0,Budget or timing constraints prevented the purchase.
OPP-02727,2025-10-08T11:38:00,analyst48@example.com,West,financial_services,SMB,security,qualification,41936.73,118,100,7,False,0.128,False,The opportunity remains active but timing depends on the next planning cycle.,lost,0.0,Budget or timing constraints prevented the purchase.
OPP-02077,2025-05-06T12:21:00,analyst25@example.com,Midwest,technology,Mid-Market,data_platform,qualification,37887.15,158,59,7,False,0.043,True,Customer is still comparing alternatives and gathering internal feedback.,won,37944.4,Strong executive sponsorship and clear ROI case.
OPP-01541,2025-10-18T00:18:00,analyst02@example.com,South,retail,Mid-Market,analytics,proposal,42773.22,117,18,0,True,0.242,True,The customer delayed the project and has not confirmed a decision timeline.,lost,0.0,Insufficient stakeholder engagement and unclear business case.
OPP-01218,2025-09-02T04:01:00,analyst21@example.com,Midwest,retail,Enterprise,automation,negotiation,24196.59,145,64,3,False,0.036,True,The opportunity remains active but timing depends on the next planning cycle.,won,23275.99,Good product fit and timely stakeholder engagement.
OPP-01417,2025-06-16T14:18:00,analyst49@example.com,West,retail,Enterprise,automation,discovery,71993.84,110,71,1,False,0.075,False,Customer is still comparing alternatives and gathering internal feedback.,lost,0.0,Competitor preference and switching costs reduced win likelihood.
OPP-02218,2025-12-22T15:58:00,analyst52@example.com,Northeast,technology,Mid-Market,data_platform,proposal,50196.57,12,79,10,True,0.156,True,The opportunity remains active but timing depends on the next planning cycle.,won,47337.18,Successful technical evaluation with approved budget.
OPP-02524,2025-11-05T21:50:00,analyst16@example.com,Midwest,technology,Mid-Market,data_platform,qualification,21302.96,124,15,7,False,0.162,False,Engagement has slowed and the proposal has not received internal sponsorship. Primary contact: buyer203@example.com.,lost,0.0,Insufficient stakeholder engagement and unclear business case.
OPP-01677,2025-08-28T02:25:00,analyst24@example.com,Midwest,technology,SMB,automation,proposal,79640.97,77,23,0,False,0.006,True,Budget is uncertain and the main decision maker has not joined recent meetings.,lost,0.0,Insufficient stakeholder engagement and unclear business case.
OPP-01198,2025-06-10T13:53:00,analyst01@example.com,West,manufacturing,Mid-Market,data_platform,proposal,68479.45,111,94,8,False,0.007,True,Technical evaluation is progressing well and the customer requested implementation details. Primary contact: buyer143@example.com.,won,68461.82,Successful technical evaluation with approved budget.
OPP-01543,2025-09-25T14:07:00,analyst04@example.com,Midwest,technology,Enterprise,analytics,qualification,30998.11,10,81,7,True,0.197,False,Stakeholders are interested but the business case is still being refined.,lost,0.0,Budget or timing constraints prevented the purchase.
OPP-00954,2025-07-28T12:43:00,analyst42@example.com,Midwest,manufacturing,SMB,data_platform,negotiation,15961.89,75,32,3,True,0.201,True,The customer delayed the project and has not confirmed a decision timeline. Primary contact: buyer110@example.com.,lost,0.0,Budget or timing constraints prevented the purchase.
OPP-00751,2025-10-31T02:37:00,analyst10@example.com,Northeast,financial_services,SMB,automation,discovery,44362.26,40,98,4,True,0.04,False,Stakeholders are interested but the business case is still being refined.,won,43074.11,Strong executive sponsorship and clear ROI case.
OPP-00235,2025-07-27T06:19:00,analyst07@example.com,South,financial_services,SMB,analytics,qualification,77425.32,11,65,8,False,0.023,True,The opportunity remains active but timing depends on the next planning cycle. Primary contact: buyer024@example.com.,lost,0.0,Insufficient stakeholder engagement and unclear business case.
OPP-00733,2025-08-10T07:59:00,analyst49@example.com,South,financial_services,Mid-Market,data_platform,discovery,7901.52,111,23,8,True,0.25,True,Engagement has slowed and the proposal has not received internal sponsorship.,lost,0.0,Competitor preference and switching costs reduced win likelihood.
OPP-02999,2026-01-04T18:11:00,analyst35@example.com,South,technology,Enterprise,analytics,qualification,32483.51,169,53,0,False,0.105,False,Stakeholders are interested but the business case is still being refined.,lost,0.0,Competitor preference and switching costs reduced win likelihood.
OPP-01157,2025-05-31T19:24:00,analyst17@example.com,South,manufacturing,SMB,security,proposal,66908.03,141,84,0,True,0.09,True,Engagement has slowed and the proposal has not received internal sponsorship.,lost,0.0,Competitor preference and switching costs reduced win likelihood.
OPP-02579,2026-02-10T16:22:00,analyst14@example.com,West,retail,SMB,analytics,discovery,67332.43,168,61,0,True,0.123,False,The customer delayed the project and has not confirmed a decision timeline. Primary contact: buyer047@example.com.,lost,0.0,Insufficient stakeholder engagement and unclear business case.
OPP-02446,2025-12-06T22:34:00,analyst52@example.com,West,retail,Mid-Market,analytics,negotiation,17860.43,162,32,2,False,0.27,True,A strong competitor is already deployed and switching costs are a concern.,won,17032.34,Good product fit and timely stakeholder engagement.
OPP-01210,2026-02-16T16:57:00,analyst13@example.com,West,healthcare,Mid-Market,automation,proposal,37658.43,117,44,1,False,0.269,True,Discovery is ongoing and the team requested additional product information.,lost,0.0,Budget or timing constraints prevented the purchase.
OPP-01066,2025-08-07T16:11:00,analyst40@example.com,Midwest,technology,Mid-Market,security,discovery,95000.75,71,54,6,False,0.272,False,Discovery is ongoing and the team requested additional product information.,won,97720.94,Successful technical evaluation with approved budget.
OPP-02157,2025-07-18T04:45:00,analyst48@example.com,West,technology,SMB,analytics,proposal,29759.08,6,94,8,False,0.097,True,Decision makers attended the latest meeting and asked for a final proposal.,won,30468.94,Strong executive sponsorship and clear ROI case.
OPP-01063,2025-03-20T09:09:00,analyst37@example.com,South,retail,SMB,data_platform,proposal,16545.59,61,59,7,True,0.083,True,Discovery is ongoing and the team requested additional product information.,lost,0.0,Competitor preference and switching costs reduced win likelihood.
OPP-01168,2025-03-17T00:10:00,analyst28@example.com,Midwest,retail,Enterprise,automation,negotiation,40995.51,43,30,7,False,0.015,True,Engagement has slowed and the proposal has not received internal sponsorship. Primary contact: buyer113@example.com.,lost,0.0,Competitor preference and switching costs reduced win likelihood.
OPP-01493,2025-12-18T00:39:00,analyst11@example.com,South,manufacturing,Enterprise,security,negotiation,84033.38,173,64,8,True,0.026,True,The customer delayed the project and has not confirmed a decision timeline.,lost,0.0,Budget or timing constraints prevented the purchase.
OPP-02554,2025-05-18T23:47:00,analyst46@example.com,South,technology,SMB,security,discovery,71242.18,159,72,8,True,0.076,False,Engagement has slowed and the proposal has not received internal sponsorship. Primary contact: buyer022@example.com.,lost,0.0,Insufficient stakeholder engagement and unclear business case.
OPP-00885,2025-06-16T07:45:00,analyst30@example.com,Northeast,financial_services,Mid-Market,analytics,discovery,32110.25,166,67,4,False,0.035,False,Stakeholders are interested but the business case is still being refined.,lost,0.0,Insufficient stakeholder engagement and unclear business case.
OPP-00144,2025-01-20T20:47:00,analyst30@example.com,South,technology,Enterprise,automation,proposal,33679.01,114,55,2,True,0.18,True,The customer delayed the project and has not confirmed a decision timeline.,lost,0.0,Insufficient stakeholder engagement and unclear business case.
OPP-02948,2025-06-11T08:50:00,analyst41@example.com,South,financial_services,Mid-Market,automation,discovery,47598.46,121,31,4,False,0.117,False,A strong competitor is already deployed and switching costs are a concern. Primary contact: buyer205@example.com.,lost,0.0,Competitor preference and switching costs reduced win likelihood.
OPP-00851,2025-04-27T22:50:00,analyst53@example.com,South,financial_services,Mid-Market,analytics,proposal,18578.78,170,15,10,True,0.026,True,A strong competitor is already deployed and switching costs are a concern.,lost,0.0,Competitor preference and switching costs reduced win likelihood.
OPP-00718,2025-08-02T06:55:00,analyst34@example.com,Midwest,healthcare,SMB,data_platform,discovery,27186.26,173,62,8,False,0.09,False,Stakeholders are interested but the business case is still being refined.,lost,0.0,Competitor preference and switching costs reduced win likelihood.
OPP-02848,2025-12-02T22:07:00,analyst55@example.com,Midwest,healthcare,SMB,automation,negotiation,95353.15,58,71,2,False,0.003,True,Stakeholders are interested but the business case is still being refined.,won,90008.74,Good product fit and timely stakeholder engagement.
OPP-00265,2025-10-05T07:31:00,analyst37@example.com,West,retail,Mid-Market,automation,qualification,18857.85,56,41,1,True,0.267,False,A strong competitor is already deployed and switching costs are a concern.,lost,0.0,Budget or timing constraints prevented the purchase.
OPP-00076,2025-01-21T20:36:00,analyst19@example.com,Midwest,technology,Mid-Market,data_platform,discovery,31098.26,28,43,7,False,0.261,False,The opportunity remains active but timing depends on the next planning cycle. Primary contact: buyer076@example.com.,won,29892.9,Strong executive sponsorship and clear ROI case.
OPP-00396,2025-06-20T21:57:00,analyst54@example.com,Midwest,retail,SMB,analytics,qualification,23324.71,7,43,0,False,0.191,False,The opportunity remains active but timing depends on the next planning cycle.,lost,0.0,Budget or timing constraints prevented the purchase.
OPP-02551,2025-07-23T04:22:00,analyst43@example.com,Northeast,financial_services,SMB,automation,discovery,21654.34,121,52,8,False,0.049,False,The opportunity remains active but timing depends on the next planning cycle.,won,20723.92,Successful technical evaluation with approved budget.
OPP-02225,2025-01-21T03:44:00,analyst02@example.com,Northeast,retail,Mid-Market,security,qualification,35318.52,17,88,8,True,0.206,False,Discovery is ongoing and the team requested additional product information.,lost,0.0,Competitor preference and switching costs reduced win likelihood.
OPP-02805,2025-07-16T02:32:00,analyst12@example.com,South,retail,Mid-Market,analytics,qualification,18533.48,39,81,7,False,0.152,False,Customer is still comparing alternatives and gathering internal feedback.,won,17488.77,Successful technical evaluation with approved budget.
OPP-00397,2025-04-04T03:00:00,analyst55@example.com,West,healthcare,SMB,security,negotiation,38725.21,55,96,6,True,0.078,True,Discovery is ongoing and the team requested additional product information. Primary contact: buyer186@example.com.,won,38804.87,Strong executive sponsorship and clear ROI case.
OPP-01366,2025-11-04T23:03:00,analyst55@example.com,West,manufacturing,SMB,automation,qualification,46938.03,130,73,5,False,0.213,True,Budget is approved and procurement has provided a target decision date.,won,48064.03,Strong executive sponsorship and clear ROI case.
OPP-02506,2026-01-02T00:33:00,analyst55@example.com,Northeast,technology,Mid-Market,automation,discovery,69369.87,52,81,6,True,0.274,False,Customer is still comparing alternatives and gathering internal feedback.,lost,0.0,Budget or timing constraints prevented the purchase.
OPP-01904,2025-02-16T23:47:00,analyst23@example.com,Northeast,financial_services,Enterprise,analytics,proposal,17441.71,154,57,8,False,0.116,True,Customer is still comparing alternatives and gathering internal feedback.,won,17808.56,Strong executive sponsorship and clear ROI case.
OPP-00596,2025-10-19T02:51:00,analyst26@example.com,Northeast,healthcare,Enterprise,analytics,qualification,27055.31,30,38,5,True,0.131,True,Engagement has slowed and the proposal has not received internal sponsorship.,won,26185.39,Good product fit and timely stakeholder engagement.
OPP-02110,2025-01-20T13:06:00,analyst01@example.com,Midwest,healthcare,SMB,data_platform,proposal,38343.26,177,67,3,True,0.095,True,A strong competitor is already deployed and switching costs are a concern. Primary contact: buyer000@example.com.,lost,0.0,Competitor preference and switching costs reduced win likelihood.
OPP-01297,2025-07-24T01:55:00,analyst43@example.com,Midwest,technology,SMB,analytics,proposal,64438.98,10,84,6,False,0.024,True,Executive sponsor is engaged and the buying team confirmed a clear business need.,won,64711.29,Good product fit and timely stakeholder engagement.
OPP-01822,2025-04-27T13:38:00,analyst55@example.com,South,healthcare,SMB,automation,discovery,14748.84,28,50,0,True,0.18,False,The opportunity remains active but timing depends on the next planning cycle. Primary contact: buyer134@example.com.,lost,0.0,Competitor preference and switching costs reduced win likelihood.
OPP-00873,2025-08-29T20:57:00,analyst18@example.com,West,financial_services,Enterprise,security,negotiation,25869.97,95,89,1,False,0.233,True,Budget is approved and procurement has provided a target decision date.,won,24085.42,Successful technical evaluation with approved budget.
OPP-02917,2025-02-05T14:45:00,analyst10@example.com,South,manufacturing,SMB,automation,discovery,16293.09,123,65,6,False,0.105,False,Customer is still comparing alternatives and gathering internal feedback. Primary contact: buyer174@example.com.,lost,0.0,Insufficient stakeholder engagement and unclear business case.
OPP-02327,2025-01-03T05:35:00,analyst47@example.com,Northeast,manufacturing,SMB,security,proposal,17583.97,156,74,6,False,0.11,True,Executive sponsor is engaged and the buying team confirmed a clear business need.,won,16292.36,Good product fit and timely stakeholder engagement.
OPP-01549,2026-01-02T20:04:00,analyst10@example.com,Midwest,retail,Mid-Market,security,discovery,72706.71,138,53,9,False,0.145,True,Discovery is ongoing and the team requested additional product information.,lost,0.0,Competitor preference and switching costs reduced win likelihood.
OPP-00037,2025-11-25T09:18:00,analyst37@example.com,Northeast,technology,Mid-Market,security,discovery,27627.53,180,21,2,True,0.158,False,A strong competitor is already deployed and switching costs are a concern.,lost,0.0,Competitor preference and switching costs reduced win likelihood.
OPP-02532,2025-04-08T06:17:00,analyst24@example.com,West,healthcare,Mid-Market,security,qualification,135121.86,41,100,5,False,0.166,True,Technical evaluation is progressing well and the customer requested implementation details.,lost,0.0,Budget or timing constraints prevented the purchase.
OPP-02144,2026-01-30T23:04:00,analyst35@example.com,Northeast,financial_services,SMB,analytics,discovery,33357.82,35,94,8,False,0.092,False,Discovery is ongoing and the team requested additional product information.,won,33532.21,Good product fit and timely stakeholder engagement.
OPP-02562,2025-12-20T03:55:00,analyst54@example.com,Midwest,technology,Mid-Market,automation,discovery,15285.65,61,34,8,False,0.075,True,Budget is uncertain and the main decision maker has not joined recent meetings.,won,15324.57,Strong executive sponsorship and clear ROI case.
OPP-00978,2025-10-28T22:10:00,analyst09@example.com,South,manufacturing,Mid-Market,data_platform,qualification,26379.46,49,29,7,False,0.134,False,The customer delayed the project and has not confirmed a decision timeline. Primary contact: buyer134@example.com.,lost,0.0,Insufficient stakeholder engagement and unclear business case.
OPP-01572,2025-02-21T22:40:00,analyst33@example.com,Northeast,technology,Mid-Market,analytics,negotiation,23018.78,122,50,3,True,0.128,True,Engagement has slowed and the proposal has not received internal sponsorship.,won,23119.24,Good product fit and timely stakeholder engagement.
OPP-01123,2025-10-29T20:48:00,analyst40@example.com,West,retail,Mid-Market,data_platform,qualification,30232.23,72,50,3,True,0.111,False,The opportunity remains active but timing depends on the next planning cycle.,lost,0.0,Competitor preference and switching costs reduced win likelihood.
OPP-02240,2025-11-12T16:20:00,analyst17@example.com,Northeast,financial_services,SMB,security,discovery,33422.41,36,87,8,True,0.098,False,Customer is still comparing alternatives and gathering internal feedback.,won,31464.65,Successful technical evaluation with approved budget.
OPP-01893,2025-08-08T16:55:00,analyst12@example.com,Midwest,retail,SMB,data_platform,qualification,44652.36,142,61,5,True,0.249,False,The customer delayed the project and has not confirmed a decision timeline.,lost,0.0,Budget or timing constraints prevented the purchase.
OPP-00676,2025-05-27T13:01:00,analyst49@example.com,South,retail,SMB,data_platform,qualification,65950.51,77,83,4,True,0.16,True,Discovery is ongoing and the team requested additional product information.,won,66815.12,Good product fit and timely stakeholder engagement.
OPP-00729,2026-02-12T20:52:00,analyst45@example.com,West,retail,Mid-Market,automation,negotiation,10994.2,175,40,7,False,0.153,True,A strong competitor is already deployed and switching costs are a concern.,lost,0.0,Budget or timing constraints prevented the purchase.
OPP-00413,2025-06-20T12:36:00,analyst14@example.com,South,manufacturing,Enterprise,data_platform,qualification,7294.02,108,66,9,False,0.003,False,Discovery is ongoing and the team requested additional product information. Primary contact: buyer202@example.com.,won,6878.89,Good product fit and timely stakeholder engagement.
OPP-01517,2025-11-11T17:39:00,analyst35@example.com,West,financial_services,Mid-Market,automation,discovery,14747.73,65,17,4,False,0.1,False,Engagement has slowed and the proposal has not received internal sponsorship. Primary contact: buyer040@example.com.,lost,0.0,Insufficient stakeholder engagement and unclear business case.
OPP-01650,2025-08-04T10:58:00,analyst54@example.com,Midwest,manufacturing,Mid-Market,data_platform,proposal,18431.79,81,79,8,False,0.04,True,Decision makers attended the latest meeting and asked for a final proposal.,won,17595.03,Strong executive sponsorship and clear ROI case.
OPP-00826,2025-05-28T21:51:00,analyst28@example.com,Northeast,retail,Mid-Market,security,negotiation,90547.84,22,48,0,True,0.147,True,Customer is still comparing alternatives and gathering internal feedback.,lost,0.0,Budget or timing constraints prevented the purchase.
OPP-00617,2025-03-17T18:56:00,analyst47@example.com,West,healthcare,Enterprise,analytics,proposal,44771.61,20,52,6,False,0.203,True,Stakeholders are interested but the business case is still being refined.,lost,0.0,Budget or timing constraints prevented the purchase.
OPP-00115,2025-08-29T12:48:00,analyst01@example.com,West,technology,Enterprise,security,proposal,21570.79,85,67,0,False,0.062,True,Stakeholders are interested but the business case is still being refined.,lost,0.0,Budget or timing constraints prevented the purchase.
OPP-00418,2025-12-24T20:07:00,analyst19@example.com,West,retail,SMB,data_platform,proposal,28550.52,75,40,0,False,0.125,True,A strong competitor is already deployed and switching costs are a concern.,lost,0.0,Insufficient stakeholder engagement and unclear business case.
OPP-01626,2025-05-01T18:34:00,analyst30@example.com,Midwest,technology,Mid-Market,security,discovery,37709.58,106,35,5,True,0.067,False,Engagement has slowed and the proposal has not received internal sponsorship.,lost,0.0,Insufficient stakeholder engagement and unclear business case.
OPP-02945,2025-04-05T17:24:00,analyst38@example.com,Northeast,retail,Enterprise,analytics,proposal,24287.05,69,59,10,False,0.078,True,Stakeholders are interested but the business case is still being refined.,won,24176.59,Successful technical evaluation with approved budget.
OPP-00090,2025-09-28T03:39:00,analyst33@example.com,Midwest,healthcare,Mid-Market,security,discovery,24572.36,57,58,9,True,0.241,False,The opportunity remains active but timing depends on the next planning cycle.,lost,0.0,Budget or timing constraints prevented the purchase.
OPP-02083,2025-03-16T14:11:00,analyst31@example.com,West,healthcare,Mid-Market,automation,discovery,26289.17,43,43,8,False,0.028,False,Customer is still comparing alternatives and gathering internal feedback. Primary contact: buyer184@example.com.,lost,0.0,Budget or timing constraints prevented the purchase.
OPP-00754,2025-03-10T04:36:00,analyst13@example.com,Northeast,retail,Mid-Market,security,proposal,53274.95,22,34,6,True,0.2,True,The customer delayed the project and has not confirmed a decision timeline. Primary contact: buyer121@example.com.,lost,0.0,Budget or timing constraints prevented the purchase.
OPP-01631,2025-09-30T10:28:00,analyst35@example.com,South,manufacturing,SMB,analytics,qualification,49901.32,148,22,6,False,0.183,True,A strong competitor is already deployed and switching costs are a concern.,lost,0.0,Insufficient stakeholder engagement and unclear business case.
OPP-00012,2025-02-06T20:18:00,analyst12@example.com,South,retail,Enterprise,automation,discovery,52888.4,113,86,10,False,0.043,False,Customer is still comparing alternatives and gathering internal feedback.,lost,0.0,Budget or timing constraints prevented the purchase.
OPP-02445,2025-07-01T03:57:00,analyst51@example.com,Northeast,healthcare,SMB,security,qualification,24040.65,20,32,4,False,0.061,True,The customer delayed the project and has not confirmed a decision timeline. Primary contact: buyer124@example.com.,lost,0.0,Competitor preference and switching costs reduced win likelihood.
OPP-00285,2026-01-23T04:22:00,analyst00@example.com,Northeast,retail,SMB,security,qualification,47793.25,131,97,10,True,0.061,True,A strong competitor is already deployed and switching costs are a concern.,lost,0.0,Competitor preference and switching costs reduced win likelihood.
OPP-01067,2025-03-16T06:50:00,analyst41@example.com,West,technology,SMB,analytics,discovery,61805.96,57,54,7,False,0.073,False,Discovery is ongoing and the team requested additional product information. Primary contact: buyer012@example.com.,lost,0.0,Competitor preference and switching costs reduced win likelihood.
OPP-01192,2025-07-17T03:51:00,analyst52@example.com,Northeast,manufacturing,Mid-Market,analytics,negotiation,26720.82,152,77,2,False,0.094,True,Budget is approved and procurement has provided a target decision date. Primary contact: buyer137@example.com.,won,25727.25,Successful technical evaluation with approved budget.
OPP-01441,2025-05-12T17:10:00,analyst16@example.com,Midwest,financial_services,Mid-Market,analytics,discovery,74306.75,82,31,5,True,0.008,False,Engagement has slowed and the proposal has not received internal sponsorship.,lost,0.0,Budget or timing constraints prevented the purchase.
OPP-02807,2025-05-07T12:26:00,analyst14@example.com,Midwest,healthcare,Enterprise,security,discovery,56305.05,39,84,1,False,0.187,True,Executive sponsor is engaged and the buying team confirmed a clear business need. Primary contact: buyer064@example.com.,lost,0.0,Competitor preference and switching costs reduced win likelihood.
OPP-02806,2025-03-28T18:27:00,analyst13@example.com,Northeast,technology,SMB,data_platform,proposal,15734.63,50,89,3,False,0.075,True,Technical evaluation is progressing well and the customer requested implementation details.,lost,0.0,Competitor preference and switching costs reduced win likelihood.
OPP-02716,2026-01-16T14:13:00,analyst37@example.com,Northeast,retail,Mid-Market,security,qualification,6295.93,107,86,4,False,0.087,False,Discovery is ongoing and the team requested additional product information.,lost,0.0,Budget or timing constraints prevented the purchase.
OPP-01569,2025-11-16T01:25:00,analyst30@example.com,Midwest,manufacturing,Mid-Market,data_platform,proposal,20429.71,58,38,2,False,0.02,True,The customer delayed the project and has not confirmed a decision timeline.,lost,0.0,Insufficient stakeholder engagement and unclear business case.
OPP-02428,2025-04-05T03:30:00,analyst34@example.com,Northeast,retail,Mid-Market,analytics,proposal,43336.5,159,23,3,True,0.018,True,The customer delayed the project and has not confirmed a decision timeline.,lost,0.0,Insufficient stakeholder engagement and unclear business case.
OPP-02583,2025-12-01T00:28:00,analyst18@example.com,Midwest,healthcare,Enterprise,data_platform,discovery,36462.73,147,89,4,False,0.094,False,The opportunity remains active but timing depends on the next planning cycle.,lost,0.0,Insufficient stakeholder engagement and unclear business case.
OPP-01688,2025-11-15T05:58:00,analyst35@example.com,South,healthcare,Enterprise,data_platform,proposal,18260.93,31,62,1,False,0.136,True,Discovery is ongoing and the team requested additional product information.,lost,0.0,Budget or timing constraints prevented the purchase.
OPP-00852,2025-07-13T18:13:00,analyst54@example.com,South,manufacturing,Mid-Market,analytics,discovery,48429.54,27,100,7,True,0.051,False,The opportunity remains active but timing depends on the next planning cycle.,won,47549.31,Successful technical evaluation with approved budget.
OPP-02208,2025-05-02T01:13:00,analyst42@example.com,South,manufacturing,Mid-Market,analytics,discovery,17754.71,69,33,1,False,0.159,False,Engagement has slowed and the proposal has not received internal sponsorship.,lost,0.0,Competitor preference and switching costs reduced win likelihood.
OPP-00896,2025-03-15T02:08:00,analyst41@example.com,South,financial_services,SMB,automation,discovery,13671.88,173,75,4,True,0.214,False,Budget is uncertain and the main decision maker has not joined recent meetings. Primary contact: buyer052@example.com.,lost,0.0,Competitor preference and switching costs reduced win likelihood.
OPP-00497,2025-05-15T09:00:00,analyst41@example.com,Northeast,healthcare,Mid-Market,security,qualification,48444.1,69,96,2,True,0.019,False,Discovery is ongoing and the team requested additional product information.,lost,0.0,Competitor preference and switching costs reduced win likelihood.
OPP-02306,2025-06-14T06:20:00,analyst26@example.com,Midwest,technology,Enterprise,automation,discovery,22869.17,41,96,3,True,0.236,False,Stakeholders are interested but the business case is still being refined.,won,23509.58,Strong executive sponsorship and clear ROI case.
OPP-01783,2025-11-13T15:31:00,analyst16@example.com,West,  RETAIL  ,Mid-Market,data_platform,proposal,18100.06,155,46,0,True,0.079,True,A strong competitor is already deployed and switching costs are a concern.,lost,0.0,Insufficient stakeholder engagement and unclear business case.
OPP-00336,2025-12-30T18:34:00,analyst51@example.com,Northeast,retail,SMB,analytics,qualification,18690.92,31,36,1,True,0.056,True,Engagement has slowed and the proposal has not received internal sponsorship. Primary contact: buyer125@example.com.,lost,0.0,Competitor preference and switching costs reduced win likelihood.
OPP-00516,2025-11-28T08:23:00,analyst03@example.com,Midwest,technology,SMB,analytics,negotiation,24443.2,86,59,6,True,0.217,True,Customer is still comparing alternatives and gathering internal feedback.,lost,0.0,Insufficient stakeholder engagement and unclear business case.
OPP-01349,2025-02-17T04:58:00,analyst38@example.com,West,financial_services,Mid-Market,analytics,proposal,60383.09,50,28,7,False,0.217,True,Budget is uncertain and the main decision maker has not joined recent meetings.,lost,0.0,Insufficient stakeholder engagement and unclear business case.
OPP-01016,2025-09-08T01:22:00,analyst47@example.com,West,technology,Mid-Market,security,qualification,16054.51,36,21,3,True,0.083,False,Budget is uncertain and the main decision maker has not joined recent meetings.,lost,0.0,Competitor preference and switching costs reduced win likelihood.
OPP-02814,2025-12-22T22:30:00,analyst21@example.com,Northeast,technology,Enterprise,security,negotiation,19910.76,33,28,7,True,0.278,True,A strong competitor is already deployed and switching costs are a concern.,lost,0.0,Insufficient stakeholder engagement and unclear business case.
OPP-02809,2025-04-05T12:59:00,analyst16@example.com,Northeast,healthcare,Mid-Market,automation,proposal,75506.1,17,80,2,True,0.133,True,Discovery is ongoing and the team requested additional product information. Primary contact: buyer066@example.com.,won,74285.16,Strong executive sponsorship and clear ROI case.
OPP-01782,2025-12-12T00:35:00,analyst15@example.com,Northeast,retail,Mid-Market,analytics,proposal,98029.34,120,42,5,True,0.221,True,A strong competitor is already deployed and switching costs are a concern.,lost,0.0,Competitor preference and switching costs reduced win likelihood.
OPP-01786,2026-01-06T14:57:00,analyst19@example.com,West,financial_services,SMB,analytics,proposal,21399.34,105,22,3,True,0.016,True,The customer delayed the project and has not confirmed a decision timeline. Primary contact: buyer098@example.com.,lost,0.0,Insufficient stakeholder engagement and unclear business case.
OPP-02071,2025-09-11T12:36:00,analyst19@example.com,Midwest,healthcare,Mid-Market,security,qualification,80211.12,37,44,0,False,0.25,False,The opportunity remains active but timing depends on the next planning cycle.,won,78369.24,Strong executive sponsorship and clear ROI case.
OPP-00357,2025-02-03T11:22:00,analyst15@example.com,West,technology,SMB,automation,negotiation,72811.7,59,64,6,False,0.072,True,Discovery is ongoing and the team requested additional product information.,won,74969.94,Successful technical evaluation with approved budget.
OPP-02858,2026-01-23T18:41:00,analyst08@example.com,Northeast,financial_services,SMB,data_platform,proposal,113905.82,18,74,2,True,0.157,True,Discovery is ongoing and the team requested additional product information.,won,106670.05,Good product fit and timely stakeholder engagement.
OPP-01313,2025-09-03T21:17:00,analyst02@example.com,Midwest,financial_services,SMB,security,discovery,29131.83,135,92,4,True,0.216,False,The customer delayed the project and has not confirmed a decision timeline.,won,28181.22,Good product fit and timely stakeholder engagement.
OPP-01636,2026-01-03T23:41:00,analyst40@example.com,South,financial_services,SMB,data_platform,discovery,70600.37,131,89,2,True,0.221,True,The customer delayed the project and has not confirmed a decision timeline.,lost,0.0,Insufficient stakeholder engagement and unclear business case.
OPP-00551,2025-04-14T16:57:00,analyst38@example.com,Midwest,financial_services,Mid-Market,data_platform,discovery,29897.67,93,67,9,False,0.022,False,Discovery is ongoing and the team requested additional product information. Primary contact: buyer129@example.com.,won,30190.72,Good product fit and timely stakeholder engagement.
OPP-02389,2025-09-05T04:17:00,analyst52@example.com,South,retail,Mid-Market,data_platform,proposal,11788.1,149,26,1,False,0.122,True,Budget is uncertain and the main decision maker has not joined recent meetings.,lost,0.0,Competitor preference and switching costs reduced win likelihood.
OPP-02480,2025-10-23T22:53:00,analyst29@example.com,Midwest,technology,Enterprise,security,negotiation,100264.09,97,60,9,False,0.211,True,Stakeholders are interested but the business case is still being refined.,won,98698.28,Successful technical evaluation with approved budget.
OPP-02522,2025-06-01T17:57:00,analyst14@example.com,Northeast,technology,SMB,analytics,discovery,64800.71,31,94,10,True,0.182,True,The opportunity remains active but timing depends on the next planning cycle.,won,65151.91,Successful technical evaluation with approved budget.
OPP-02266,2025-02-28T01:37:00,analyst43@example.com,South,manufacturing,Mid-Market,data_platform,qualification,30863.67,12,70,6,False,0.114,False,Customer is still comparing alternatives and gathering internal feedback.,lost,0.0,Budget or timing constraints prevented the purchase.
OPP-01228,2025-01-04T22:58:00,analyst31@example.com,West,technology,Mid-Market,automation,qualification,33744.72,110,51,5,True,0.085,False,The customer delayed the project and has not confirmed a decision timeline.,lost,0.0,Competitor preference and switching costs reduced win likelihood.
OPP-02686,2026-02-21T06:24:00,analyst07@example.com,Midwest,healthcare,Mid-Market,automation,discovery,12667.9,37,47,0,False,0.023,False,Discovery is ongoing and the team requested additional product information.,lost,0.0,Budget or timing constraints prevented the purchase.
OPP-00958,2025-02-03T13:26:00,analyst46@example.com,Midwest,retail,SMB,security,qualification,21303.86,16,95,5,False,0.228,False,The opportunity remains active but timing depends on the next planning cycle.,won,21142.19,Good product fit and timely stakeholder engagement.
OPP-01774,2025-02-13T21:48:00,analyst07@example.com,South,healthcare,Mid-Market,analytics,proposal,36208.34,12,74,3,True,0.235,True,Stakeholders are interested but the business case is still being refined.,lost,0.0,Competitor preference and switching costs reduced win likelihood.
OPP-02142,2025-06-28T17:16:00,analyst33@example.com,Midwest,financial_services,Enterprise,automation,negotiation,43294.31,20,43,5,False,0.2,True,Stakeholders are interested but the business case is still being refined.,won,41144.8,Successful technical evaluation with approved budget.
OPP-01009,2025-07-19T00:01:00,analyst40@example.com,South,retail,SMB,security,discovery,63924.11,95,88,1,True,0.126,False,The opportunity remains active but timing depends on the next planning cycle.,lost,0.0,Insufficient stakeholder engagement and unclear business case.
OPP-01093,2025-10-22T15:00:00,analyst10@example.com,South,retail,SMB,analytics,negotiation,88146.75,130,69,9,True,0.138,True,The customer delayed the project and has not confirmed a decision timeline. Primary contact: buyer038@example.com.,won,89212.13,Successful technical evaluation with approved budget.
OPP-02680,2025-05-28T22:26:00,analyst01@example.com,South,technology,Mid-Market,analytics,qualification,19011.62,33,78,5,False,0.111,True,Decision makers attended the latest meeting and asked for a final proposal. Primary contact: buyer148@example.com.,lost,0.0,Budget or timing constraints prevented the purchase.
OPP-00997,2026-02-23T05:34:00,analyst28@example.com,South,retail,SMB,data_platform,proposal,22646.92,71,94,8,True,0.187,True,Discovery is ongoing and the team requested additional product information.,won,20943.8,Strong executive sponsorship and clear ROI case.
OPP-01680,2025-05-17T22:36:00,analyst27@example.com,West,healthcare,SMB,security,qualification,59844.49,35,35,9,True,0.247,False,A strong competitor is already deployed and switching costs are a concern.,lost,0.0,Budget or timing constraints prevented the purchase.
OPP-00154,2025-11-24T16:44:00,analyst40@example.com,Midwest,healthcare,Enterprise,security,proposal,42806.52,74,44,1,False,0.038,True,Customer is still comparing alternatives and gathering internal feedback. Primary contact: buyer154@example.com.,lost,0.0,Budget or timing constraints prevented the purchase.
OPP-02788,2025-03-02T20:23:00,analyst52@example.com,West,retail,Mid-Market,automation,qualification,29278.83,180,19,7,False,0.163,True,Budget is uncertain and the main decision maker has not joined recent meetings.,lost,0.0,Budget or timing constraints prevented the purchase.
OPP-00581,2025-04-14T09:11:00,analyst11@example.com,Northeast,retail,Mid-Market,security,qualification,61226.29,7,52,1,True,0.082,False,The opportunity remains active but timing depends on the next planning cycle.,lost,0.0,Budget or timing constraints prevented the purchase.
OPP-01471,2025-02-03T10:00:00,analyst46@example.com,South,retail,Mid-Market,analytics,discovery,26825.22,116,63,8,False,0.117,False,Customer is still comparing alternatives and gathering internal feedback. Primary contact: buyer205@example.com.,won,25724.73,Successful technical evaluation with approved budget.
OPP-00704,2025-05-18T08:56:00,analyst20@example.com,Midwest,financial_services,SMB,analytics,discovery,17938.15,148,33,4,False,0.136,False,A strong competitor is already deployed and switching costs are a concern.,lost,0.0,Insufficient stakeholder engagement and unclear business case.
OPP-01213,2026-03-07T12:57:00,analyst16@example.com,Midwest,technology,Enterprise,automation,qualification,39400.26,146,24,10,False,0.08,False,Engagement has slowed and the proposal has not received internal sponsorship.,lost,0.0,Budget or timing constraints prevented the purchase.
OPP-00897,2025-05-07T05:27:00,analyst42@example.com,Northeast,healthcare,Enterprise,data_platform,discovery,29246.27,20,15,8,True,0.133,False,A strong competitor is already deployed and switching costs are a concern. Primary contact: buyer053@example.com.,lost,0.0,Budget or timing constraints prevented the purchase.
OPP-00488,2025-03-18T08:31:00,analyst32@example.com,West,manufacturing,SMB,security,qualification,55287.85,24,74,7,True,0.18,False,The opportunity remains active but timing depends on the next planning cycle.,won,52506.38,Strong executive sponsorship and clear ROI case.
OPP-00560,2025-08-18T13:48:00,analyst47@example.com,West,manufacturing,Mid-Market,analytics,proposal,42131.95,86,49,3,False,0.082,True,Discovery is ongoing and the team requested additional product information.,won,39831.46,Successful technical evaluation with approved budget.
OPP-01142,2026-02-15T18:56:00,analyst02@example.com,Midwest,manufacturing,SMB,data_platform,proposal,33056.94,175,37,2,False,0.266,True,Engagement has slowed and the proposal has not received internal sponsorship. Primary contact: buyer087@example.com.,lost,0.0,Competitor preference and switching costs reduced win likelihood.
OPP-01120,2025-09-27T13:22:00,analyst37@example.com,Midwest,healthcare,Mid-Market,analytics,proposal,16402.75,114,57,3,False,0.109,True,Customer is still comparing alternatives and gathering internal feedback. Primary contact: buyer065@example.com.,won,16484.73,Successful technical evaluation with approved budget.
OPP-00513,2025-06-19T17:49:00,analyst00@example.com,Midwest,manufacturing,SMB,data_platform,discovery,25484.8,67,24,3,False,0.104,False,The customer delayed the project and has not confirmed a decision timeline. Primary contact: buyer091@example.com.,won,25675.33,Good product fit and timely stakeholder engagement.
OPP-00634,2026-02-11T20:50:00,analyst07@example.com,West,retail,Enterprise,analytics,negotiation,19933.08,13,79,5,False,0.138,True,Executive sponsor is engaged and the buying team confirmed a clear business need.,won,18540.47,Good product fit and timely stakeholder engagement.
OPP-02590,2025-11-17T10:17:00,analyst25@example.com,West,manufacturing,Mid-Market,security,proposal,7230.26,128,57,1,True,0.111,True,A strong competitor is already deployed and switching costs are a concern. Primary contact: buyer058@example.com.,lost,0.0,Insufficient stakeholder engagement and unclear business case.
OPP-01665,2025-08-13T11:30:00,analyst12@example.com,Midwest,financial_services,SMB,security,negotiation,11013.67,8,77,6,True,0.242,True,Customer is still comparing alternatives and gathering internal feedback.,won,11304.12,Good product fit and timely stakeholder engagement.
OPP-01013,2025-05-19T15:41:00,analyst44@example.com,West,technology,SMB,automation,qualification,11239.29,146,92,0,True,0.152,True,A strong competitor is already deployed and switching costs are a concern. Primary contact: buyer169@example.com.,won,11048.73,Good product fit and timely stakeholder engagement.
OPP-01932,2025-02-17T05:53:00,analyst51@example.com,Northeast,manufacturing,SMB,data_platform,qualification,75728.05,94,45,10,False,0.243,True,The opportunity remains active but timing depends on the next planning cycle.,lost,0.0,Competitor preference and switching costs reduced win likelihood.
OPP-01151,2025-01-30T16:33:00,analyst11@example.com,Midwest,technology,SMB,analytics,proposal,41484.85,16,33,5,False,0.208,True,Engagement has slowed and the proposal has not received internal sponsorship. Primary contact: buyer096@example.com.,lost,0.0,Competitor preference and switching costs reduced win likelihood.
OPP-02811,2025-07-02T20:21:00,analyst18@example.com,South,manufacturing,Enterprise,analytics,qualification,36279.98,127,91,8,False,0.038,False,Discovery is ongoing and the team requested additional product information.,lost,0.0,Insufficient stakeholder engagement and unclear business case.
OPP-00117,2026-02-07T00:40:00,analyst03@example.com,Northeast,manufacturing,SMB,analytics,negotiation,66648.23,110,32,10,True,0.198,True,Engagement has slowed and the proposal has not received internal sponsorship.,won,61364.85,Strong executive sponsorship and clear ROI case.
OPP-00741,2025-11-19T13:43:00,analyst00@example.com,South,financial_services,Mid-Market,automation,negotiation,56728.68,5,45,10,True,0.162,True,Customer is still comparing alternatives and gathering internal feedback.,won,56636.03,Successful technical evaluation with approved budget.
OPP-02769,2025-12-02T23:17:00,analyst33@example.com,Northeast,healthcare,SMB,security,negotiation,37396.62,62,26,5,False,0.097,True,Engagement has slowed and the proposal has not received internal sponsorship.,lost,0.0,Competitor preference and switching costs reduced win likelihood.
OPP-01975,2025-03-29T06:25:00,analyst37@example.com,Northeast,technology,SMB,analytics,qualification,37627.19,147,83,4,True,0.235,False,The customer delayed the project and has not confirmed a decision timeline.,lost,0.0,Insufficient stakeholder engagement and unclear business case.
OPP-01082,2025-01-12T14:21:00,analyst56@example.com,Northeast,manufacturing,Mid-Market,automation,proposal,5000.0,133,23,3,True,0.084,True,Engagement has slowed and the proposal has not received internal sponsorship.,lost,0.0,Budget or timing constraints prevented the purchase.
OPP-01811,2025-10-19T05:44:00,analyst44@example.com,Midwest,healthcare,SMB,security,proposal,17329.43,64,88,1,False,0.113,True,Decision makers attended the latest meeting and asked for a final proposal.,won,17746.59,Good product fit and timely stakeholder engagement.
OPP-00831,2025-10-25T17:44:00,analyst33@example.com,South,technology,Mid-Market,data_platform,discovery,34844.96,130,92,7,True,0.119,False,A strong competitor is already deployed and switching costs are a concern.,lost,0.0,Competitor preference and switching costs reduced win likelihood.
OPP-00120,2025-10-18T08:43:00,analyst06@example.com,Northeast,manufacturing,Enterprise,automation,qualification,27423.13,24,50,8,False,0.009,False,Discovery is ongoing and the team requested additional product information.,lost,0.0,Insufficient stakeholder engagement and unclear business case.
OPP-00657,2025-10-24T00:30:00,analyst30@example.com,South,financial_services,Mid-Market,data_platform,proposal,113420.15,49,78,1,True,0.173,True,The opportunity remains active but timing depends on the next planning cycle. Primary contact: buyer024@example.com.,won,105474.79,Good product fit and timely stakeholder engagement.
OPP-02738,2025-07-28T10:17:00,analyst02@example.com,Midwest,financial_services,Enterprise,data_platform,qualification,53478.08,44,68,10,False,0.169,False,Stakeholders are interested but the business case is still being refined.,lost,0.0,Competitor preference and switching costs reduced win likelihood.
OPP-02698,2025-10-31T02:46:00,analyst19@example.com,South,retail,Mid-Market,security,qualification,30826.77,159,51,9,True,0.151,True,The customer delayed the project and has not confirmed a decision timeline.,lost,0.0,Budget or timing constraints prevented the purchase.
OPP-02938,2025-10-12T13:48:00,analyst31@example.com,Northeast,technology,Mid-Market,security,negotiation,90031.14,25,38,6,False,0.18,True,Engagement has slowed and the proposal has not received internal sponsorship. Primary contact: buyer195@example.com.,won,84671.85,Successful technical evaluation with approved budget.
OPP-00636,2025-05-27T05:02:00,analyst09@example.com,Midwest,retail,Mid-Market,security,negotiation,23919.35,164,64,0,True,0.09,True,A strong competitor is already deployed and switching costs are a concern.,won,23406.52,Successful technical evaluation with approved budget.
OPP-00370,2025-03-17T02:10:00,analyst28@example.com,South,technology,SMB,security,qualification,25433.48,44,71,7,True,0.241,False,Stakeholders are interested but the business case is still being refined. Primary contact: buyer159@example.com.,lost,0.0,Budget or timing constraints prevented the purchase.
OPP-00269,2025-12-26T15:57:00,analyst41@example.com,Midwest,manufacturing,Enterprise,automation,qualification,12981.65,119,51,10,True,0.252,False,Engagement has slowed and the proposal has not received internal sponsorship.,won,13096.15,Good product fit and timely stakeholder engagement.
OPP-00047,2025-02-20T03:44:00,analyst47@example.com,Northeast,retail,SMB,security,qualification,44800.76,164,65,10,True,0.092,False,Engagement has slowed and the proposal has not received internal sponsorship.,lost,0.0,Budget or timing constraints prevented the purchase.
OPP-00992,2025-10-02T18:31:00,analyst23@example.com,Northeast,financial_services,SMB,security,negotiation,42094.36,147,73,2,True,0.101,True,A strong competitor is already deployed and switching costs are a concern. Primary contact: buyer148@example.com.,lost,0.0,Budget or timing constraints prevented the purchase.
OPP-00877,2025-11-11T00:32:00,analyst22@example.com,West,manufacturing,SMB,automation,negotiation,49471.51,58,80,10,False,0.081,True,Executive sponsor is engaged and the buying team confirmed a clear business need. Primary contact: buyer033@example.com.,won,46412.47,Successful technical evaluation with approved budget.
OPP-00774,2025-09-26T22:29:00,analyst33@example.com,West,retail,SMB,security,qualification,10133.03,155,23,3,False,0.261,False,Engagement has slowed and the proposal has not received internal sponsorship.,lost,0.0,Insufficient stakeholder engagement and unclear business case.
OPP-01220,2025-12-08T17:15:00,analyst23@example.com,Midwest,technology,Mid-Market,automation,negotiation,44992.52,78,47,8,True,0.039,True,Discovery is ongoing and the team requested additional product information.,lost,0.0,Competitor preference and switching costs reduced win likelihood.
OPP-01127,2026-01-03T03:03:00,analyst44@example.com,Northeast,manufacturing,SMB,security,discovery,28642.56,133,57,10,False,0.231,False,Discovery is ongoing and the team requested additional product information.,lost,0.0,Insufficient stakeholder engagement and unclear business case.
OPP-00005,2025-11-04T17:46:00,analyst05@example.com,South,retail,SMB,security,qualification,34030.64,114,89,6,True,0.279,True,A strong competitor is already deployed and switching costs are a concern.,lost,0.0,Insufficient stakeholder engagement and unclear business case.
OPP-01596,2025-10-10T06:46:00,analyst00@example.com,Midwest,financial_services,Enterprise,security,proposal,13145.81,151,57,10,False,0.245,True,Discovery is ongoing and the team requested additional product information.,won,12463.01,Successful technical evaluation with approved budget.
OPP-02312,2025-11-02T02:56:00,analyst32@example.com,Midwest,technology,Mid-Market,analytics,discovery,34992.79,175,95,3,True,0.016,False,A strong competitor is already deployed and switching costs are a concern.,lost,0.0,Insufficient stakeholder engagement and unclear business case.
OPP-02492,2025-08-14T02:32:00,analyst41@example.com,West,financial_services,SMB,analytics,qualification,20931.24,134,81,2,True,0.263,True,Engagement has slowed and the proposal has not received internal sponsorship.,lost,0.0,Budget or timing constraints prevented the purchase.
OPP-01078,2026-02-05T03:11:00,analyst52@example.com,West,healthcare,Mid-Market,analytics,discovery,25345.75,15,72,6,False,0.03,False,The opportunity remains active but timing depends on the next planning cycle.,won,25333.27,Good product fit and timely stakeholder engagement.
OPP-00838,2025-09-20T17:41:00,analyst40@example.com,South,retail,Enterprise,analytics,proposal,31926.98,5,66,10,True,0.175,True,Customer is still comparing alternatives and gathering internal feedback.,won,31703.26,Strong executive sponsorship and clear ROI case.
OPP-00682,2025-11-20T13:35:00,analyst55@example.com,Midwest,financial_services,SMB,security,proposal,30165.9,107,31,10,True,0.264,True,Engagement has slowed and the proposal has not received internal sponsorship.,lost,0.0,Competitor preference and switching costs reduced win likelihood.
OPP-01716,2026-02-05T17:29:00,analyst06@example.com,Midwest,financial_services,SMB,automation,negotiation,40223.2,126,22,2,True,0.088,True,The customer delayed the project and has not confirmed a decision timeline.,won,41090.55,Good product fit and timely stakeholder engagement.
OPP-02353,2026-02-15T21:38:00,analyst16@example.com,South,healthcare,SMB,security,qualification,20017.29,175,43,3,True,0.266,False,A strong competitor is already deployed and switching costs are a concern.,lost,0.0,Budget or timing constraints prevented the purchase.
OPP-02362,2025-07-23T18:13:00,analyst25@example.com,South,retail,SMB,automation,discovery,87466.11,151,75,7,False,0.055,False,The opportunity remains active but timing depends on the next planning cycle. Primary contact: buyer041@example.com.,won,81971.66,Good product fit and timely stakeholder engagement.
OPP-02198,2025-03-29T00:02:00,analyst32@example.com,West,financial_services,Mid-Market,analytics,qualification,19459.58,138,23,4,True,0.045,False,Engagement has slowed and the proposal has not received internal sponsorship.,lost,0.0,Insufficient stakeholder engagement and unclear business case.
OPP-01149,2025-08-14T19:00:00,analyst09@example.com,Northeast,technology,Mid-Market,data_platform,qualification,72972.93,109,67,1,False,0.121,False,The opportunity remains active but timing depends on the next planning cycle.,lost,0.0,Budget or timing constraints prevented the purchase.
OPP-00575,2025-10-20T03:37:00,analyst05@example.com,South,healthcare,SMB,automation,proposal,30150.93,129,20,2,True,0.007,True,Budget is uncertain and the main decision maker has not joined recent meetings.,lost,0.0,Competitor preference and switching costs reduced win likelihood.
OPP-00051,2025-01-30T00:57:00,analyst51@example.com,Midwest,technology,Mid-Market,analytics,negotiation,164603.27,78,44,9,False,0.061,True,Discovery is ongoing and the team requested additional product information.,lost,0.0,Insufficient stakeholder engagement and unclear business case.
OPP-00854,2025-06-06T05:38:00,analyst56@example.com,South,technology,Mid-Market,automation,qualification,100654.04,149,98,9,False,0.268,False,Discovery is ongoing and the team requested additional product information. Primary contact: buyer010@example.com.,won,102673.22,Good product fit and timely stakeholder engagement.
OPP-01983,2025-12-12T08:42:00,analyst45@example.com,Midwest,  HEALTHCARE  ,Mid-Market,analytics,discovery,11930.3,134,40,9,True,0.248,True,The customer delayed the project and has not confirmed a decision timeline.,lost,0.0,Insufficient stakeholder engagement and unclear business case.
OPP-01824,2025-09-18T06:27:00,analyst00@example.com,West,retail,SMB,automation,qualification,14573.78,38,77,7,False,0.062,False,Stakeholders are interested but the business case is still being refined.,won,13611.91,Successful technical evaluation with approved budget.
OPP-00834,2025-07-15T20:40:00,analyst36@example.com,Northeast,healthcare,SMB,automation,proposal,31865.69,49,24,9,True,0.159,True,Budget is uncertain and the main decision maker has not joined recent meetings.,lost,0.0,Insufficient stakeholder engagement and unclear business case.
OPP-01116,2025-11-21T03:34:00,analyst33@example.com,Northeast,retail,Enterprise,analytics,discovery,25889.15,77,42,8,False,0.099,True,Engagement has slowed and the proposal has not received internal sponsorship. Primary contact: buyer061@example.com.,won,25024.52,Successful technical evaluation with approved budget.
OPP-01167,2025-07-26T09:36:00,analyst27@example.com,Midwest,healthcare,Mid-Market,data_platform,proposal,54708.84,28,30,8,True,0.157,True,The customer delayed the project and has not confirmed a decision timeline.,lost,0.0,Competitor preference and switching costs reduced win likelihood.
OPP-02519,2025-08-17T08:39:00,analyst11@example.com,Midwest,technology,Enterprise,data_platform,discovery,5000.0,166,26,5,False,0.037,False,A strong competitor is already deployed and switching costs are a concern.,lost,0.0,Insufficient stakeholder engagement and unclear business case.
OPP-01907,2025-07-02T00:45:00,analyst26@example.com,South,healthcare,Mid-Market,automation,proposal,15684.32,69,58,2,False,0.125,True,The opportunity remains active but timing depends on the next planning cycle. Primary contact: buyer008@example.com.,lost,0.0,Insufficient stakeholder engagement and unclear business case.
OPP-00972,2025-12-05T09:39:00,analyst03@example.com,Northeast,manufacturing,Mid-Market,data_platform,qualification,27543.58,77,87,10,True,0.258,False,Customer is still comparing alternatives and gathering internal feedback. Primary contact: buyer128@example.com.,lost,0.0,Insufficient stakeholder engagement and unclear business case.
OPP-00400,2025-02-23T10:12:00,analyst01@example.com,Midwest,healthcare,SMB,analytics,qualification,26010.82,165,57,4,True,0.133,False,The customer delayed the project and has not confirmed a decision timeline.,lost,0.0,Budget or timing constraints prevented the purchase.
OPP-02560,2026-02-12T17:50:00,analyst52@example.com,Northeast,manufacturing,Mid-Market,automation,discovery,13985.6,32,17,0,False,0.204,False,Engagement has slowed and the proposal has not received internal sponsorship. Primary contact: buyer028@example.com.,lost,0.0,Budget or timing constraints prevented the purchase.
OPP-02369,2025-07-13T12:35:00,analyst32@example.com,Northeast,technology,Mid-Market,analytics,negotiation,56776.19,110,37,10,True,0.02,True,Budget is uncertain and the main decision maker has not joined recent meetings.,lost,0.0,Insufficient stakeholder engagement and unclear business case.
OPP-00020,2025-05-19T17:52:00,analyst20@example.com,West,manufacturing,SMB,analytics,qualification,60245.61,32,91,6,True,0.22,False,Customer is still comparing alternatives and gathering internal feedback.,lost,0.0,Insufficient stakeholder engagement and unclear business case.
OPP-00685,2025-01-27T00:56:00,analyst01@example.com,South,retail,Mid-Market,automation,discovery,55630.67,44,97,6,False,0.224,True,Decision makers attended the latest meeting and asked for a final proposal.,won,54427.08,Good product fit and timely stakeholder engagement.
OPP-00036,2025-12-24T18:43:00,analyst36@example.com,Midwest,manufacturing,Enterprise,data_platform,negotiation,49890.69,97,37,4,True,0.15,True,Budget is uncertain and the main decision maker has not joined recent meetings.,won,51080.58,Good product fit and timely stakeholder engagement.
OPP-02835,2025-06-23T11:01:00,analyst42@example.com,Northeast,retail,SMB,data_platform,qualification,19300.41,61,56,6,True,0.235,False,The opportunity remains active but timing depends on the next planning cycle.,lost,0.0,Budget or timing constraints prevented the purchase.
OPP-00525,2026-03-01T23:26:00,analyst12@example.com,Midwest,financial_services,SMB,analytics,qualification,19536.1,8,100,7,True,0.006,False,Customer is still comparing alternatives and gathering internal feedback.,lost,0.0,Competitor preference and switching costs reduced win likelihood.
OPP-02456,2026-02-08T21:43:00,analyst05@example.com,West,retail,Mid-Market,data_platform,proposal,27717.25,72,28,2,True,0.269,True,Budget is uncertain and the main decision maker has not joined recent meetings.,lost,0.0,Insufficient stakeholder engagement and unclear business case.
OPP-00921,2025-04-13T21:31:00,analyst09@example.com,South,financial_services,SMB,security,qualification,25029.42,8,15,7,True,0.196,False,The customer delayed the project and has not confirmed a decision timeline.,lost,0.0,Budget or timing constraints prevented the purchase.
OPP-01842,2025-06-17T11:38:00,analyst18@example.com,Midwest,healthcare,Mid-Market,data_platform,negotiation,73379.29,171,94,5,True,0.268,True,The customer delayed the project and has not confirmed a decision timeline.,lost,0.0,Budget or timing constraints prevented the purchase.
OPP-01891,2026-02-12T15:09:00,analyst10@example.com,West,manufacturing,SMB,security,negotiation,16173.05,45,44,5,False,0.058,True,Discovery is ongoing and the team requested additional product information.,won,16633.98,Good product fit and timely stakeholder engagement.
OPP-00538,2025-11-30T04:05:00,analyst25@example.com,South,retail,Mid-Market,data_platform,proposal,83894.66,175,50,6,True,0.224,True,Engagement has slowed and the proposal has not received internal sponsorship. Primary contact: buyer116@example.com.,lost,0.0,Competitor preference and switching costs reduced win likelihood.
OPP-01706,2025-08-27T06:55:00,analyst53@example.com,South,financial_services,Enterprise,automation,discovery,9367.88,74,21,6,False,0.018,False,The customer delayed the project and has not confirmed a decision timeline.,lost,0.0,Insufficient stakeholder engagement and unclear business case.
OPP-02937,2025-09-29T09:09:00,analyst30@example.com,Northeast,retail,SMB,data_platform,discovery,64924.17,29,20,7,False,0.226,False,Engagement has slowed and the proposal has not received internal sponsorship.,lost,0.0,Budget or timing constraints prevented the purchase.
OPP-00246,2025-12-29T15:18:00,analyst18@example.com,Midwest,healthcare,Mid-Market,security,qualification,36935.52,52,17,9,False,0.217,True,Engagement has slowed and the proposal has not received internal sponsorship. Primary contact: buyer035@example.com.,lost,0.0,Insufficient stakeholder engagement and unclear business case.
OPP-00785,2026-01-07T11:36:00,analyst44@example.com,Northeast,manufacturing,Mid-Market,data_platform,proposal,23266.15,75,76,6,True,0.134,True,Stakeholders are interested but the business case is still being refined.,lost,0.0,Insufficient stakeholder engagement and unclear business case.
OPP-01410,2026-02-07T18:55:00,analyst42@example.com,Midwest,healthcare,Mid-Market,security,discovery,23376.14,171,62,7,True,0.186,True,The customer delayed the project and has not confirmed a decision timeline.,lost,0.0,Competitor preference and switching costs reduced win likelihood.
OPP-02538,2025-08-21T00:58:00,analyst30@example.com,West,healthcare,SMB,data_platform,proposal,5435.13,82,48,4,True,0.224,True,Customer is still comparing alternatives and gathering internal feedback.,lost,0.0,Insufficient stakeholder engagement and unclear business case.
OPP-00155,2025-09-17T09:03:00,analyst41@example.com,West,healthcare,SMB,data_platform,negotiation,17024.65,72,30,1,True,0.192,True,The customer delayed the project and has not confirmed a decision timeline. Primary contact: buyer155@example.com.,won,16127.52,Good product fit and timely stakeholder engagement.
OPP-01687,2025-05-30T07:10:00,analyst34@example.com,Northeast,technology,SMB,automation,qualification,5000.0,13,87,3,False,0.016,False,The opportunity remains active but timing depends on the next planning cycle.,won,4930.0,Successful technical evaluation with approved budget.
OPP-00626,2025-05-13T23:49:00,analyst56@example.com,Northeast,healthcare,Mid-Market,data_platform,discovery,12856.63,136,51,10,True,0.243,True,The customer delayed the project and has not confirmed a decision timeline.,won,13210.13,Strong executive sponsorship and clear ROI case.
OPP-02882,2025-08-23T05:00:00,analyst32@example.com,South,financial_services,SMB,automation,proposal,22382.0,120,46,7,True,0.022,True,Budget is uncertain and the main decision maker has not joined recent meetings. Primary contact: buyer139@example.com.,lost,0.0,Competitor preference and switching costs reduced win likelihood.
OPP-01347,2025-08-17T22:41:00,analyst36@example.com,West,retail,Enterprise,analytics,proposal,25147.47,143,65,3,False,0.073,True,The opportunity remains active but timing depends on the next planning cycle.,lost,0.0,Budget or timing constraints prevented the purchase.
OPP-00570,2026-01-22T14:28:00,analyst00@example.com,Midwest,financial_services,SMB,analytics,negotiation,30871.99,50,19,6,False,0.172,True,A strong competitor is already deployed and switching costs are a concern.,lost,0.0,Competitor preference and switching costs reduced win likelihood.
OPP-02939,2025-08-05T20:52:00,analyst32@example.com,Northeast,healthcare,Mid-Market,analytics,proposal,17178.55,128,68,9,True,0.074,True,A strong competitor is already deployed and switching costs are a concern.,won,16946.81,Strong executive sponsorship and clear ROI case.
OPP-01759,2026-02-20T13:00:00,analyst49@example.com,South,financial_services,SMB,automation,discovery,133024.42,124,20,3,False,0.231,True,Budget is uncertain and the main decision maker has not joined recent meetings.,lost,0.0,Insufficient stakeholder engagement and unclear business case.
OPP-01817,2026-01-31T10:46:00,analyst50@example.com,Midwest,retail,Mid-Market,automation,discovery,49998.82,133,73,1,False,0.092,False,Discovery is ongoing and the team requested additional product information.,won,50442.18,Strong executive sponsorship and clear ROI case.
OPP-02066,2025-10-31T14:19:00,analyst14@example.com,Northeast,retail,Enterprise,automation,qualification,64736.64,34,26,1,True,0.203,True,The customer delayed the project and has not confirmed a decision timeline.,lost,0.0,Competitor preference and switching costs reduced win likelihood.
OPP-00128,2026-01-27T07:06:00,analyst14@example.com,West,retail,SMB,data_platform,qualification,55220.72,101,24,7,False,0.134,False,Engagement has slowed and the proposal has not received internal sponsorship.,lost,0.0,Competitor preference and switching costs reduced win likelihood.
OPP-02984,2025-12-13T00:25:00,analyst20@example.com,Northeast,technology,SMB,security,negotiation,48362.91,149,18,5,False,0.142,True,The customer delayed the project and has not confirmed a decision timeline.,lost,0.0,Budget or timing constraints prevented the purchase.
OPP-02007,2025-03-18T16:43:00,analyst12@example.com,Northeast,retail,SMB,automation,proposal,64143.96,158,27,5,True,0.154,True,A strong competitor is already deployed and switching costs are a concern.,won,64487.28,Strong executive sponsorship and clear ROI case.
OPP-00981,2025-10-24T23:45:00,analyst12@example.com,South,technology,SMB,data_platform,proposal,8291.93,106,64,3,True,0.062,True,The customer delayed the project and has not confirmed a decision timeline.,lost,0.0,Budget or timing constraints prevented the purchase.
OPP-02981,2025-12-08T12:27:00,analyst17@example.com,Northeast,technology,Mid-Market,automation,negotiation,19594.83,87,92,10,True,0.03,True,The opportunity remains active but timing depends on the next planning cycle.,won,20066.04,Strong executive sponsorship and clear ROI case.
OPP-00191,2025-10-08T14:12:00,analyst20@example.com,West,retail,SMB,security,discovery,31769.04,149,43,10,False,0.145,False,Stakeholders are interested but the business case is still being refined.,lost,0.0,Insufficient stakeholder engagement and unclear business case.
OPP-01140,2026-02-03T11:44:00,analyst00@example.com,Midwest,financial_services,Mid-Market,security,qualification,78122.69,117,62,4,False,0.272,False,The opportunity remains active but timing depends on the next planning cycle.,lost,0.0,Insufficient stakeholder engagement and unclear business case.
OPP-00993,2025-12-30T18:19:00,analyst24@example.com,Midwest,healthcare,Mid-Market,security,negotiation,17870.38,5,84,3,True,0.081,True,The opportunity remains active but timing depends on the next planning cycle.,lost,0.0,Insufficient stakeholder engagement and unclear business case.
OPP-00700,2025-06-21T13:35:00,analyst16@example.com,West,retail,SMB,data_platform,qualification,26674.69,115,70,2,False,0.186,False,The opportunity remains active but timing depends on the next planning cycle.,won,25389.65,Good product fit and timely stakeholder engagement.
OPP-00607,2025-07-10T08:52:00,analyst37@example.com,West,manufacturing,Enterprise,analytics,discovery,35783.8,107,17,2,False,0.072,False,Budget is uncertain and the main decision maker has not joined recent meetings.,lost,0.0,Insufficient stakeholder engagement and unclear business case.
OPP-00181,2025-09-07T20:35:00,analyst10@example.com,Midwest,manufacturing,SMB,analytics,discovery,81355.95,163,24,7,False,0.14,False,A strong competitor is already deployed and switching costs are a concern. Primary contact: buyer181@example.com.,lost,0.0,Budget or timing constraints prevented the purchase.
OPP-00302,2026-01-29T22:49:00,analyst17@example.com,South,healthcare,Mid-Market,analytics,proposal,23513.23,166,71,3,True,0.054,True,A strong competitor is already deployed and switching costs are a concern.,lost,0.0,Budget or timing constraints prevented the purchase.
OPP-02545,2026-01-02T09:47:00,analyst37@example.com,Midwest,technology,Enterprise,automation,qualification,26777.54,54,43,2,True,0.064,False,Discovery is ongoing and the team requested additional product information.,lost,0.0,Competitor preference and switching costs reduced win likelihood.
OPP-02781,2025-11-20T00:14:00,analyst45@example.com,Midwest,healthcare,SMB,security,proposal,62843.89,24,81,4,True,0.161,True,Discovery is ongoing and the team requested additional product information. Primary contact: buyer038@example.com.,won,64342.16,Successful technical evaluation with approved budget.
OPP-01061,2025-01-13T00:10:00,analyst35@example.com,Northeast,healthcare,SMB,automation,discovery,23322.3,101,88,9,False,0.079,False,Customer is still comparing alternatives and gathering internal feedback. Primary contact: buyer006@example.com.,won,21810.42,Good product fit and timely stakeholder engagement.
OPP-02953,2025-05-15T21:07:00,analyst46@example.com,West,retail,SMB,data_platform,proposal,48000.11,58,26,8,False,0.147,True,A strong competitor is already deployed and switching costs are a concern. Primary contact: buyer210@example.com.,lost,0.0,Competitor preference and switching costs reduced win likelihood.
OPP-02884,2025-08-17T05:44:00,analyst34@example.com,West,retail,Mid-Market,analytics,qualification,7371.56,5,16,8,True,0.085,False,Budget is uncertain and the main decision maker has not joined recent meetings.,lost,0.0,Insufficient stakeholder engagement and unclear business case.
OPP-02566,2025-12-14T13:38:00,analyst01@example.com,Midwest,technology,Enterprise,analytics,qualification,84661.8,22,63,9,True,0.075,False,Stakeholders are interested but the business case is still being refined.,won,83625.5,Successful technical evaluation with approved budget.
OPP-01070,2026-02-23T21:55:00,analyst44@example.com,Midwest,financial_services,SMB,data_platform,proposal,84134.33,43,26,5,False,0.121,True,The customer delayed the project and has not confirmed a decision timeline. Primary contact: buyer015@example.com.,lost,0.0,Competitor preference and switching costs reduced win likelihood.
OPP-02525,2025-02-15T04:20:00,analyst17@example.com,Midwest,technology,SMB,data_platform,proposal,11963.36,147,41,6,False,0.088,True,A strong competitor is already deployed and switching costs are a concern.,lost,0.0,Insufficient stakeholder engagement and unclear business case.
OPP-02206,2026-01-16T20:52:00,analyst40@example.com,West,technology,Mid-Market,data_platform,negotiation,12536.8,65,93,10,False,0.208,True,Budget is approved and procurement has provided a target decision date.,won,11659.91,Strong executive sponsorship and clear ROI case.
OPP-01244,2025-12-30T22:11:00,analyst47@example.com,West,healthcare,SMB,security,negotiation,15352.56,135,62,7,True,0.241,True,Budget is uncertain and the main decision maker has not joined recent meetings. Primary contact: buyer189@example.com.,won,14187.7,Strong executive sponsorship and clear ROI case.
OPP-00017,2025-07-02T00:50:00,analyst17@example.com,Midwest,financial_services,Mid-Market,security,proposal,37033.21,14,62,9,False,0.12,True,Customer is still comparing alternatives and gathering internal feedback.,lost,0.0,Budget or timing constraints prevented the purchase.
OPP-02987,2025-06-10T09:54:00,analyst23@example.com,South,retail,SMB,analytics,proposal,53304.58,18,80,8,True,0.142,True,Customer is still comparing alternatives and gathering internal feedback.,won,53961.01,Successful technical evaluation with approved budget.
OPP-00547,2025-01-16T22:44:00,analyst34@example.com,Northeast,healthcare,Enterprise,security,proposal,32756.36,146,76,2,True,0.012,True,Engagement has slowed and the proposal has not received internal sponsorship.,lost,0.0,Budget or timing constraints prevented the purchase.
OPP-00659,2025-08-25T03:26:00,analyst32@example.com,South,retail,Mid-Market,analytics,qualification,8324.39,174,66,4,True,0.095,False,The customer delayed the project and has not confirmed a decision timeline.,lost,0.0,Budget or timing constraints prevented the purchase.
OPP-02710,2025-10-07T22:33:00,analyst31@example.com,Northeast,technology,Mid-Market,automation,negotiation,33945.96,177,58,10,True,0.028,True,Budget is uncertain and the main decision maker has not joined recent meetings.,won,31580.35,Strong executive sponsorship and clear ROI case.
OPP-02741,2025-05-08T13:24:00,analyst05@example.com,West,retail,Mid-Market,security,proposal,38192.88,50,78,7,False,0.266,True,Decision makers attended the latest meeting and asked for a final proposal.,won,38425.93,Good product fit and timely stakeholder engagement.
OPP-01505,2025-12-23T07:31:00,analyst23@example.com,South,financial_services,SMB,data_platform,qualification,43538.87,86,59,10,False,0.159,False,Discovery is ongoing and the team requested additional product information.,lost,0.0,Competitor preference and switching costs reduced win likelihood.
OPP-00960,2025-06-29T13:27:00,analyst48@example.com,South,retail,Mid-Market,analytics,discovery,13621.24,93,59,2,False,0.109,False,Discovery is ongoing and the team requested additional product information.,won,13814.03,Good product fit and timely stakeholder engagement.
OPP-02332,2026-01-12T15:02:00,analyst52@example.com,Northeast,manufacturing,Enterprise,analytics,discovery,16093.36,137,53,8,False,0.076,True,Discovery is ongoing and the team requested additional product information.,lost,0.0,Insufficient stakeholder engagement and unclear business case.
OPP-00798,2025-03-26T04:31:00,analyst00@example.com,South,manufacturing,SMB,automation,discovery,54374.67,142,97,5,True,0.177,False,A strong competitor is already deployed and switching costs are a concern.,won,52291.85,Successful technical evaluation with approved budget.
OPP-00226,2025-07-12T02:22:00,analyst55@example.com,West,financial_services,Mid-Market,security,proposal,27469.38,102,96,3,False,0.064,True,Budget is approved and procurement has provided a target decision date.,won,27389.45,Strong executive sponsorship and clear ROI case.
OPP-02075,2025-09-22T12:36:00,analyst23@example.com,Midwest,healthcare,Mid-Market,security,discovery,28207.27,62,62,10,False,0.24,False,Stakeholders are interested but the business case is still being refined.,won,26435.46,Successful technical evaluation with approved budget.
OPP-01800,2025-07-17T11:24:00,analyst33@example.com,West,retail,SMB,analytics,discovery,82934.68,112,87,8,False,0.242,False,The opportunity remains active but timing depends on the next planning cycle.,lost,0.0,Competitor preference and switching costs reduced win likelihood.
OPP-02486,2025-08-02T22:26:00,analyst35@example.com,Midwest,manufacturing,Mid-Market,automation,negotiation,62469.88,35,86,6,False,0.192,True,Executive sponsor is engaged and the buying team confirmed a clear business need.,won,60008.95,Strong executive sponsorship and clear ROI case.
OPP-02969,2026-01-18T06:00:00,analyst05@example.com,Northeast,manufacturing,Mid-Market,automation,qualification,40932.26,143,65,1,False,0.202,False,Discovery is ongoing and the team requested additional product information.,won,38556.83,Good product fit and timely stakeholder engagement.
OPP-02278,2025-08-11T01:11:00,analyst55@example.com,West,retail,Mid-Market,security,discovery,9280.95,177,94,3,False,0.168,True,Decision makers attended the latest meeting and asked for a final proposal.,won,9244.54,Successful technical evaluation with approved budget.
OPP-02086,2025-06-19T04:29:00,analyst34@example.com,Midwest,manufacturing,Enterprise,automation,discovery,16944.4,33,69,8,True,0.105,True,Discovery is ongoing and the team requested additional product information.,won,15787.74,Successful technical evaluation with approved budget.
OPP-01694,2025-01-16T11:53:00,analyst41@example.com,West,retail,SMB,data_platform,proposal,41082.08,44,57,5,False,0.096,True,Discovery is ongoing and the team requested additional product information.,won,39814.4,Successful technical evaluation with approved budget.
OPP-01046,2025-06-06T03:39:00,analyst20@example.com,West,financial_services,Mid-Market,data_platform,negotiation,31642.06,50,62,1,False,0.236,True,Discovery is ongoing and the team requested additional product information.,lost,0.0,Competitor preference and switching costs reduced win likelihood.
OPP-00470,2025-03-29T23:20:00,analyst14@example.com,Midwest,healthcare,Mid-Market,data_platform,proposal,37053.19,65,98,4,True,0.108,True,Discovery is ongoing and the team requested additional product information.,lost,0.0,Insufficient stakeholder engagement and unclear business case.
OPP-00955,2025-03-31T03:47:00,analyst43@example.com,Northeast,healthcare,Mid-Market,automation,qualification,48721.39,86,54,3,False,0.016,False,Customer is still comparing alternatives and gathering internal feedback. Primary contact: buyer111@example.com.,won,48501.58,Good product fit and timely stakeholder engagement.
OPP-02983,2026-01-04T01:47:00,analyst19@example.com,Northeast,technology,Enterprise,data_platform,qualification,49750.26,43,59,9,False,0.059,False,The opportunity remains active but timing depends on the next planning cycle.,won,50626.93,Successful technical evaluation with approved budget.
OPP-00640,2025-04-26T00:12:00,analyst13@example.com,Midwest,financial_services,Enterprise,analytics,proposal,29027.81,125,19,0,False,0.059,True,The customer delayed the project and has not confirmed a decision timeline.,lost,0.0,Competitor preference and switching costs reduced win likelihood.
OPP-02784,2025-06-06T02:53:00,analyst48@example.com,West,retail,SMB,data_platform,negotiation,44160.67,157,72,7,False,0.09,True,Decision makers attended the latest meeting and asked for a final proposal.,lost,0.0,Competitor preference and switching costs reduced win likelihood.
OPP-01219,2025-09-01T22:12:00,analyst22@example.com,Midwest,manufacturing,Mid-Market,automation,discovery,17263.66,72,26,4,False,0.007,False,Budget is uncertain and the main decision maker has not joined recent meetings.,lost,0.0,Insufficient stakeholder engagement and unclear business case.
OPP-01159,2025-02-04T14:10:00,analyst19@example.com,Northeast,technology,Mid-Market,analytics,discovery,67585.77,77,43,1,True,0.191,False,The opportunity remains active but timing depends on the next planning cycle.,lost,0.0,Insufficient stakeholder engagement and unclear business case.
OPP-01416,2025-06-15T10:03:00,analyst48@example.com,South,financial_services,Mid-Market,automation,discovery,15015.27,93,28,3,False,0.021,True,The customer delayed the project and has not confirmed a decision timeline. Primary contact: buyer150@example.com.,won,14325.67,Good product fit and timely stakeholder engagement.
OPP-02719,2025-02-07T11:18:00,analyst40@example.com,South,technology,Enterprise,analytics,qualification,16787.49,101,46,7,True,0.195,False,The customer delayed the project and has not confirmed a decision timeline.,lost,0.0,Insufficient stakeholder engagement and unclear business case.
OPP-01528,2025-04-24T20:06:00,analyst46@example.com,Northeast,financial_services,SMB,automation,negotiation,40641.32,55,35,7,True,0.194,True,Budget is uncertain and the main decision maker has not joined recent meetings.,lost,0.0,Competitor preference and switching costs reduced win likelihood.
OPP-02927,2025-04-24T22:03:00,analyst20@example.com,West,retail,SMB,data_platform,discovery,60395.62,119,65,2,True,0.07,True,The customer delayed the project and has not confirmed a decision timeline. Primary contact: buyer184@example.com.,lost,0.0,Budget or timing constraints prevented the purchase.
OPP-01301,2025-06-19T20:08:00,analyst47@example.com,West,manufacturing,SMB,data_platform,proposal,37033.52,56,92,7,False,0.081,True,Budget is approved and procurement has provided a target decision date. Primary contact: buyer035@example.com.,lost,0.0,Competitor preference and switching costs reduced win likelihood.
OPP-02872,2025-05-02T17:57:00,analyst22@example.com,South,retail,Mid-Market,data_platform,proposal,13009.7,178,52,7,False,0.074,True,Customer is still comparing alternatives and gathering internal feedback.,lost,0.0,Competitor preference and switching costs reduced win likelihood.
OPP-01604,2025-09-01T18:54:00,analyst08@example.com,Midwest,financial_services,SMB,security,negotiation,44077.55,131,73,0,True,0.157,True,A strong competitor is already deployed and switching costs are a concern.,lost,0.0,Budget or timing constraints prevented the purchase.
OPP-00161,2025-04-06T08:28:00,analyst47@example.com,Midwest,manufacturing,SMB,data_platform,negotiation,33685.85,53,78,8,True,0.137,True,Stakeholders are interested but the business case is still being refined. Primary contact: buyer161@example.com.,won,31737.5,Good product fit and timely stakeholder engagement.
OPP-01705,2025-12-24T14:38:00,analyst52@example.com,Midwest,manufacturing,SMB,security,proposal,115711.13,142,38,2,False,0.221,True,A strong competitor is already deployed and switching costs are a concern.,lost,0.0,Insufficient stakeholder engagement and unclear business case.
OPP-00957,2025-10-19T19:50:00,analyst45@example.com,West,healthcare,SMB,security,qualification,28019.44,46,97,10,True,0.148,False,Stakeholders are interested but the business case is still being refined.,won,27557.22,Strong executive sponsorship and clear ROI case.
OPP-02921,2026-03-06T17:54:00,analyst14@example.com,West,manufacturing,SMB,automation,proposal,14446.28,110,42,5,True,0.1,True,Budget is uncertain and the main decision maker has not joined recent meetings.,won,14231.45,Good product fit and timely stakeholder engagement.
OPP-00878,2025-03-03T06:33:00,analyst23@example.com,South,technology,SMB,analytics,discovery,65244.77,48,28,1,True,0.235,False,The customer delayed the project and has not confirmed a decision timeline. Primary contact: buyer034@example.com.,lost,0.0,Insufficient stakeholder engagement and unclear business case.
OPP-01920,2025-01-27T19:17:00,analyst39@example.com,Midwest,financial_services,SMB,analytics,qualification,67280.43,8,88,4,True,0.162,True,Stakeholders are interested but the business case is still being refined.,won,67969.91,Good product fit and timely stakeholder engagement.
OPP-01885,2025-03-05T13:35:00,analyst04@example.com,South,retail,Enterprise,automation,proposal,35949.47,31,93,1,False,0.225,True,Technical evaluation is progressing well and the customer requested implementation details. Primary contact: buyer197@example.com.,won,34227.72,Successful technical evaluation with approved budget.
OPP-02201,2025-11-07T12:03:00,analyst35@example.com,Northeast,healthcare,SMB,automation,proposal,74515.59,149,26,10,False,0.174,True,Budget is uncertain and the main decision maker has not joined recent meetings. Primary contact: buyer091@example.com.,lost,0.0,Insufficient stakeholder engagement and unclear business case.
OPP-00099,2026-03-04T15:36:00,analyst42@example.com,West,healthcare,Enterprise,automation,discovery,11589.47,93,71,10,True,0.134,True,Discovery is ongoing and the team requested additional product information. Primary contact: buyer099@example.com.,lost,0.0,Insufficient stakeholder engagement and unclear business case.
OPP-02833,2025-03-14T02:57:00,analyst40@example.com,South,financial_services,Mid-Market,security,discovery,37175.54,112,15,1,True,0.176,False,A strong competitor is already deployed and switching costs are a concern. Primary contact: buyer090@example.com.,lost,0.0,Competitor preference and switching costs reduced win likelihood.
OPP-02558,2025-06-19T16:26:00,analyst50@example.com,West,healthcare,SMB,data_platform,proposal,27743.89,88,22,7,False,0.179,True,Engagement has slowed and the proposal has not received internal sponsorship.,lost,0.0,Competitor preference and switching costs reduced win likelihood.
OPP-00254,2025-03-02T10:34:00,analyst26@example.com,Northeast,healthcare,Mid-Market,automation,discovery,37438.7,177,65,7,False,0.161,True,Stakeholders are interested but the business case is still being refined. Primary contact: buyer043@example.com.,lost,0.0,Competitor preference and switching costs reduced win likelihood.
OPP-00104,2025-08-15T18:44:00,analyst47@example.com,Midwest,financial_services,SMB,security,qualification,11989.01,7,48,10,True,0.066,False,Discovery is ongoing and the team requested additional product information.,lost,0.0,Insufficient stakeholder engagement and unclear business case.
OPP-01446,2025-12-26T14:59:00,analyst21@example.com,Northeast,healthcare,SMB,security,qualification,58913.54,128,83,5,True,0.152,False,Budget is uncertain and the main decision maker has not joined recent meetings.,won,57490.53,Successful technical evaluation with approved budget.
OPP-01444,2025-04-27T06:24:00,analyst19@example.com,Northeast,financial_services,SMB,automation,discovery,28706.77,9,56,1,False,0.05,False,Customer is still comparing alternatives and gathering internal feedback. Primary contact: buyer178@example.com.,won,26874.86,Strong executive sponsorship and clear ROI case.
OPP-01649,2025-08-31T10:47:00,analyst53@example.com,Northeast,manufacturing,SMB,analytics,negotiation,65702.18,43,54,2,False,0.096,True,Stakeholders are interested but the business case is still being refined.,lost,0.0,Insufficient stakeholder engagement and unclear business case.
OPP-00587,2026-01-19T08:33:00,analyst17@example.com,Northeast,manufacturing,Enterprise,data_platform,qualification,46496.53,113,42,9,False,0.279,False,Budget is uncertain and the main decision maker has not joined recent meetings. Primary contact: buyer165@example.com.,lost,0.0,Competitor preference and switching costs reduced win likelihood.
OPP-00628,2025-12-12T07:49:00,analyst01@example.com,Midwest,manufacturing,Mid-Market,data_platform,negotiation,9795.6,87,35,3,False,0.22,True,A strong competitor is already deployed and switching costs are a concern.,lost,0.0,Insufficient stakeholder engagement and unclear business case.
OPP-01697,2025-02-07T08:03:00,analyst44@example.com,South,healthcare,Mid-Market,security,proposal,59268.08,135,21,8,False,0.172,True,Budget is uncertain and the main decision maker has not joined recent meetings. Primary contact: buyer009@example.com.,lost,0.0,Competitor preference and switching costs reduced win likelihood.
OPP-02102,2025-11-20T14:17:00,analyst50@example.com,Midwest,healthcare,SMB,security,discovery,68171.01,160,38,4,False,0.024,False,Budget is uncertain and the main decision maker has not joined recent meetings.,lost,0.0,Budget or timing constraints prevented the purchase.
OPP-02200,2025-09-11T02:18:00,analyst34@example.com,Midwest,technology,Mid-Market,analytics,proposal,20134.15,10,18,4,False,0.166,True,The customer delayed the project and has not confirmed a decision timeline.,won,18656.27,Successful technical evaluation with approved budget.
OPP-00404,2025-11-04T16:03:00,analyst05@example.com,West,manufacturing,Enterprise,data_platform,discovery,15329.44,92,52,5,False,0.145,False,Discovery is ongoing and the team requested additional product information.,won,15551.06,Good product fit and timely stakeholder engagement.
OPP-01155,2026-01-29T05:46:00,analyst15@example.com,Midwest,financial_services,Mid-Market,analytics,negotiation,9692.48,126,15,0,True,0.165,True,The customer delayed the project and has not confirmed a decision timeline.,lost,0.0,Budget or timing constraints prevented the purchase.
OPP-02256,2025-09-06T09:28:00,analyst33@example.com,South,manufacturing,SMB,security,proposal,40678.45,49,20,7,True,0.084,True,Budget is uncertain and the main decision maker has not joined recent meetings.,lost,0.0,Budget or timing constraints prevented the purchase.
OPP-01683,2025-07-06T23:40:00,analyst30@example.com,West,financial_services,SMB,data_platform,proposal,20127.79,38,76,2,False,0.172,True,Technical evaluation is progressing well and the customer requested implementation details.,won,20296.76,Successful technical evaluation with approved budget.
OPP-02057,2025-08-01T16:47:00,analyst05@example.com,South,financial_services,Mid-Market,automation,qualification,37162.8,49,56,4,True,0.083,False,The opportunity remains active but timing depends on the next planning cycle.,lost,0.0,Competitor preference and switching costs reduced win likelihood.
OPP-02850,2025-10-30T04:04:00,analyst00@example.com,Northeast,manufacturing,Enterprise,automation,negotiation,15003.43,141,96,5,True,0.102,True,Budget is uncertain and the main decision maker has not joined recent meetings.,won,13946.15,Good product fit and timely stakeholder engagement.
OPP-00453,2025-01-01T09:29:00,analyst54@example.com,South,technology,Mid-Market,data_platform,qualification,16130.18,46,26,8,True,0.211,True,A strong competitor is already deployed and switching costs are a concern.,lost,0.0,Insufficient stakeholder engagement and unclear business case.
OPP-02302,2025-03-11T12:47:00,analyst22@example.com,South,technology,SMB,analytics,qualification,21951.84,11,79,10,True,0.174,False,Customer is still comparing alternatives and gathering internal feedback.,lost,0.0,Insufficient stakeholder engagement and unclear business case.
OPP-01328,2026-01-02T14:32:00,analyst17@example.com,Northeast,financial_services,SMB,security,proposal,29931.67,147,93,0,False,0.209,True,Budget is approved and procurement has provided a target decision date.,won,29494.34,Strong executive sponsorship and clear ROI case.
OPP-02050,2026-02-15T13:33:00,analyst55@example.com,Northeast,technology,SMB,data_platform,discovery,9094.34,133,82,9,False,0.102,True,Budget is approved and procurement has provided a target decision date.,won,9261.22,Good product fit and timely stakeholder engagement.
OPP-00881,2026-03-07T06:30:00,analyst26@example.com,Northeast,retail,Mid-Market,security,proposal,45772.33,53,63,9,True,0.167,True,Discovery is ongoing and the team requested additional product information.,won,45505.82,Successful technical evaluation with approved budget.
OPP-02924,2025-04-14T20:59:00,analyst17@example.com,Northeast,healthcare,SMB,security,proposal,23360.93,20,82,4,False,0.088,True,Budget is approved and procurement has provided a target decision date.,won,22821.15,Good product fit and timely stakeholder engagement.
OPP-00624,2025-02-23T12:43:00,analyst54@example.com,Northeast,manufacturing,SMB,data_platform,qualification,29110.22,63,46,9,False,0.134,True,Customer is still comparing alternatives and gathering internal feedback.,lost,0.0,Insufficient stakeholder engagement and unclear business case.
OPP-02394,2025-01-14T22:00:00,analyst00@example.com,Midwest,financial_services,Mid-Market,data_platform,proposal,44875.63,170,33,2,False,0.276,True,Engagement has slowed and the proposal has not received internal sponsorship. Primary contact: buyer073@example.com.,lost,0.0,Budget or timing constraints prevented the purchase.
OPP-02792,2026-02-09T15:46:00,analyst56@example.com,Northeast,technology,SMB,data_platform,proposal,35108.43,16,75,1,False,0.243,True,Executive sponsor is engaged and the buying team confirmed a clear business need. Primary contact: buyer049@example.com.,won,33235.48,Strong executive sponsorship and clear ROI case.
OPP-01788,2025-07-24T02:54:00,analyst21@example.com,Midwest,retail,Mid-Market,analytics,qualification,75769.21,131,51,10,False,0.184,True,Discovery is ongoing and the team requested additional product information. Primary contact: buyer100@example.com.,lost,0.0,Budget or timing constraints prevented the purchase.
OPP-00263,2025-04-07T02:55:00,analyst35@example.com,South,healthcare,SMB,analytics,qualification,45577.06,12,55,6,False,0.085,False,Discovery is ongoing and the team requested additional product information.,lost,0.0,Budget or timing constraints prevented the purchase.
OPP-01635,2025-06-17T19:55:00,analyst39@example.com,Northeast,financial_services,Enterprise,security,proposal,23943.74,28,36,1,True,0.121,True,Budget is uncertain and the main decision maker has not joined recent meetings.,won,24302.48,Strong executive sponsorship and clear ROI case.
OPP-01439,2025-09-08T13:26:00,analyst14@example.com,South,healthcare,SMB,analytics,proposal,19441.71,5,66,9,True,0.037,True,Discovery is ongoing and the team requested additional product information.,won,18178.38,Strong executive sponsorship and clear ROI case.
OPP-02199,2025-02-16T00:22:00,analyst33@example.com,South,retail,SMB,data_platform,qualification,13515.21,174,42,10,True,0.254,False,A strong competitor is already deployed and switching costs are a concern. Primary contact: buyer089@example.com.,lost,0.0,Insufficient stakeholder engagement and unclear business case.
OPP-01970,2025-09-11T13:54:00,analyst32@example.com,Northeast,healthcare,Mid-Market,automation,qualification,13280.53,147,98,8,True,0.1,False,Budget is uncertain and the main decision maker has not joined recent meetings.,won,12861.55,Strong executive sponsorship and clear ROI case.
OPP-02521,2026-02-16T09:53:00,analyst13@example.com,Midwest,technology,SMB,analytics,proposal,8420.1,132,100,4,False,0.128,True,Decision makers attended the latest meeting and asked for a final proposal. Primary contact: buyer200@example.com.,won,8534.34,Successful technical evaluation with approved budget.
OPP-01803,2025-09-07T13:56:00,analyst36@example.com,South,retail,SMB,security,discovery,42983.85,115,90,2,False,0.233,False,Discovery is ongoing and the team requested additional product information.,lost,0.0,Budget or timing constraints prevented the purchase.
OPP-00641,2025-08-30T18:48:00,analyst14@example.com,West,financial_services,SMB,automation,proposal,44593.89,33,35,0,False,0.086,True,The customer delayed the project and has not confirmed a decision timeline. Primary contact: buyer008@example.com.,lost,0.0,Budget or timing constraints prevented the purchase.
OPP-02386,2025-02-01T16:22:00,analyst49@example.com,Northeast,retail,SMB,security,proposal,28051.45,92,60,0,False,0.007,True,Customer is still comparing alternatives and gathering internal feedback.,won,27499.51,Strong executive sponsorship and clear ROI case.
OPP-02599,2025-08-12T07:27:00,analyst34@example.com,West,manufacturing,SMB,security,discovery,10224.64,23,74,5,True,0.208,True,The opportunity remains active but timing depends on the next planning cycle.,won,9869.48,Strong executive sponsorship and clear ROI case.
OPP-02836,2025-03-12T06:57:00,analyst43@example.com,West,healthcare,Mid-Market,analytics,discovery,32526.79,138,74,1,True,0.054,False,A strong competitor is already deployed and switching costs are a concern.,lost,0.0,Budget or timing constraints prevented the purchase.
OPP-01960,2025-10-27T02:28:00,analyst22@example.com,West,retail,SMB,analytics,discovery,34447.12,145,27,4,False,0.001,True,Budget is uncertain and the main decision maker has not joined recent meetings.,lost,0.0,Competitor preference and switching costs reduced win likelihood.
OPP-00489,2025-12-19T15:08:00,analyst33@example.com,Northeast,healthcare,Mid-Market,data_platform,qualification,15986.31,21,42,9,True,0.255,True,Budget is uncertain and the main decision maker has not joined recent meetings.,won,14786.32,Good product fit and timely stakeholder engagement.
OPP-01844,2025-01-05T15:10:00,analyst20@example.com,West,manufacturing,Enterprise,automation,proposal,56057.41,28,35,2,False,0.008,True,Budget is uncertain and the main decision maker has not joined recent meetings.,won,52685.1,Successful technical evaluation with approved budget.
OPP-01735,2025-02-26T00:47:00,analyst25@example.com,West,healthcare,Enterprise,analytics,discovery,27952.95,149,25,7,True,0.021,True,The customer delayed the project and has not confirmed a decision timeline. Primary contact: buyer047@example.com.,lost,0.0,Insufficient stakeholder engagement and unclear business case.
OPP-00147,2025-04-11T05:56:00,analyst33@example.com,South,manufacturing,SMB,analytics,discovery,5642.4,66,22,3,True,0.122,False,A strong competitor is already deployed and switching costs are a concern. Primary contact: buyer147@example.com.,lost,0.0,Insufficient stakeholder engagement and unclear business case.
OPP-01535,2025-06-18T16:42:00,analyst53@example.com,Midwest,technology,SMB,analytics,qualification,49507.62,161,19,7,True,0.133,True,A strong competitor is already deployed and switching costs are a concern.,lost,0.0,Insufficient stakeholder engagement and unclear business case.
OPP-01987,2025-12-10T01:58:00,analyst49@example.com,South,manufacturing,SMB,automation,qualification,9914.97,140,70,10,False,0.271,False,Stakeholders are interested but the business case is still being refined.,lost,0.0,Competitor preference and switching costs reduced win likelihood.
OPP-01370,2025-08-20T05:33:00,analyst02@example.com,Northeast,financial_services,Mid-Market,security,discovery,27435.74,43,17,7,True,0.099,False,A strong competitor is already deployed and switching costs are a concern.,lost,0.0,Budget or timing constraints prevented the purchase.
OPP-02451,2026-02-28T05:29:00,analyst00@example.com,South,retail,SMB,data_platform,negotiation,28829.39,107,53,2,True,0.244,True,The customer delayed the project and has not confirmed a decision timeline.,lost,0.0,Insufficient stakeholder engagement and unclear business case.
OPP-02942,2025-08-21T22:59:00,analyst35@example.com,Midwest,retail,SMB,analytics,proposal,29701.54,121,17,10,True,0.15,True,A strong competitor is already deployed and switching costs are a concern.,lost,0.0,Insufficient stakeholder engagement and unclear business case.
OPP-00660,2025-12-19T05:48:00,analyst33@example.com,South,retail,Enterprise,automation,discovery,37309.92,131,43,3,True,0.063,False,Budget is uncertain and the main decision maker has not joined recent meetings.,lost,0.0,Budget or timing constraints prevented the purchase.
OPP-01795,2025-06-21T03:32:00,analyst28@example.com,Northeast,manufacturing,SMB,analytics,qualification,22941.63,36,81,9,False,0.273,False,Stakeholders are interested but the business case is still being refined.,lost,0.0,Budget or timing constraints prevented the purchase.
OPP-02512,2025-05-08T05:49:00,analyst04@example.com,Midwest,healthcare,Enterprise,analytics,qualification,8426.07,172,42,3,False,0.223,True,Engagement has slowed and the proposal has not received internal sponsorship.,lost,0.0,Insufficient stakeholder engagement and unclear business case.
OPP-00187,2025-03-07T03:26:00,analyst16@example.com,Northeast,healthcare,SMB,analytics,discovery,50996.73,138,40,5,False,0.083,True,The customer delayed the project and has not confirmed a decision timeline. Primary contact: buyer187@example.com.,lost,0.0,Budget or timing constraints prevented the purchase.
OPP-01148,2025-04-07T05:46:00,analyst08@example.com,Northeast,manufacturing,SMB,data_platform,negotiation,79689.57,31,94,4,False,0.174,True,Executive sponsor is engaged and the buying team confirmed a clear business need.,won,76840.89,Successful technical evaluation with approved budget.
OPP-00609,2025-08-28T17:21:00,analyst39@example.com,Northeast,retail,SMB,security,proposal,17100.25,167,55,1,True,0.005,True,Engagement has slowed and the proposal has not received internal sponsorship.,lost,0.0,Insufficient stakeholder engagement and unclear business case.
OPP-02192,2025-12-20T16:00:00,analyst26@example.com,Northeast,retail,Mid-Market,analytics,proposal,43359.26,67,21,9,False,0.25,True,A strong competitor is already deployed and switching costs are a concern. Primary contact: buyer082@example.com.,lost,0.0,Insufficient stakeholder engagement and unclear business case.
OPP-01931,2025-05-19T02:41:00,analyst50@example.com,West,manufacturing,Enterprise,data_platform,discovery,39223.05,60,95,7,True,0.192,False,Discovery is ongoing and the team requested additional product information.,won,38547.93,Strong executive sponsorship and clear ROI case.
OPP-00198,2025-01-10T15:10:00,analyst27@example.com,Midwest,financial_services,Enterprise,automation,discovery,39909.03,34,60,8,False,0.16,False,The opportunity remains active but timing depends on the next planning cycle.,lost,0.0,Competitor preference and switching costs reduced win likelihood.
OPP-02328,2025-10-12T15:28:00,analyst48@example.com,South,retail,Mid-Market,automation,negotiation,39644.69,44,99,8,True,0.093,True,Discovery is ongoing and the team requested additional product information.,won,39540.97,Strong executive sponsorship and clear ROI case.
OPP-00294,2025-10-12T08:58:00,analyst09@example.com,West,financial_services,Mid-Market,automation,qualification,43465.58,169,48,1,True,0.13,False,A strong competitor is already deployed and switching costs are a concern.,lost,0.0,Insufficient stakeholder engagement and unclear business case.
OPP-00767,2026-03-07T16:02:00,analyst26@example.com,Midwest,healthcare,SMB,security,proposal,7531.46,134,50,8,True,0.148,True,Budget is uncertain and the main decision maker has not joined recent meetings.,lost,0.0,Insufficient stakeholder engagement and unclear business case.
OPP-00401,2025-10-20T19:55:00,analyst02@example.com,West,technology,Mid-Market,analytics,qualification,6488.61,21,31,0,False,0.124,False,Budget is uncertain and the main decision maker has not joined recent meetings.,lost,0.0,Competitor preference and switching costs reduced win likelihood.
OPP-00123,2026-02-09T06:47:00,analyst09@example.com,South,technology,SMB,automation,discovery,42323.8,104,55,5,True,0.001,False,A strong competitor is already deployed and switching costs are a concern.,lost,0.0,Insufficient stakeholder engagement and unclear business case.
OPP-00203,2025-07-26T06:47:00,analyst32@example.com,Midwest,healthcare,SMB,security,negotiation,14282.86,162,94,3,False,0.191,True,Decision makers attended the latest meeting and asked for a final proposal.,lost,0.0,Insufficient stakeholder engagement and unclear business case.
OPP-00836,2025-07-20T12:13:00,analyst38@example.com,West,technology,Mid-Market,security,qualification,55010.2,144,66,7,True,0.055,False,Budget is uncertain and the main decision maker has not joined recent meetings.,lost,0.0,Competitor preference and switching costs reduced win likelihood.
OPP-02295,2025-02-09T06:11:00,analyst15@example.com,West,healthcare,SMB,security,qualification,12023.23,168,74,0,False,0.255,False,The opportunity remains active but timing depends on the next planning cycle.,lost,0.0,Competitor preference and switching costs reduced win likelihood.
OPP-01440,2025-09-13T05:47:00,analyst15@example.com,South,retail,Mid-Market,analytics,qualification,31064.63,127,58,3,True,0.269,False,Budget is uncertain and the main decision maker has not joined recent meetings.,lost,0.0,Competitor preference and switching costs reduced win likelihood.
OPP-01734,2025-07-21T23:13:00,analyst24@example.com,South,healthcare,Mid-Market,analytics,discovery,31305.16,37,32,9,True,0.123,False,Budget is uncertain and the main decision maker has not joined recent meetings.,lost,0.0,Insufficient stakeholder engagement and unclear business case.
OPP-01696,2025-06-06T15:58:00,analyst43@example.com,Northeast,healthcare,SMB,data_platform,discovery,18242.15,96,94,5,False,0.102,False,Customer is still comparing alternatives and gathering internal feedback.,won,18701.75,Good product fit and timely stakeholder engagement.
OPP-02934,2025-12-19T03:10:00,analyst27@example.com,Midwest,manufacturing,SMB,security,proposal,18889.68,63,23,7,True,0.098,True,Engagement has slowed and the proposal has not received internal sponsorship. Primary contact: buyer191@example.com.,lost,0.0,Competitor preference and switching costs reduced win likelihood.
OPP-01708,2025-12-07T07:31:00,analyst55@example.com,Midwest,healthcare,SMB,automation,negotiation,38801.96,113,48,10,True,0.168,True,Engagement has slowed and the proposal has not received internal sponsorship.,lost,0.0,Budget or timing constraints prevented the purchase.
OPP-02919,2025-09-12T01:21:00,analyst12@example.com,West,manufacturing,Mid-Market,automation,qualification,16223.45,34,55,10,True,0.168,False,Customer is still comparing alternatives and gathering internal feedback.,won,15320.47,Good product fit and timely stakeholder engagement.
OPP-01154,2025-10-14T01:41:00,analyst14@example.com,Midwest,technology,SMB,security,qualification,13460.75,23,86,5,False,0.096,False,Customer is still comparing alternatives and gathering internal feedback.,won,12769.71,Successful technical evaluation with approved budget.
OPP-01662,2026-02-07T15:22:00,analyst09@example.com,South,retail,Mid-Market,analytics,discovery,40520.65,62,63,4,False,0.148,True,The opportunity remains active but timing depends on the next planning cycle.,won,40568.97,Successful technical evaluation with approved budget.
OPP-02433,2025-07-09T23:19:00,analyst39@example.com,Northeast,retail,Enterprise,security,discovery,51467.07,178,61,2,True,0.142,False,Budget is uncertain and the main decision maker has not joined recent meetings.,lost,0.0,Budget or timing constraints prevented the purchase.
OPP-01760,2025-06-08T16:20:00,analyst50@example.com,South,healthcare,Enterprise,data_platform,proposal,22007.94,35,24,2,True,0.089,True,A strong competitor is already deployed and switching costs are a concern.,lost,0.0,Competitor preference and switching costs reduced win likelihood.
OPP-00855,2026-02-10T03:49:00,analyst00@example.com,West,financial_services,Enterprise,security,proposal,44587.72,168,53,3,False,0.04,True,Discovery is ongoing and the team requested additional product information.,won,42017.26,Good product fit and timely stakeholder engagement.
OPP-01590,2025-02-28T04:51:00,analyst51@example.com,South,technology,SMB,analytics,discovery,22615.77,118,76,6,True,0.073,False,Budget is uncertain and the main decision maker has not joined recent meetings. Primary contact: buyer113@example.com.,won,21436.06,Successful technical evaluation with approved budget.
OPP-02268,2025-02-06T20:56:00,analyst45@example.com,Midwest,retail,Mid-Market,security,proposal,24169.99,65,82,8,True,0.176,True,Stakeholders are interested but the business case is still being refined.,lost,0.0,Competitor preference and switching costs reduced win likelihood.
OPP-00642,2025-03-24T04:31:00,analyst15@example.com,Northeast,retail,SMB,automation,negotiation,11799.34,158,82,2,True,0.004,True,Budget is uncertain and the main decision maker has not joined recent meetings.,lost,0.0,Budget or timing constraints prevented the purchase.
OPP-00002,2025-02-27T17:07:00,analyst02@example.com,Northeast,financial_services,Mid-Market,data_platform,discovery,6664.12,31,26,6,True,0.237,False,Engagement has slowed and the proposal has not received internal sponsorship.,lost,0.0,Competitor preference and switching costs reduced win likelihood.
OPP-02161,2025-01-24T15:41:00,analyst52@example.com,West,financial_services,SMB,data_platform,negotiation,19524.94,33,78,8,True,0.063,True,Stakeholders are interested but the business case is still being refined.,lost,0.0,Budget or timing constraints prevented the purchase.
OPP-00699,2025-01-17T02:53:00,analyst15@example.com,West,technology,Enterprise,data_platform,discovery,47700.94,98,16,6,False,0.185,True,Engagement has slowed and the proposal has not received internal sponsorship.,won,45654.79,Successful technical evaluation with approved budget.
OPP-01637,2025-10-23T04:58:00,analyst41@example.com,Northeast,technology,Enterprise,security,proposal,32618.27,145,21,4,True,0.096,True,A strong competitor is already deployed and switching costs are a concern.,won,31870.51,Strong executive sponsorship and clear ROI case.
OPP-01292,2025-03-06T14:10:00,analyst38@example.com,South,financial_services,SMB,data_platform,qualification,35172.95,46,51,2,False,0.106,False,Stakeholders are interested but the business case is still being refined.,won,33064.43,Good product fit and timely stakeholder engagement.
OPP-02862,2025-03-25T19:25:00,analyst12@example.com,Midwest,retail,Enterprise,data_platform,qualification,30046.42,137,74,7,False,0.213,False,Stakeholders are interested but the business case is still being refined.,won,28084.93,Strong executive sponsorship and clear ROI case.
OPP-02490,2025-08-04T02:48:00,analyst39@example.com,West,healthcare,Mid-Market,data_platform,qualification,41341.78,41,96,5,True,0.246,False,Customer is still comparing alternatives and gathering internal feedback.,won,40010.17,Strong executive sponsorship and clear ROI case.
OPP-01521,2025-12-16T06:00:00,analyst39@example.com,Midwest,retail,SMB,analytics,qualification,28899.48,137,90,9,False,0.002,False,Customer is still comparing alternatives and gathering internal feedback.,won,29248.62,Good product fit and timely stakeholder engagement.
OPP-01854,2025-06-19T11:36:00,analyst30@example.com,Northeast,financial_services,Mid-Market,data_platform,discovery,32498.22,6,86,10,False,0.279,False,The opportunity remains active but timing depends on the next planning cycle.,won,33236.39,Successful technical evaluation with approved budget.
OPP-01137,2026-01-16T09:13:00,analyst54@example.com,South,retail,SMB,automation,qualification,24488.34,49,68,3,False,0.247,False,Discovery is ongoing and the team requested additional product information.,lost,0.0,Competitor preference and switching costs reduced win likelihood.
OPP-02904,2025-08-07T00:15:00,analyst54@example.com,South,financial_services,Mid-Market,security,proposal,29895.75,118,55,1,True,0.152,True,A strong competitor is already deployed and switching costs are a concern.,lost,0.0,Competitor preference and switching costs reduced win likelihood.
OPP-01632,2026-01-26T19:57:00,analyst36@example.com,Northeast,healthcare,SMB,analytics,proposal,57378.82,152,67,8,True,0.14,True,Engagement has slowed and the proposal has not received internal sponsorship. Primary contact: buyer155@example.com.,lost,0.0,Budget or timing constraints prevented the purchase.
OPP-01999,2025-02-24T22:56:00,analyst04@example.com,South,healthcare,Enterprise,automation,discovery,51591.94,128,56,0,True,0.019,False,Budget is uncertain and the main decision maker has not joined recent meetings.,lost,0.0,Competitor preference and switching costs reduced win likelihood.
OPP-00664,2025-09-19T06:36:00,analyst37@example.com,South,retail,SMB,security,discovery,39758.55,64,87,8,False,0.04,False,The opportunity remains active but timing depends on the next planning cycle.,won,36809.53,Good product fit and timely stakeholder engagement.
OPP-00684,2025-01-18T16:33:00,analyst00@example.com,Midwest,financial_services,SMB,security,qualification,36727.72,164,67,0,True,0.095,False,Engagement has slowed and the proposal has not received internal sponsorship. Primary contact: buyer051@example.com.,lost,0.0,Competitor preference and switching costs reduced win likelihood.
OPP-01258,2025-05-15T10:52:00,analyst04@example.com,Midwest,financial_services,Mid-Market,security,proposal,9873.3,106,52,4,True,0.217,True,A strong competitor is already deployed and switching costs are a concern.,won,9660.68,Strong executive sponsorship and clear ROI case.
OPP-00318,2025-08-26T22:37:00,analyst33@example.com,Northeast,healthcare,SMB,automation,discovery,19620.38,10,52,3,True,0.244,True,The opportunity remains active but timing depends on the next planning cycle.,lost,0.0,Competitor preference and switching costs reduced win likelihood.
OPP-00649,2025-12-08T02:57:00,analyst22@example.com,South,healthcare,SMB,automation,proposal,49369.39,43,84,9,True,0.057,True,Stakeholders are interested but the business case is still being refined.,won,50273.44,Successful technical evaluation with approved budget.
OPP-01435,2025-10-31T21:11:00,analyst10@example.com,West,healthcare,Mid-Market,security,qualification,20550.28,80,79,5,True,0.277,True,Stakeholders are interested but the business case is still being refined.,lost,0.0,Competitor preference and switching costs reduced win likelihood.
OPP-01480,2025-07-01T07:29:00,analyst55@example.com,West,financial_services,Mid-Market,data_platform,discovery,19836.2,33,83,0,False,0.106,False,Customer is still comparing alternatives and gathering internal feedback.,won,19567.84,Strong executive sponsorship and clear ROI case.
OPP-00710,2025-12-25T04:58:00,analyst26@example.com,South,financial_services,Mid-Market,data_platform,discovery,36937.8,135,52,7,True,0.2,False,A strong competitor is already deployed and switching costs are a concern.,won,34915.3,Strong executive sponsorship and clear ROI case.
OPP-01283,2025-11-25T14:21:00,analyst29@example.com,Midwest,financial_services,Mid-Market,analytics,discovery,39529.56,122,55,5,False,0.055,False,The opportunity remains active but timing depends on the next planning cycle.,won,36845.46,Successful technical evaluation with approved budget.
OPP-01769,2025-01-07T11:22:00,analyst02@example.com,South,retail,Mid-Market,analytics,discovery,19295.92,53,45,9,True,0.023,False,The opportunity remains active but timing depends on the next planning cycle.,lost,0.0,Competitor preference and switching costs reduced win likelihood.
OPP-00973,2025-06-28T04:49:00,analyst04@example.com,West,healthcare,SMB,security,discovery,18217.41,120,54,1,True,0.056,False,The customer delayed the project and has not confirmed a decision timeline. Primary contact: buyer129@example.com.,lost,0.0,Competitor preference and switching costs reduced win likelihood.
OPP-02676,2026-02-15T00:40:00,analyst54@example.com,Midwest,manufacturing,SMB,automation,discovery,20934.86,49,65,3,True,0.222,False,Discovery is ongoing and the team requested additional product information. Primary contact: buyer144@example.com.,lost,0.0,Competitor preference and switching costs reduced win likelihood.
OPP-02681,2025-07-04T14:31:00,analyst02@example.com,South,retail,SMB,security,discovery,24619.61,141,62,8,False,0.075,True,Stakeholders are interested but the business case is still being refined.,won,23475.21,Strong executive sponsorship and clear ROI case.
OPP-01307,2025-02-06T14:08:00,analyst53@example.com,Northeast,healthcare,Mid-Market,analytics,qualification,63226.25,6,92,2,True,0.166,False,Stakeholders are interested but the business case is still being refined.,lost,0.0,Competitor preference and switching costs reduced win likelihood.
OPP-01401,2025-01-12T19:38:00,analyst33@example.com,Northeast,healthcare,SMB,automation,qualification,52053.91,61,71,3,True,0.247,False,The opportunity remains active but timing depends on the next planning cycle.,lost,0.0,Competitor preference and switching costs reduced win likelihood.
OPP-01409,2025-06-12T21:35:00,analyst41@example.com,Midwest,healthcare,Mid-Market,automation,proposal,34085.38,174,24,10,True,0.15,True,The customer delayed the project and has not confirmed a decision timeline.,lost,0.0,Budget or timing constraints prevented the purchase.
OPP-02238,2025-02-26T22:55:00,analyst15@example.com,South,manufacturing,SMB,data_platform,discovery,19778.11,109,76,6,True,0.155,False,Budget is uncertain and the main decision maker has not joined recent meetings.,won,18321.98,Successful technical evaluation with approved budget.
OPP-01497,2026-01-22T21:22:00,analyst15@example.com,Northeast,healthcare,SMB,security,qualification,32113.63,71,47,9,False,0.023,False,Discovery is ongoing and the team requested additional product information.,lost,0.0,Budget or timing constraints prevented the purchase.
OPP-02039,2025-01-28T08:48:00,analyst44@example.com,South,healthcare,SMB,analytics,qualification,22368.35,106,37,2,False,0.264,False,The customer delayed the project and has not confirmed a decision timeline.,lost,0.0,Competitor preference and switching costs reduced win likelihood.
OPP-01530,2025-12-15T02:49:00,analyst48@example.com,Northeast,technology,SMB,security,qualification,22452.19,125,65,1,False,0.03,False,Customer is still comparing alternatives and gathering internal feedback.,lost,0.0,Budget or timing constraints prevented the purchase.
OPP-01664,2026-02-01T18:25:00,analyst11@example.com,West,retail,SMB,automation,discovery,30526.17,84,26,7,True,0.167,False,Budget is uncertain and the main decision maker has not joined recent meetings.,lost,0.0,Insufficient stakeholder engagement and unclear business case.
OPP-01355,2025-06-18T04:11:00,analyst44@example.com,West,manufacturing,Mid-Market,security,proposal,61007.5,64,44,8,True,0.159,True,Discovery is ongoing and the team requested additional product information.,lost,0.0,Budget or timing constraints prevented the purchase.
OPP-02930,2025-12-17T09:35:00,analyst23@example.com,Northeast,healthcare,Mid-Market,automation,qualification,23831.43,143,21,9,False,0.225,False,Engagement has slowed and the proposal has not received internal sponsorship.,won,23836.12,Strong executive sponsorship and clear ROI case.
OPP-02950,2025-05-18T01:02:00,analyst43@example.com,Midwest,financial_services,SMB,analytics,negotiation,115118.42,16,19,4,True,0.042,True,The customer delayed the project and has not confirmed a decision timeline. Primary contact: buyer207@example.com.,lost,0.0,Budget or timing constraints prevented the purchase.
OPP-01644,2025-01-25T23:30:00,analyst48@example.com,South,technology,Enterprise,security,negotiation,8139.92,42,56,2,True,0.269,True,The opportunity remains active but timing depends on the next planning cycle.,lost,0.0,Competitor preference and switching costs reduced win likelihood.
OPP-01052,2025-04-08T20:42:00,analyst26@example.com,West,manufacturing,SMB,automation,discovery,35252.44,62,31,7,True,0.182,False,Budget is uncertain and the main decision maker has not joined recent meetings.,lost,0.0,Insufficient stakeholder engagement and unclear business case.
OPP-00796,2025-04-13T01:39:00,analyst55@example.com,Northeast,manufacturing,Enterprise,analytics,qualification,31100.86,142,26,4,True,0.154,False,Engagement has slowed and the proposal has not received internal sponsorship.,lost,0.0,Budget or timing constraints prevented the purchase.
OPP-02694,2025-02-25T21:23:00,analyst15@example.com,West,retail,SMB,automation,negotiation,18836.57,176,92,7,True,0.191,True,Engagement has slowed and the proposal has not received internal sponsorship.,won,17736.34,Strong executive sponsorship and clear ROI case.
OPP-01598,2026-01-10T21:33:00,analyst02@example.com,West,manufacturing,Mid-Market,data_platform,proposal,21665.54,85,30,6,False,0.154,True,Engagement has slowed and the proposal has not received internal sponsorship.,lost,0.0,Insufficient stakeholder engagement and unclear business case.
OPP-02605,2025-07-01T13:55:00,analyst40@example.com,Midwest,technology,Mid-Market,security,discovery,22588.12,114,43,8,False,0.075,False,The opportunity remains active but timing depends on the next planning cycle.,won,22772.92,Good product fit and timely stakeholder engagement.
OPP-02730,2025-08-14T19:38:00,analyst51@example.com,Northeast,technology,SMB,analytics,negotiation,14519.51,117,50,1,True,0.047,True,The customer delayed the project and has not confirmed a decision timeline.,won,14619.28,Good product fit and timely stakeholder engagement.
OPP-02626,2025-06-29T07:09:00,analyst04@example.com,West,healthcare,SMB,security,proposal,12853.59,104,93,7,False,0.184,True,Technical evaluation is progressing well and the customer requested implementation details.,won,12908.06,Good product fit and timely stakeholder engagement.
OPP-01820,2025-04-01T18:33:00,analyst53@example.com,Northeast,technology,SMB,security,proposal,32404.83,163,55,10,False,0.234,True,Stakeholders are interested but the business case is still being refined. Primary contact: buyer132@example.com.,lost,0.0,Budget or timing constraints prevented the purchase.
OPP-01723,2025-08-04T21:14:00,analyst13@example.com,Midwest,healthcare,Enterprise,analytics,proposal,37544.12,68,98,1,False,0.059,True,Budget is approved and procurement has provided a target decision date.,won,36133.5,Strong executive sponsorship and clear ROI case.
OPP-01184,2026-01-03T08:18:00,analyst44@example.com,South,retail,SMB,automation,qualification,11471.91,140,53,7,True,0.231,False,Engagement has slowed and the proposal has not received internal sponsorship.,lost,0.0,Insufficient stakeholder engagement and unclear business case.
OPP-02573,2025-03-28T06:51:00,analyst08@example.com,Northeast,healthcare,Mid-Market,security,qualification,15955.74,157,56,4,False,0.272,False,The opportunity remains active but timing depends on the next planning cycle.,lost,0.0,Insufficient stakeholder engagement and unclear business case.
OPP-01060,2025-01-10T02:23:00,analyst34@example.com,West,technology,Enterprise,analytics,discovery,43821.24,99,48,5,False,0.213,False,Customer is still comparing alternatives and gathering internal feedback. Primary contact: buyer005@example.com.,lost,0.0,Competitor preference and switching costs reduced win likelihood.
OPP-00541,2025-11-03T05:00:00,analyst28@example.com,Midwest,financial_services,Mid-Market,data_platform,proposal,10802.09,132,75,5,False,0.275,True,Technical evaluation is progressing well and the customer requested implementation details.,won,10836.0,Successful technical evaluation with approved budget.
OPP-01679,2025-10-22T03:27:00,analyst26@example.com,Midwest,retail,Enterprise,data_platform,discovery,88097.07,58,58,0,False,0.255,False,Discovery is ongoing and the team requested additional product information.,lost,0.0,Budget or timing constraints prevented the purchase.
OPP-02797,2025-06-02T06:39:00,analyst04@example.com,Midwest,healthcare,Mid-Market,security,discovery,38957.74,85,42,5,False,0.16,False,The customer delayed the project and has not confirmed a decision timeline. Primary contact: buyer054@example.com.,lost,0.0,Competitor preference and switching costs reduced win likelihood.
OPP-02894,2025-07-31T15:01:00,analyst44@example.com,Northeast,manufacturing,SMB,automation,qualification,19002.76,173,59,4,False,0.255,False,Stakeholders are interested but the business case is still being refined.,lost,0.0,Budget or timing constraints prevented the purchase.
OPP-02533,2025-03-08T12:15:00,analyst25@example.com,Midwest,technology,Mid-Market,analytics,discovery,44350.91,131,50,3,True,0.063,False,A strong competitor is already deployed and switching costs are a concern.,lost,0.0,Insufficient stakeholder engagement and unclear business case.
OPP-01758,2025-12-28T23:11:00,analyst48@example.com,Midwest,healthcare,SMB,automation,negotiation,53898.97,107,60,9,True,0.239,True,The customer delayed the project and has not confirmed a decision timeline. Primary contact: buyer070@example.com.,lost,0.0,Budget or timing constraints prevented the purchase.
OPP-01924,2025-06-02T16:16:00,analyst43@example.com,Northeast,manufacturing,SMB,automation,proposal,67273.82,117,49,0,True,0.175,True,A strong competitor is already deployed and switching costs are a concern.,lost,0.0,Budget or timing constraints prevented the purchase.
OPP-00096,2025-04-21T14:27:00,analyst39@example.com,West,healthcare,Enterprise,automation,proposal,31917.78,166,94,6,True,0.191,True,Budget is uncertain and the main decision maker has not joined recent meetings. Primary contact: buyer096@example.com.,won,30465.72,Successful technical evaluation with approved budget.
OPP-01021,2025-02-18T19:13:00,analyst52@example.com,Midwest,manufacturing,SMB,data_platform,proposal,10928.65,83,36,10,False,0.039,True,The customer delayed the project and has not confirmed a decision timeline.,won,10155.38,Good product fit and timely stakeholder engagement.
OPP-00564,2025-05-10T00:26:00,analyst51@example.com,West,retail,SMB,security,proposal,78012.95,155,80,1,True,0.002,True,Engagement has slowed and the proposal has not received internal sponsorship.,lost,0.0,Competitor preference and switching costs reduced win likelihood.
OPP-02791,2025-12-05T18:23:00,analyst55@example.com,Northeast,manufacturing,Mid-Market,automation,proposal,28005.37,68,33,1,True,0.239,True,Budget is uncertain and the main decision maker has not joined recent meetings.,lost,0.0,Budget or timing constraints prevented the purchase.
OPP-00864,2026-02-19T13:43:00,analyst09@example.com,Northeast,manufacturing,Mid-Market,automation,qualification,21078.33,156,39,5,False,0.098,False,Budget is uncertain and the main decision maker has not joined recent meetings.,lost,0.0,Budget or timing constraints prevented the purchase.
OPP-01485,2025-10-22T21:30:00,analyst03@example.com,South,financial_services,Enterprise,security,discovery,39678.62,139,72,0,False,0.064,False,The opportunity remains active but timing depends on the next planning cycle. Primary contact: buyer008@example.com.,lost,0.0,Insufficient stakeholder engagement and unclear business case.
OPP-01882,2025-04-15T19:52:00,analyst01@example.com,Midwest,manufacturing,Enterprise,analytics,qualification,88972.51,91,49,0,True,0.016,True,Customer is still comparing alternatives and gathering internal feedback.,lost,0.0,Competitor preference and switching costs reduced win likelihood.
OPP-01039,2025-07-17T08:52:00,analyst13@example.com,Midwest,financial_services,SMB,data_platform,discovery,44294.24,39,77,3,True,0.04,False,Customer is still comparing alternatives and gathering internal feedback.,lost,0.0,Competitor preference and switching costs reduced win likelihood.
OPP-00207,2025-04-14T06:41:00,analyst36@example.com,West,technology,Mid-Market,automation,qualification,14818.2,144,52,10,True,0.19,False,Budget is uncertain and the main decision maker has not joined recent meetings.,lost,0.0,Insufficient stakeholder engagement and unclear business case.
OPP-00393,2025-03-31T21:10:00,analyst51@example.com,West,manufacturing,SMB,automation,qualification,77292.49,158,47,10,True,0.098,False,Budget is uncertain and the main decision maker has not joined recent meetings.,lost,0.0,Competitor preference and switching costs reduced win likelihood.
OPP-02843,2025-01-17T12:20:00,analyst50@example.com,Midwest,technology,SMB,data_platform,qualification,37138.07,122,82,3,False,0.254,False,The opportunity remains active but timing depends on the next planning cycle.,won,36390.97,Good product fit and timely stakeholder engagement.
OPP-00871,2025-05-08T18:00:00,analyst16@example.com,Northeast,healthcare,Mid-Market,security,qualification,28766.92,31,46,0,True,0.064,True,The opportunity remains active but timing depends on the next planning cycle.,won,29000.3,Strong executive sponsorship and clear ROI case.
OPP-00398,2025-07-19T21:07:00,analyst56@example.com,Midwest,manufacturing,Enterprise,data_platform,qualification,46452.81,69,86,7,True,0.12,False,The opportunity remains active but timing depends on the next planning cycle.,lost,0.0,Competitor preference and switching costs reduced win likelihood.
OPP-02815,2025-11-18T21:17:00,analyst22@example.com,South,retail,SMB,data_platform,proposal,143861.58,32,33,5,False,0.119,True,A strong competitor is already deployed and switching costs are a concern.,won,147089.52,Good product fit and timely stakeholder engagement.
OPP-02888,2025-08-24T11:35:00,analyst38@example.com,West,retail,SMB,security,proposal,19414.2,21,30,8,True,0.012,True,A strong competitor is already deployed and switching costs are a concern.,lost,0.0,Budget or timing constraints prevented the purchase.
OPP-01029,2025-05-17T21:20:00,analyst03@example.com,West,healthcare,Mid-Market,data_platform,proposal,11143.85,33,90,0,True,0.02,True,Customer is still comparing alternatives and gathering internal feedback.,won,10900.58,Successful technical evaluation with approved budget.
OPP-02691,2025-01-22T16:59:00,analyst12@example.com,South,financial_services,SMB,analytics,discovery,35569.47,161,52,8,False,0.194,True,The opportunity remains active but timing depends on the next planning cycle.,won,35044.14,Strong executive sponsorship and clear ROI case.
OPP-01486,2025-01-27T16:44:00,analyst04@example.com,Midwest,technology,SMB,security,qualification,5400.83,120,59,3,False,0.197,False,Stakeholders are interested but the business case is still being refined. Primary contact: buyer009@example.com.,lost,0.0,Insufficient stakeholder engagement and unclear business case.
OPP-02661,2026-01-31T11:13:00,analyst39@example.com,South,healthcare,SMB,security,discovery,13411.91,169,28,10,False,0.253,True,The customer delayed the project and has not confirmed a decision timeline.,lost,0.0,Budget or timing constraints prevented the purchase.
OPP-00961,2025-12-12T06:10:00,analyst49@example.com,Midwest,financial_services,Mid-Market,data_platform,negotiation,110474.48,65,33,2,True,0.194,True,A strong competitor is already deployed and switching costs are a concern. Primary contact: buyer117@example.com.,lost,0.0,Competitor preference and switching costs reduced win likelihood.
OPP-01571,2026-02-04T10:59:00,analyst32@example.com,Midwest,financial_services,SMB,automation,negotiation,15105.19,35,45,8,False,0.243,True,Stakeholders are interested but the business case is still being refined.,won,14429.26,Strong executive sponsorship and clear ROI case.
OPP-02774,2026-01-12T01:54:00,analyst38@example.com,Midwest,manufacturing,SMB,automation,discovery,27980.26,55,63,3,True,0.073,False,Stakeholders are interested but the business case is still being refined.,lost,0.0,Budget or timing constraints prevented the purchase.
OPP-01896,2026-01-15T18:20:00,analyst15@example.com,Midwest,healthcare,Mid-Market,automation,negotiation,100999.91,130,79,5,False,0.269,True,Decision makers attended the latest meeting and asked for a final proposal.,lost,0.0,Competitor preference and switching costs reduced win likelihood.
OPP-02732,2025-02-16T02:13:00,analyst53@example.com,West,financial_services,Mid-Market,automation,qualification,28405.43,66,54,5,False,0.087,False,Discovery is ongoing and the team requested additional product information.,lost,0.0,Budget or timing constraints prevented the purchase.
OPP-02147,2025-04-17T05:02:00,analyst38@example.com,Northeast,manufacturing,SMB,analytics,negotiation,121948.48,131,48,10,False,0.274,True,Discovery is ongoing and the team requested additional product information. Primary contact: buyer037@example.com.,won,118535.19,Strong executive sponsorship and clear ROI case.
OPP-00805,2026-01-09T20:58:00,analyst07@example.com,Midwest,healthcare,Enterprise,analytics,qualification,98026.85,99,58,8,False,0.082,False,Stakeholders are interested but the business case is still being refined.,won,99491.3,Successful technical evaluation with approved budget.
OPP-01752,2025-05-16T06:00:00,analyst42@example.com,South,healthcare,SMB,security,discovery,64329.88,175,83,9,False,0.166,False,Discovery is ongoing and the team requested additional product information.,lost,0.0,Competitor preference and switching costs reduced win likelihood.
OPP-02455,2025-02-14T18:32:00,analyst04@example.com,South,technology,Mid-Market,analytics,discovery,27249.92,35,42,5,True,0.215,False,Budget is uncertain and the main decision maker has not joined recent meetings.,lost,0.0,Insufficient stakeholder engagement and unclear business case.
OPP-00503,2025-10-16T13:15:00,analyst47@example.com,Northeast,retail,Mid-Market,analytics,proposal,48334.08,121,85,6,True,0.24,True,Engagement has slowed and the proposal has not received internal sponsorship.,won,48209.47,Good product fit and timely stakeholder engagement.
OPP-00780,2025-10-11T04:30:00,analyst39@example.com,Northeast,technology,Mid-Market,automation,qualification,86968.95,6,81,4,False,0.204,False,Discovery is ongoing and the team requested additional product information. Primary contact: buyer147@example.com.,won,85878.22,Strong executive sponsorship and clear ROI case.
OPP-01864,2025-06-04T13:07:00,analyst40@example.com,Northeast,retail,SMB,automation,discovery,13804.67,39,26,5,True,0.055,False,A strong competitor is already deployed and switching costs are a concern.,lost,0.0,Competitor preference and switching costs reduced win likelihood.
OPP-00201,2025-08-08T15:03:00,analyst30@example.com,South,financial_services,SMB,automation,negotiation,38970.48,15,69,4,False,0.036,True,Discovery is ongoing and the team requested additional product information. Primary contact: buyer201@example.com.,won,38411.52,Successful technical evaluation with approved budget.
OPP-02183,2025-02-22T04:53:00,analyst17@example.com,South,retail,Enterprise,security,negotiation,34585.6,131,27,5,False,0.206,True,Engagement has slowed and the proposal has not received internal sponsorship.,lost,0.0,Budget or timing constraints prevented the purchase.
OPP-02089,2025-09-16T04:27:00,analyst37@example.com,Midwest,manufacturing,Mid-Market,analytics,proposal,9351.34,64,81,5,True,0.261,True,Discovery is ongoing and the team requested additional product information.,won,9103.49,Good product fit and timely stakeholder engagement.
OPP-02279,2026-01-25T06:46:00,analyst56@example.com,West,financial_services,SMB,security,proposal,11834.13,109,67,7,False,0.238,True,Discovery is ongoing and the team requested additional product information.,won,11157.68,Successful technical evaluation with approved budget.
OPP-01797,2026-01-30T10:19:00,analyst30@example.com,Northeast,retail,SMB,automation,negotiation,38960.31,61,18,0,True,0.175,True,Engagement has slowed and the proposal has not received internal sponsorship.,lost,0.0,Insufficient stakeholder engagement and unclear business case.
OPP-00379,2025-11-19T07:01:00,analyst37@example.com,Northeast,manufacturing,Enterprise,security,discovery,46008.21,82,55,5,True,0.078,False,Discovery is ongoing and the team requested additional product information.,lost,0.0,Insufficient stakeholder engagement and unclear business case.
OPP-02337,2025-11-12T10:21:00,analyst00@example.com,South,healthcare,Mid-Market,data_platform,proposal,43220.95,72,32,0,False,0.044,True,The customer delayed the project and has not confirmed a decision timeline.,won,44441.92,Strong executive sponsorship and clear ROI case.
OPP-00419,2025-03-11T21:34:00,analyst20@example.com,West,retail,Mid-Market,analytics,discovery,65611.83,81,65,9,False,0.238,False,Stakeholders are interested but the business case is still being refined.,won,65404.33,Strong executive sponsorship and clear ROI case.
OPP-01699,2025-06-23T04:14:00,analyst46@example.com,Northeast,retail,SMB,data_platform,proposal,13334.86,146,40,9,True,0.03,True,The customer delayed the project and has not confirmed a decision timeline. Primary contact: buyer011@example.com.,won,13306.83,Good product fit and timely stakeholder engagement.
OPP-00392,2025-01-02T01:29:00,analyst50@example.com,Midwest,manufacturing,SMB,analytics,negotiation,28350.26,41,62,8,False,0.219,True,Stakeholders are interested but the business case is still being refined.,won,27491.01,Good product fit and timely stakeholder engagement.
OPP-02641,2025-06-21T03:21:00,analyst19@example.com,Northeast,technology,Mid-Market,automation,negotiation,48124.86,158,44,8,True,0.077,True,Engagement has slowed and the proposal has not received internal sponsorship. Primary contact: buyer109@example.com.,lost,0.0,Insufficient stakeholder engagement and unclear business case.
OPP-01523,2025-12-04T03:43:00,analyst41@example.com,West,manufacturing,Mid-Market,data_platform,proposal,81457.77,67,21,9,True,0.001,True,The customer delayed the project and has not confirmed a decision timeline.,lost,0.0,Competitor preference and switching costs reduced win likelihood.
OPP-01163,2025-10-16T20:33:00,analyst23@example.com,Northeast,financial_services,Mid-Market,analytics,proposal,21497.37,129,86,7,True,0.254,True,Budget is uncertain and the main decision maker has not joined recent meetings.,lost,0.0,Budget or timing constraints prevented the purchase.
OPP-01496,2025-02-10T15:53:00,analyst14@example.com,West,technology,Mid-Market,security,discovery,23400.61,171,22,5,True,0.259,False,Budget is uncertain and the main decision maker has not joined recent meetings.,lost,0.0,Budget or timing constraints prevented the purchase.
OPP-02696,2025-12-15T23:01:00,analyst17@example.com,South,retail,Enterprise,security,qualification,39753.91,108,48,10,True,0.08,False,Engagement has slowed and the proposal has not received internal sponsorship.,lost,0.0,Competitor preference and switching costs reduced win likelihood.
OPP-02028,2026-01-01T18:38:00,analyst33@example.com,South,retail,Mid-Market,automation,qualification,26582.88,5,69,3,False,0.232,False,Customer is still comparing alternatives and gathering internal feedback.,lost,0.0,Competitor preference and switching costs reduced win likelihood.
OPP-01153,2025-05-02T13:04:00,analyst13@example.com,South,healthcare,Enterprise,analytics,proposal,26841.02,160,24,7,False,0.274,True,Budget is uncertain and the main decision maker has not joined recent meetings.,lost,0.0,Budget or timing constraints prevented the purchase.
OPP-01368,2026-02-08T22:32:00,analyst00@example.com,West,financial_services,Enterprise,security,discovery,63976.48,114,37,10,True,0.038,True,The customer delayed the project and has not confirmed a decision timeline.,lost,0.0,Insufficient stakeholder engagement and unclear business case.
OPP-02569,2025-04-12T01:17:00,analyst04@example.com,South,technology,Enterprise,automation,negotiation,48738.34,139,21,5,False,0.265,True,A strong competitor is already deployed and switching costs are a concern.,won,48328.61,Successful technical evaluation with approved budget.
OPP-00065,2025-02-01T03:17:00,analyst08@example.com,Midwest,technology,SMB,analytics,qualification,20903.41,40,47,4,True,0.002,False,The opportunity remains active but timing depends on the next planning cycle. Primary contact: buyer065@example.com.,lost,0.0,Insufficient stakeholder engagement and unclear business case.
OPP-02063,2025-05-16T13:41:00,analyst11@example.com,Northeast,healthcare,SMB,security,proposal,17154.56,111,43,5,False,0.024,True,Customer is still comparing alternatives and gathering internal feedback. Primary contact: buyer164@example.com.,won,16065.38,Strong executive sponsorship and clear ROI case.
OPP-01181,2025-02-26T16:25:00,analyst41@example.com,Northeast,healthcare,Mid-Market,data_platform,discovery,27132.96,31,81,3,False,0.196,False,The opportunity remains active but timing depends on the next planning cycle.,lost,0.0,Insufficient stakeholder engagement and unclear business case.
OPP-00493,2025-10-20T06:55:00,analyst37@example.com,South,healthcare,SMB,data_platform,proposal,23398.56,122,48,7,False,0.214,True,Stakeholders are interested but the business case is still being refined. Primary contact: buyer071@example.com.,lost,0.0,Competitor preference and switching costs reduced win likelihood.
OPP-00380,2025-07-08T16:56:00,analyst38@example.com,Midwest,retail,Mid-Market,data_platform,qualification,30445.46,37,81,8,True,0.026,False,Discovery is ongoing and the team requested additional product information. Primary contact: buyer169@example.com.,lost,0.0,Insufficient stakeholder engagement and unclear business case.
OPP-02236,2025-02-20T18:28:00,analyst13@example.com,Northeast,retail,SMB,automation,discovery,5000.0,56,99,10,True,0.071,True,Discovery is ongoing and the team requested additional product information.,won,4790.54,Good product fit and timely stakeholder engagement.
OPP-00764,2025-12-11T22:15:00,analyst23@example.com,South,technology,Enterprise,automation,qualification,48330.45,128,70,6,True,0.18,False,The customer delayed the project and has not confirmed a decision timeline.,lost,0.0,Budget or timing constraints prevented the purchase.
OPP-02265,2025-12-16T00:25:00,analyst42@example.com,West,healthcare,SMB,data_platform,discovery,19270.38,167,34,8,True,0.003,False,The customer delayed the project and has not confirmed a decision timeline.,won,19828.85,Successful technical evaluation with approved budget.
OPP-00792,2025-11-11T18:38:00,analyst51@example.com,Midwest,financial_services,SMB,automation,qualification,46158.19,80,73,0,False,0.063,True,Technical evaluation is progressing well and the customer requested implementation details.,won,46703.88,Successful technical evaluation with approved budget.
OPP-01077,2026-03-05T13:25:00,analyst51@example.com,Northeast,retail,SMB,security,proposal,14198.3,33,68,1,True,0.155,True,Discovery is ongoing and the team requested additional product information. Primary contact: buyer022@example.com.,lost,0.0,Budget or timing constraints prevented the purchase.
OPP-00879,2025-07-09T16:27:00,analyst24@example.com,South,healthcare,Mid-Market,security,negotiation,26417.2,142,79,10,False,0.081,True,Executive sponsor is engaged and the buying team confirmed a clear business need.,lost,0.0,Competitor preference and switching costs reduced win likelihood.
OPP-00338,2025-01-24T08:13:00,analyst53@example.com,South,healthcare,Mid-Market,analytics,proposal,42317.26,131,74,3,True,0.139,True,The customer delayed the project and has not confirmed a decision timeline.,won,41476.34,Good product fit and timely stakeholder engagement.
OPP-02768,2025-08-08T19:00:00,analyst32@example.com,West,technology,SMB,analytics,qualification,90033.2,36,82,6,True,0.205,False,Discovery is ongoing and the team requested additional product information.,lost,0.0,Budget or timing constraints prevented the purchase.
OPP-02344,2025-11-22T20:19:00,analyst07@example.com,West,technology,Mid-Market,security,proposal,14383.89,143,52,3,True,0.173,True,A strong competitor is already deployed and switching costs are a concern.,lost,0.0,Insufficient stakeholder engagement and unclear business case.
OPP-01017,2025-05-11T03:19:00,analyst48@example.com,West,manufacturing,Enterprise,security,proposal,22787.27,14,63,2,False,0.035,True,Stakeholders are interested but the business case is still being refined. Primary contact: buyer173@example.com.,lost,0.0,Competitor preference and switching costs reduced win likelihood.
OPP-01276,2025-09-30T08:47:00,analyst22@example.com,South,financial_services,Mid-Market,data_platform,negotiation,135363.21,176,15,4,False,0.272,True,Engagement has slowed and the proposal has not received internal sponsorship.,lost,0.0,Budget or timing constraints prevented the purchase.
OPP-00456,2025-09-01T04:38:00,analyst00@example.com,South,healthcare,Mid-Market,automation,discovery,26060.47,159,46,1,True,0.149,False,The customer delayed the project and has not confirmed a decision timeline.,lost,0.0,Competitor preference and switching costs reduced win likelihood.
OPP-00816,2025-11-27T06:38:00,analyst18@example.com,Midwest,manufacturing,Mid-Market,analytics,qualification,17099.28,9,92,0,False,0.278,False,The opportunity remains active but timing depends on the next planning cycle.,won,17489.93,Strong executive sponsorship and clear ROI case.
OPP-02318,2025-09-28T06:34:00,analyst38@example.com,Midwest,technology,SMB,analytics,proposal,20646.98,38,53,6,False,0.112,True,Customer is still comparing alternatives and gathering internal feedback.,won,19146.32,Strong executive sponsorship and clear ROI case.
OPP-00996,2025-12-04T16:16:00,analyst27@example.com,Northeast,healthcare,Mid-Market,automation,qualification,21441.07,110,42,0,True,0.089,False,Engagement has slowed and the proposal has not received internal sponsorship. Primary contact: buyer152@example.com.,lost,0.0,Budget or timing constraints prevented the purchase.
OPP-01982,2025-12-24T03:30:00,analyst44@example.com,South,technology,Mid-Market,automation,negotiation,32004.19,70,27,2,True,0.25,True,The customer delayed the project and has not confirmed a decision timeline.,lost,0.0,Competitor preference and switching costs reduced win likelihood.
OPP-00202,2025-08-31T00:05:00,analyst31@example.com,West,manufacturing,Mid-Market,analytics,proposal,21366.8,52,81,1,False,0.045,True,Decision makers attended the latest meeting and asked for a final proposal. Primary contact: buyer202@example.com.,won,21733.75,Strong executive sponsorship and clear ROI case.
OPP-00162,2025-08-09T01:43:00,analyst48@example.com,Midwest,financial_services,Enterprise,data_platform,qualification,6750.69,41,29,8,False,0.269,False,Engagement has slowed and the proposal has not received internal sponsorship.,lost,0.0,Competitor preference and switching costs reduced win likelihood.
OPP-01580,2025-05-31T23:47:00,analyst41@example.com,West,retail,SMB,data_platform,qualification,9650.23,178,88,9,True,0.043,False,Engagement has slowed and the proposal has not received internal sponsorship.,lost,0.0,Insufficient stakeholder engagement and unclear business case.
OPP-02778,2025-02-18T10:17:00,analyst42@example.com,Northeast,retail,Mid-Market,analytics,negotiation,27390.96,35,15,3,True,0.049,True,Engagement has slowed and the proposal has not received internal sponsorship.,lost,0.0,Competitor preference and switching costs reduced win likelihood.
OPP-02450,2025-02-14T01:04:00,analyst56@example.com,West,healthcare,Mid-Market,security,proposal,36795.32,153,57,1,False,0.033,True,Stakeholders are interested but the business case is still being refined. Primary contact: buyer129@example.com.,lost,0.0,Insufficient stakeholder engagement and unclear business case.
OPP-00703,2025-05-22T00:05:00,analyst19@example.com,South,manufacturing,Mid-Market,automation,discovery,27254.07,135,27,6,False,0.175,True,The customer delayed the project and has not confirmed a decision timeline. Primary contact: buyer070@example.com.,lost,0.0,Competitor preference and switching costs reduced win likelihood.
OPP-01501,2025-06-25T09:17:00,analyst19@example.com,South,financial_services,SMB,analytics,proposal,64451.79,92,32,8,True,0.248,True,A strong competitor is already deployed and switching costs are a concern.,lost,0.0,Insufficient stakeholder engagement and unclear business case.
OPP-01130,2025-10-23T09:49:00,analyst47@example.com,South,retail,SMB,automation,discovery,5000.0,57,44,7,True,0.207,False,The opportunity remains active but timing depends on the next planning cycle.,lost,0.0,Budget or timing constraints prevented the purchase.
OPP-02614,2026-02-12T00:00:00,analyst49@example.com,West,retail,SMB,analytics,negotiation,19858.56,22,50,3,False,0.034,True,Discovery is ongoing and the team requested additional product information.,lost,0.0,Competitor preference and switching costs reduced win likelihood.
OPP-01022,2025-08-04T17:25:00,analyst53@example.com,Northeast,healthcare,Enterprise,analytics,discovery,33215.04,121,54,4,True,0.214,False,A strong competitor is already deployed and switching costs are a concern.,lost,0.0,Insufficient stakeholder engagement and unclear business case.
OPP-01586,2026-01-30T19:05:00,analyst47@example.com,Northeast,technology,Mid-Market,analytics,discovery,11091.34,68,38,3,True,0.236,False,Engagement has slowed and the proposal has not received internal sponsorship.,lost,0.0,Insufficient stakeholder engagement and unclear business case.
OPP-01956,2025-12-04T04:24:00,analyst18@example.com,West,healthcare,SMB,data_platform,negotiation,73940.12,134,73,10,True,0.019,True,Budget is uncertain and the main decision maker has not joined recent meetings.,lost,0.0,Insufficient stakeholder engagement and unclear business case.
OPP-02254,2026-01-08T05:37:00,analyst31@example.com,West,retail,SMB,security,discovery,20220.5,69,82,8,True,0.095,True,Stakeholders are interested but the business case is still being refined.,won,18989.07,Strong executive sponsorship and clear ROI case.
OPP-00035,2025-12-19T21:59:00,analyst35@example.com,West,manufacturing,Mid-Market,security,negotiation,31049.94,121,49,4,True,0.034,True,A strong competitor is already deployed and switching costs are a concern. Primary contact: buyer035@example.com.,lost,0.0,Insufficient stakeholder engagement and unclear business case.
OPP-00776,2025-08-07T15:44:00,analyst35@example.com,South,healthcare,Mid-Market,security,discovery,15711.68,102,34,4,True,0.115,True,Budget is uncertain and the main decision maker has not joined recent meetings.,lost,0.0,Insufficient stakeholder engagement and unclear business case.
OPP-02557,2025-05-03T08:36:00,analyst49@example.com,West,healthcare,SMB,security,discovery,38897.51,128,48,2,True,0.082,True,The customer delayed the project and has not confirmed a decision timeline. Primary contact: buyer025@example.com.,lost,0.0,Insufficient stakeholder engagement and unclear business case.
OPP-01479,2025-06-28T05:44:00,analyst54@example.com,West,technology,SMB,security,discovery,17602.65,77,53,4,True,0.041,False,Stakeholders are interested but the business case is still being refined. Primary contact: buyer002@example.com.,lost,0.0,Budget or timing constraints prevented the purchase.
OPP-01391,2025-03-13T11:12:00,analyst23@example.com,West,manufacturing,Mid-Market,security,proposal,22049.67,162,94,3,True,0.109,True,A strong competitor is already deployed and switching costs are a concern.,won,22431.55,Strong executive sponsorship and clear ROI case.
OPP-02140,2025-01-14T16:32:00,analyst31@example.com,West,technology,SMB,data_platform,qualification,69061.57,53,33,0,False,0.05,False,Budget is uncertain and the main decision maker has not joined recent meetings.,lost,0.0,Competitor preference and switching costs reduced win likelihood.
OPP-01364,2025-10-27T19:30:00,analyst53@example.com,Midwest,retail,SMB,analytics,negotiation,37745.5,87,77,6,False,0.212,True,Budget is approved and procurement has provided a target decision date.,lost,0.0,Budget or timing constraints prevented the purchase.
OPP-02946,2025-03-31T20:14:00,analyst39@example.com,Northeast,manufacturing,Enterprise,security,proposal,47309.91,50,72,9,True,0.203,True,The opportunity remains active but timing depends on the next planning cycle.,lost,0.0,Competitor preference and switching costs reduced win likelihood.
OPP-02613,2025-11-24T00:37:00,analyst48@example.com,West,technology,Enterprise,data_platform,proposal,6762.45,127,21,4,False,0.058,True,A strong competitor is already deployed and switching costs are a concern.,lost,0.0,Insufficient stakeholder engagement and unclear business case.
OPP-02825,2026-01-18T19:04:00,analyst32@example.com,West,manufacturing,SMB,analytics,qualification,48652.63,46,18,8,True,0.06,False,A strong competitor is already deployed and switching costs are a concern.,lost,0.0,Budget or timing constraints prevented the purchase.
OPP-02042,2025-10-13T21:47:00,analyst47@example.com,Northeast,manufacturing,Mid-Market,analytics,negotiation,31036.72,134,77,6,True,0.169,True,A strong competitor is already deployed and switching costs are a concern.,lost,0.0,Insufficient stakeholder engagement and unclear business case.
OPP-00242,2026-01-15T15:50:00,analyst14@example.com,West,retail,SMB,analytics,qualification,38634.38,175,41,7,True,0.269,False,Budget is uncertain and the main decision maker has not joined recent meetings.,lost,0.0,Insufficient stakeholder engagement and unclear business case.
OPP-02062,2025-01-09T18:58:00,analyst10@example.com,Northeast,retail,SMB,security,qualification,46666.26,124,47,0,True,0.031,False,Budget is uncertain and the main decision maker has not joined recent meetings.,lost,0.0,Insufficient stakeholder engagement and unclear business case.
OPP-02364,2025-01-20T11:19:00,analyst27@example.com,Northeast,manufacturing,Enterprise,data_platform,negotiation,37835.72,76,53,1,True,0.095,True,Discovery is ongoing and the team requested additional product information.,won,36423.15,Successful technical evaluation with approved budget.
OPP-00601,2025-01-26T16:38:00,analyst31@example.com,South,healthcare,SMB,analytics,proposal,34642.11,53,20,3,True,0.026,True,The customer delayed the project and has not confirmed a decision timeline.,lost,0.0,Competitor preference and switching costs reduced win likelihood.
OPP-02436,2025-04-09T18:09:00,analyst42@example.com,Midwest,technology,Enterprise,analytics,discovery,54464.67,67,64,1,False,0.009,True,The opportunity remains active but timing depends on the next planning cycle.,won,50761.46,Good product fit and timely stakeholder engagement.
OPP-01298,2025-02-12T17:20:00,analyst44@example.com,South,financial_services,Mid-Market,analytics,discovery,55481.55,170,40,3,True,0.118,False,A strong competitor is already deployed and switching costs are a concern.,lost,0.0,Budget or timing constraints prevented the purchase.
OPP-02215,2025-10-05T20:47:00,analyst49@example.com,Northeast,financial_services,Mid-Market,security,qualification,42906.98,56,92,9,True,0.021,False,Discovery is ongoing and the team requested additional product information.,lost,0.0,Budget or timing constraints prevented the purchase.
OPP-02889,2025-04-26T13:18:00,analyst39@example.com,Midwest,retail,SMB,analytics,negotiation,52825.33,39,58,8,True,0.239,True,Discovery is ongoing and the team requested additional product information.,lost,0.0,Competitor preference and switching costs reduced win likelihood.
OPP-02069,2025-10-18T17:43:00,analyst17@example.com,Northeast,manufacturing,Mid-Market,analytics,discovery,16653.02,96,69,4,True,0.018,True,The customer delayed the project and has not confirmed a decision timeline.,lost,0.0,Budget or timing constraints prevented the purchase.
OPP-00647,2025-11-14T22:31:00,analyst20@example.com,West,technology,Mid-Market,data_platform,proposal,7661.7,114,97,0,False,0.035,True,Budget is approved and procurement has provided a target decision date. Primary contact: buyer014@example.com.,won,7307.53,Successful technical evaluation with approved budget.
OPP-01529,2025-04-19T16:24:00,analyst47@example.com,Midwest,manufacturing,Mid-Market,automation,qualification,15364.11,129,24,4,True,0.171,False,The customer delayed the project and has not confirmed a decision timeline.,lost,0.0,Budget or timing constraints prevented the purchase.
OPP-02880,2025-08-27T02:23:00,analyst30@example.com,West,financial_services,SMB,data_platform,negotiation,28387.09,155,19,2,True,0.203,True,The customer delayed the project and has not confirmed a decision timeline.,lost,0.0,Budget or timing constraints prevented the purchase.
OPP-01268,2025-12-15T06:34:00,analyst14@example.com,West,manufacturing,SMB,analytics,proposal,33784.38,67,23,10,True,0.134,True,Engagement has slowed and the proposal has not received internal sponsorship. Primary contact: buyer002@example.com.,lost,0.0,Insufficient stakeholder engagement and unclear business case.
OPP-01900,2025-12-18T19:23:00,analyst19@example.com,West,  FINANCIAL_SERVICES  ,SMB,automation,discovery,9702.19,51,38,5,False,0.205,False,Budget is uncertain and the main decision maker has not joined recent meetings.,lost,0.0,Budget or timing constraints prevented the purchase.
OPP-00563,2025-10-26T01:36:00,analyst50@example.com,West,technology,Mid-Market,analytics,qualification,59989.23,107,86,3,False,0.033,False,Customer is still comparing alternatives and gathering internal feedback. Primary contact: buyer141@example.com.,won,61458.43,Successful technical evaluation with approved budget.
OPP-02735,2025-03-25T01:32:00,analyst56@example.com,West,manufacturing,Enterprise,data_platform,discovery,18913.76,93,69,6,False,0.012,False,Stakeholders are interested but the business case is still being refined. Primary contact: buyer203@example.com.,won,17445.89,Strong executive sponsorship and clear ROI case.
OPP-00190,2025-04-06T11:22:00,analyst19@example.com,West,financial_services,SMB,analytics,negotiation,44863.03,156,76,9,False,0.051,True,Budget is approved and procurement has provided a target decision date.,won,45616.48,Good product fit and timely stakeholder engagement.
OPP-01807,2025-03-02T08:53:00,analyst40@example.com,Midwest,retail,SMB,data_platform,proposal,16375.89,18,50,9,True,0.243,True,Discovery is ongoing and the team requested additional product information.,lost,0.0,Competitor preference and switching costs reduced win likelihood.
OPP-00976,2026-03-06T07:03:00,analyst07@example.com,Midwest,manufacturing,SMB,data_platform,discovery,25287.88,89,48,4,False,0.086,True,The opportunity remains active but timing depends on the next planning cycle.,won,24848.69,Successful technical evaluation with approved budget.
OPP-02748,2025-03-20T06:27:00,analyst12@example.com,South,healthcare,Mid-Market,analytics,discovery,21530.16,132,41,2,False,0.219,False,The customer delayed the project and has not confirmed a decision timeline.,lost,0.0,Competitor preference and switching costs reduced win likelihood.
OPP-02048,2025-05-20T16:46:00,analyst53@example.com,South,retail,SMB,data_platform,proposal,77499.25,180,57,3,True,0.118,True,A strong competitor is already deployed and switching costs are a concern.,lost,0.0,Budget or timing constraints prevented the purchase.
OPP-02559,2025-12-18T13:26:00,analyst51@example.com,Northeast,manufacturing,SMB,analytics,discovery,23030.83,177,91,4,True,0.03,False,A strong competitor is already deployed and switching costs are a concern.,lost,0.0,Competitor preference and switching costs reduced win likelihood.
OPP-01083,2025-01-03T14:52:00,analyst00@example.com,Midwest,financial_services,SMB,analytics,discovery,10582.44,98,85,6,False,0.113,False,The opportunity remains active but timing depends on the next planning cycle. Primary contact: buyer028@example.com.,won,9841.44,Good product fit and timely stakeholder engagement.
OPP-00475,2026-03-02T01:13:00,analyst19@example.com,South,financial_services,Mid-Market,analytics,proposal,52920.75,39,67,9,True,0.276,True,The opportunity remains active but timing depends on the next planning cycle. Primary contact: buyer053@example.com.,won,51815.38,Strong executive sponsorship and clear ROI case.
OPP-02905,2025-05-14T02:02:00,analyst55@example.com,Northeast,manufacturing,Mid-Market,analytics,discovery,27004.72,163,29,7,True,0.149,True,The customer delayed the project and has not confirmed a decision timeline.,lost,0.0,Insufficient stakeholder engagement and unclear business case.
OPP-00748,2025-02-19T04:12:00,analyst07@example.com,South,financial_services,SMB,automation,negotiation,12803.12,99,88,4,True,0.127,True,A strong competitor is already deployed and switching costs are a concern. Primary contact: buyer115@example.com.,won,12841.48,Good product fit and timely stakeholder engagement.
OPP-02301,2026-01-23T10:58:00,analyst21@example.com,Northeast,retail,Mid-Market,automation,qualification,73465.72,69,50,7,True,0.107,False,Stakeholders are interested but the business case is still being refined.,lost,0.0,Insufficient stakeholder engagement and unclear business case.
OPP-00022,2025-12-05T22:15:00,analyst22@example.com,Midwest,retail,Mid-Market,automation,qualification,38910.12,49,93,9,True,0.153,True,Stakeholders are interested but the business case is still being refined.,won,38599.52,Good product fit and timely stakeholder engagement.
OPP-00460,2025-05-19T19:42:00,analyst04@example.com,South,manufacturing,SMB,data_platform,proposal,26414.52,113,80,2,True,0.144,True,Budget is uncertain and the main decision maker has not joined recent meetings.,lost,0.0,Insufficient stakeholder engagement and unclear business case.
OPP-01185,2025-05-26T22:00:00,analyst45@example.com,West,technology,Enterprise,automation,negotiation,12570.17,169,84,10,False,0.092,True,Executive sponsor is engaged and the buying team confirmed a clear business need.,won,12929.92,Strong executive sponsorship and clear ROI case.
OPP-02325,2025-01-20T01:34:00,analyst45@example.com,Midwest,financial_services,Enterprise,data_platform,proposal,91835.65,48,45,8,False,0.09,True,Customer is still comparing alternatives and gathering internal feedback.,lost,0.0,Insufficient stakeholder engagement and unclear business case.
OPP-00956,2026-01-04T10:00:00,analyst44@example.com,West,manufacturing,Enterprise,automation,qualification,13739.31,145,72,1,False,0.156,False,The opportunity remains active but timing depends on the next planning cycle.,won,13294.49,Strong executive sponsorship and clear ROI case.
OPP-01216,2025-06-11T01:08:00,analyst19@example.com,Midwest,financial_services,Enterprise,analytics,qualification,45737.2,179,43,4,False,0.152,True,Stakeholders are interested but the business case is still being refined.,lost,0.0,Insufficient stakeholder engagement and unclear business case.
OPP-02434,2025-06-06T10:06:00,analyst40@example.com,South,manufacturing,SMB,automation,discovery,82804.15,167,56,7,False,0.056,False,Customer is still comparing alternatives and gathering internal feedback. Primary contact: buyer113@example.com.,lost,0.0,Budget or timing constraints prevented the purchase.
OPP-02854,2026-02-07T19:04:00,analyst04@example.com,South,technology,SMB,data_platform,negotiation,54075.77,156,71,0,False,0.256,True,Discovery is ongoing and the team requested additional product information.,lost,0.0,Budget or timing constraints prevented the purchase.
OPP-01516,2026-01-05T04:28:00,analyst34@example.com,Midwest,retail,Enterprise,automation,negotiation,70499.13,157,61,0,False,0.024,True,Discovery is ongoing and the team requested additional product information.,lost,0.0,Competitor preference and switching costs reduced win likelihood.
OPP-02392,2025-10-23T06:08:00,analyst55@example.com,Northeast,retail,Mid-Market,analytics,qualification,39428.9,34,15,3,False,0.225,True,A strong competitor is already deployed and switching costs are a concern.,lost,0.0,Budget or timing constraints prevented the purchase.
OPP-00770,2025-08-28T14:28:00,analyst29@example.com,West,technology,Mid-Market,data_platform,proposal,41756.75,153,42,8,False,0.081,True,A strong competitor is already deployed and switching costs are a concern.,won,40991.89,Successful technical evaluation with approved budget.
OPP-01686,2025-08-26T23:31:00,analyst33@example.com,South,financial_services,SMB,security,discovery,49943.39,75,22,2,False,0.058,True,The customer delayed the project and has not confirmed a decision timeline. Primary contact: buyer209@example.com.,won,51312.0,Good product fit and timely stakeholder engagement.
OPP-00131,2025-05-25T00:29:00,analyst17@example.com,Northeast,healthcare,Mid-Market,automation,negotiation,51363.31,146,35,5,False,0.268,True,Engagement has slowed and the proposal has not received internal sponsorship.,won,50723.93,Good product fit and timely stakeholder engagement.
OPP-02920,2025-04-06T11:30:00,analyst13@example.com,Northeast,healthcare,SMB,data_platform,proposal,71773.05,140,88,8,True,0.266,True,Engagement has slowed and the proposal has not received internal sponsorship.,won,73557.47,Strong executive sponsorship and clear ROI case.
OPP-02136,2026-01-17T19:25:00,analyst27@example.com,South,technology,SMB,security,negotiation,61678.67,141,43,3,True,0.232,True,The customer delayed the project and has not confirmed a decision timeline.,lost,0.0,Budget or timing constraints prevented the purchase.
OPP-01483,2025-01-17T04:38:00,analyst01@example.com,West,manufacturing,Mid-Market,data_platform,discovery,11879.73,5,88,4,False,0.226,False,Stakeholders are interested but the business case is still being refined.,lost,0.0,Budget or timing constraints prevented the purchase.
OPP-00331,2025-02-01T20:23:00,analyst46@example.com,South,healthcare,SMB,automation,negotiation,19321.08,33,24,0,False,0.212,True,Budget is uncertain and the main decision maker has not joined recent meetings.,lost,0.0,Competitor preference and switching costs reduced win likelihood.
OPP-01239,2025-11-13T11:30:00,analyst42@example.com,Northeast,technology,SMB,automation,discovery,16764.36,175,68,7,False,0.057,False,The opportunity remains active but timing depends on the next planning cycle. Primary contact: buyer184@example.com.,won,17184.33,Strong executive sponsorship and clear ROI case.
OPP-00467,2025-04-19T15:10:00,analyst11@example.com,Northeast,retail,SMB,automation,proposal,16762.42,34,48,3,False,0.12,True,Discovery is ongoing and the team requested additional product information. Primary contact: buyer045@example.com.,won,16581.05,Good product fit and timely stakeholder engagement.
OPP-02170,2025-09-04T18:31:00,analyst04@example.com,South,healthcare,SMB,automation,discovery,70436.42,50,33,7,False,0.254,True,The customer delayed the project and has not confirmed a decision timeline.,lost,0.0,Competitor preference and switching costs reduced win likelihood.
OPP-01639,2026-02-03T04:43:00,analyst43@example.com,Midwest,technology,Enterprise,analytics,proposal,119385.06,133,19,6,False,0.194,True,A strong competitor is already deployed and switching costs are a concern.,lost,0.0,Insufficient stakeholder engagement and unclear business case.
OPP-01096,2025-01-25T00:10:00,analyst13@example.com,South,financial_services,SMB,security,qualification,63139.67,62,29,7,True,0.078,False,Budget is uncertain and the main decision maker has not joined recent meetings.,lost,0.0,Insufficient stakeholder engagement and unclear business case.
OPP-01131,2025-09-05T21:33:00,analyst48@example.com,Midwest,financial_services,SMB,automation,negotiation,62186.64,168,91,0,True,0.1,True,Engagement has slowed and the proposal has not received internal sponsorship.,lost,0.0,Budget or timing constraints prevented the purchase.
OPP-01295,2025-04-24T18:12:00,analyst41@example.com,South,healthcare,Mid-Market,analytics,proposal,9447.7,125,87,1,False,0.108,True,Decision makers attended the latest meeting and asked for a final proposal.,won,9556.28,Good product fit and timely stakeholder engagement.
OPP-00861,2025-04-13T00:17:00,analyst06@example.com,South,retail,SMB,automation,qualification,28270.85,34,33,6,True,0.042,True,Engagement has slowed and the proposal has not received internal sponsorship.,lost,0.0,Insufficient stakeholder engagement and unclear business case.
